cell_id,n,theta_mean_gap,mean_gap,cv,true_theta,true_mu,true_sigma,floor_fraction,floor_cv_threshold,rep,seed_entropy,seed_spawn_key,gap_spawn_key,path_spawn_key,bit_generator,phase,family,target_mean_gap,requested_cv,floor_applied,floor_value,clip_count,clip_fraction,raw_mean_gap,realized_mean_gap,raw_cv,realized_cv,realized_span,min_gap,expected_mean_gap_after_floor,expected_clip_fraction,simulation_success,simulation_error,theta,mu,sigma,nll,success,nit,status,message,n_starts,n_finite,n_successful,selected_start,best_nll,objective_gap,objective_tolerance,estimator,initial_success,retried,attempted_starts,error
15b77182099f13c8b05019e60d7b0551195bf5a63e9c1526502df2ff0963cad4,250,0.1,0.1,0.0,1.0,0.0,0.5,1e-06,1.5,0,20260910,"[364343682,161420232,2958039526,226166097,425457062,1050416422,1345188607,157534932,0]","[364343682,161420232,2958039526,226166097,425457062,1050416422,1345188607,157534932,0,0]","[364343682,161420232,2958039526,226166097,425457062,1050416422,1345188607,157534932,0,1]",PCG64,smoke,equidistant,0.1,0.0,False,0.0,0,0.0,0.1,0.1,0.0,0.0,24.900000000000002,0.1,0.1,0.0,True,,1.3858688921511213,-0.04473466872929344,0.5255953428842387,-110.37463386463497,True,8,0,CONVERGENCE: RELATIVE REDUCTION OF F <= FACTR*EPSMCH,3,3,3,0,-110.37463386463497,0.0,2.1037463386463498e-08,exact,True,False,3,
15b77182099f13c8b05019e60d7b0551195bf5a63e9c1526502df2ff0963cad4,250,0.1,0.1,0.0,1.0,0.0,0.5,1e-06,1.5,0,20260910,"[364343682,161420232,2958039526,226166097,425457062,1050416422,1345188607,157534932,0]","[364343682,161420232,2958039526,226166097,425457062,1050416422,1345188607,157534932,0,0]","[364343682,161420232,2958039526,226166097,425457062,1050416422,1345188607,157534932,0,1]",PCG64,smoke,equidistant,0.1,0.0,False,0.0,0,0.0,0.1,0.1,0.0,0.0,24.900000000000002,0.1,0.1,0.0,True,,1.3858688702242128,-0.04473466047276318,0.5255953423524415,-110.37463386463499,True,8,0,CONVERGENCE: RELATIVE REDUCTION OF F <= FACTR*EPSMCH,3,3,3,0,-110.37463386463499,0.0,2.1037463386463498e-08,pfml,True,False,3,
15b77182099f13c8b05019e60d7b0551195bf5a63e9c1526502df2ff0963cad4,250,0.1,0.1,0.0,1.0,0.0,0.5,1e-06,1.5,0,20260910,"[364343682,161420232,2958039526,226166097,425457062,1050416422,1345188607,157534932,0]","[364343682,161420232,2958039526,226166097,425457062,1050416422,1345188607,157534932,0,0]","[364343682,161420232,2958039526,226166097,425457062,1050416422,1345188607,157534932,0,1]",PCG64,smoke,equidistant,0.1,0.0,False,0.0,0,0.0,0.1,0.1,0.0,0.0,24.900000000000002,0.1,0.1,0.0,True,,1.2941239687178034,-0.04473467001885874,0.49119326176654593,-110.37463386463494,True,10,0,CONVERGENCE: RELATIVE REDUCTION OF F <= FACTR*EPSMCH,3,3,3,0,-110.37463386463494,0.0,2.1037463386463498e-08,euler,True,False,3,
15b77182099f13c8b05019e60d7b0551195bf5a63e9c1526502df2ff0963cad4,250,0.1,0.1,0.0,1.0,0.0,0.5,1e-06,1.5,1,20260910,"[364343682,161420232,2958039526,226166097,425457062,1050416422,1345188607,157534932,1]","[364343682,161420232,2958039526,226166097,425457062,1050416422,1345188607,157534932,1,0]","[364343682,161420232,2958039526,226166097,425457062,1050416422,1345188607,157534932,1,1]",PCG64,smoke,equidistant,0.1,0.0,False,0.0,0,0.0,0.1,0.1,0.0,0.0,24.900000000000002,0.1,0.1,0.0,True,,0.950470317198432,0.08955424476146781,0.4964757011456966,-119.35707061940491,True,15,0,CONVERGENCE: NORM OF PROJECTED GRADIENT <= PGTOL,3,3,3,1,-119.35707061940491,0.0,2.193570706194049e-08,exact,True,False,3,
15b77182099f13c8b05019e60d7b0551195bf5a63e9c1526502df2ff0963cad4,250,0.1,0.1,0.0,1.0,0.0,0.5,1e-06,1.5,1,20260910,"[364343682,161420232,2958039526,226166097,425457062,1050416422,1345188607,157534932,1]","[364343682,161420232,2958039526,226166097,425457062,1050416422,1345188607,157534932,1,0]","[364343682,161420232,2958039526,226166097,425457062,1050416422,1345188607,157534932,1,1]",PCG64,smoke,equidistant,0.1,0.0,False,0.0,0,0.0,0.1,0.1,0.0,0.0,24.900000000000002,0.1,0.1,0.0,True,,0.9504703847039282,0.0895542371839486,0.4964757003789547,-119.35707061940454,True,15,0,CONVERGENCE: RELATIVE REDUCTION OF F <= FACTR*EPSMCH,3,3,3,1,-119.35707061940454,0.0,2.1935707061940457e-08,pfml,True,False,3,
15b77182099f13c8b05019e60d7b0551195bf5a63e9c1526502df2ff0963cad4,250,0.1,0.1,0.0,1.0,0.0,0.5,1e-06,1.5,1,20260910,"[364343682,161420232,2958039526,226166097,425457062,1050416422,1345188607,157534932,1]","[364343682,161420232,2958039526,226166097,425457062,1050416422,1345188607,157534932,1,0]","[364343682,161420232,2958039526,226166097,425457062,1050416422,1345188607,157534932,1,1]",PCG64,smoke,equidistant,0.1,0.0,False,0.0,0,0.0,0.1,0.1,0.0,0.0,24.900000000000002,0.1,0.1,0.0,True,,0.9066982868470068,0.08955425667282094,0.47378973384264156,-119.35707061940494,True,14,0,CONVERGENCE: RELATIVE REDUCTION OF F <= FACTR*EPSMCH,3,3,3,1,-119.35707061940494,0.0,2.1935707061940497e-08,euler,True,False,3,
15b77182099f13c8b05019e60d7b0551195bf5a63e9c1526502df2ff0963cad4,250,0.1,0.1,0.0,1.0,0.0,0.5,1e-06,1.5,2,20260910,"[364343682,161420232,2958039526,226166097,425457062,1050416422,1345188607,157534932,2]","[364343682,161420232,2958039526,226166097,425457062,1050416422,1345188607,157534932,2,0]","[364343682,161420232,2958039526,226166097,425457062,1050416422,1345188607,157534932,2,1]",PCG64,smoke,equidistant,0.1,0.0,False,0.0,0,0.0,0.1,0.1,0.0,0.0,24.900000000000002,0.1,0.1,0.0,True,,1.5712641096651048,0.01580201858000685,0.47985825891774103,-135.23838549362404,True,14,0,CONVERGENCE: RELATIVE REDUCTION OF F <= FACTR*EPSMCH,3,3,3,1,-135.23838549362404,0.0,2.3523838549362403e-08,exact,True,False,3,
15b77182099f13c8b05019e60d7b0551195bf5a63e9c1526502df2ff0963cad4,250,0.1,0.1,0.0,1.0,0.0,0.5,1e-06,1.5,2,20260910,"[364343682,161420232,2958039526,226166097,425457062,1050416422,1345188607,157534932,2]","[364343682,161420232,2958039526,226166097,425457062,1050416422,1345188607,157534932,2,0]","[364343682,161420232,2958039526,226166097,425457062,1050416422,1345188607,157534932,2,1]",PCG64,smoke,equidistant,0.1,0.0,False,0.0,0,0.0,0.1,0.1,0.0,0.0,24.900000000000002,0.1,0.1,0.0,True,,1.5712643109332547,0.015802045051464944,0.47985825366825413,-135.2383854936241,True,8,0,CONVERGENCE: RELATIVE REDUCTION OF F <= FACTR*EPSMCH,3,3,3,0,-135.2383854936241,0.0,2.352383854936241e-08,pfml,True,False,3,
15b77182099f13c8b05019e60d7b0551195bf5a63e9c1526502df2ff0963cad4,250,0.1,0.1,0.0,1.0,0.0,0.5,1e-06,1.5,2,20260910,"[364343682,161420232,2958039526,226166097,425457062,1050416422,1345188607,157534932,2]","[364343682,161420232,2958039526,226166097,425457062,1050416422,1345188607,157534932,2,0]","[364343682,161420232,2958039526,226166097,425457062,1050416422,1345188607,157534932,2,1]",PCG64,smoke,equidistant,0.1,0.0,False,0.0,0,0.0,0.1,0.1,0.0,0.0,24.900000000000002,0.1,0.1,0.0,True,,1.4540397709407826,0.01580204456660254,0.44451474850427775,-135.2383854936242,True,12,0,CONVERGENCE: RELATIVE REDUCTION OF F <= FACTR*EPSMCH,3,3,3,2,-135.2383854936242,0.0,2.3523838549362422e-08,euler,True,False,3,
15b77182099f13c8b05019e60d7b0551195bf5a63e9c1526502df2ff0963cad4,250,0.1,0.1,0.0,1.0,0.0,0.5,1e-06,1.5,3,20260910,"[364343682,161420232,2958039526,226166097,425457062,1050416422,1345188607,157534932,3]","[364343682,161420232,2958039526,226166097,425457062,1050416422,1345188607,157534932,3,0]","[364343682,161420232,2958039526,226166097,425457062,1050416422,1345188607,157534932,3,1]",PCG64,smoke,equidistant,0.1,0.0,False,0.0,0,0.0,0.1,0.1,0.0,0.0,24.900000000000002,0.1,0.1,0.0,True,,1.067097977694608,-0.08678633322002846,0.5055514523953789,-116.24958977713995,True,14,0,CONVERGENCE: RELATIVE REDUCTION OF F <= FACTR*EPSMCH,3,3,3,1,-116.24958977713995,0.0,2.1624958977713994e-08,exact,True,False,3,
15b77182099f13c8b05019e60d7b0551195bf5a63e9c1526502df2ff0963cad4,250,0.1,0.1,0.0,1.0,0.0,0.5,1e-06,1.5,3,20260910,"[364343682,161420232,2958039526,226166097,425457062,1050416422,1345188607,157534932,3]","[364343682,161420232,2958039526,226166097,425457062,1050416422,1345188607,157534932,3,0]","[364343682,161420232,2958039526,226166097,425457062,1050416422,1345188607,157534932,3,1]",PCG64,smoke,equidistant,0.1,0.0,False,0.0,0,0.0,0.1,0.1,0.0,0.0,24.900000000000002,0.1,0.1,0.0,True,,1.067098074000325,-0.08678628251132456,0.505551448727959,-116.24958977713997,True,10,0,CONVERGENCE: RELATIVE REDUCTION OF F <= FACTR*EPSMCH,3,3,3,0,-116.24958977713997,0.0,2.1624958977713998e-08,pfml,True,False,3,
15b77182099f13c8b05019e60d7b0551195bf5a63e9c1526502df2ff0963cad4,250,0.1,0.1,0.0,1.0,0.0,0.5,1e-06,1.5,3,20260910,"[364343682,161420232,2958039526,226166097,425457062,1050416422,1345188607,157534932,3]","[364343682,161420232,2958039526,226166097,425457062,1050416422,1345188607,157534932,3,0]","[364343682,161420232,2958039526,226166097,425457062,1050416422,1345188607,157534932,3,1]",PCG64,smoke,equidistant,0.1,0.0,False,0.0,0,0.0,0.1,0.1,0.0,0.0,24.900000000000002,0.1,0.1,0.0,True,,1.012135334588324,-0.08678626952459345,0.47973960234995217,-116.24958977714012,True,10,0,CONVERGENCE: RELATIVE REDUCTION OF F <= FACTR*EPSMCH,3,3,3,0,-116.24958977714012,0.0,2.1624958977714014e-08,euler,True,False,3,
15b77182099f13c8b05019e60d7b0551195bf5a63e9c1526502df2ff0963cad4,250,0.1,0.1,0.0,1.0,0.0,0.5,1e-06,1.5,4,20260910,"[364343682,161420232,2958039526,226166097,425457062,1050416422,1345188607,157534932,4]","[364343682,161420232,2958039526,226166097,425457062,1050416422,1345188607,157534932,4,0]","[364343682,161420232,2958039526,226166097,425457062,1050416422,1345188607,157534932,4,1]",PCG64,smoke,equidistant,0.1,0.0,False,0.0,0,0.0,0.1,0.1,0.0,0.0,24.900000000000002,0.1,0.1,0.0,True,,1.6467345824482078,-0.14114535284280472,0.5393997255255071,-107.00311173422068,True,10,0,CONVERGENCE: RELATIVE REDUCTION OF F <= FACTR*EPSMCH,3,3,3,2,-107.00311173422068,0.0,2.0700311173422068e-08,exact,True,False,3,
15b77182099f13c8b05019e60d7b0551195bf5a63e9c1526502df2ff0963cad4,250,0.1,0.1,0.0,1.0,0.0,0.5,1e-06,1.5,4,20260910,"[364343682,161420232,2958039526,226166097,425457062,1050416422,1345188607,157534932,4]","[364343682,161420232,2958039526,226166097,425457062,1050416422,1345188607,157534932,4,0]","[364343682,161420232,2958039526,226166097,425457062,1050416422,1345188607,157534932,4,1]",PCG64,smoke,equidistant,0.1,0.0,False,0.0,0,0.0,0.1,0.1,0.0,0.0,24.900000000000002,0.1,0.1,0.0,True,,1.646734616239176,-0.14114534845162185,0.5393997267496378,-107.00311173422065,True,10,0,CONVERGENCE: RELATIVE REDUCTION OF F <= FACTR*EPSMCH,3,3,3,2,-107.00311173422065,0.0,2.0700311173422065e-08,pfml,True,False,3,
15b77182099f13c8b05019e60d7b0551195bf5a63e9c1526502df2ff0963cad4,250,0.1,0.1,0.0,1.0,0.0,0.5,1e-06,1.5,4,20260910,"[364343682,161420232,2958039526,226166097,425457062,1050416422,1345188607,157534932,4]","[364343682,161420232,2958039526,226166097,425457062,1050416422,1345188607,157534932,4,0]","[364343682,161420232,2958039526,226166097,425457062,1050416422,1345188607,157534932,4,1]",PCG64,smoke,equidistant,0.1,0.0,False,0.0,0,0.0,0.1,0.1,0.0,0.0,24.900000000000002,0.1,0.1,0.0,True,,1.5182938793646261,-0.14114535712288706,0.4978893743130676,-107.00311173422062,True,14,0,CONVERGENCE: RELATIVE REDUCTION OF F <= FACTR*EPSMCH,3,3,3,1,-107.00311173422062,0.0,2.0700311173422065e-08,euler,True,False,3,
15b77182099f13c8b05019e60d7b0551195bf5a63e9c1526502df2ff0963cad4,250,0.1,0.1,0.0,1.0,0.0,0.5,1e-06,1.5,5,20260910,"[364343682,161420232,2958039526,226166097,425457062,1050416422,1345188607,157534932,5]","[364343682,161420232,2958039526,226166097,425457062,1050416422,1345188607,157534932,5,0]","[364343682,161420232,2958039526,226166097,425457062,1050416422,1345188607,157534932,5,1]",PCG64,smoke,equidistant,0.1,0.0,False,0.0,0,0.0,0.1,0.1,0.0,0.0,24.900000000000002,0.1,0.1,0.0,True,,1.7140560430028644,-0.03921042261522723,0.5590734796194913,-98.87422346805312,True,10,0,CONVERGENCE: RELATIVE REDUCTION OF F <= FACTR*EPSMCH,3,3,3,2,-98.87422346805312,0.0,1.9887422346805312e-08,exact,True,False,3,
15b77182099f13c8b05019e60d7b0551195bf5a63e9c1526502df2ff0963cad4,250,0.1,0.1,0.0,1.0,0.0,0.5,1e-06,1.5,5,20260910,"[364343682,161420232,2958039526,226166097,425457062,1050416422,1345188607,157534932,5]","[364343682,161420232,2958039526,226166097,425457062,1050416422,1345188607,157534932,5,0]","[364343682,161420232,2958039526,226166097,425457062,1050416422,1345188607,157534932,5,1]",PCG64,smoke,equidistant,0.1,0.0,False,0.0,0,0.0,0.1,0.1,0.0,0.0,24.900000000000002,0.1,0.1,0.0,True,,1.7140560809516052,-0.03921042065722794,0.5590734814912035,-98.87422346805315,True,10,0,CONVERGENCE: RELATIVE REDUCTION OF F <= FACTR*EPSMCH,3,3,3,2,-98.87422346805315,0.0,1.9887422346805315e-08,pfml,True,False,3,
15b77182099f13c8b05019e60d7b0551195bf5a63e9c1526502df2ff0963cad4,250,0.1,0.1,0.0,1.0,0.0,0.5,1e-06,1.5,5,20260910,"[364343682,161420232,2958039526,226166097,425457062,1050416422,1345188607,157534932,5]","[364343682,161420232,2958039526,226166097,425457062,1050416422,1345188607,157534932,5,0]","[364343682,161420232,2958039526,226166097,425457062,1050416422,1345188607,157534932,5,1]",PCG64,smoke,equidistant,0.1,0.0,False,0.0,0,0.0,0.1,0.1,0.0,0.0,24.900000000000002,0.1,0.1,0.0,True,,1.5752019551493803,-0.03921043950996198,0.5144117743826342,-98.87422346805312,True,13,0,CONVERGENCE: RELATIVE REDUCTION OF F <= FACTR*EPSMCH,3,3,3,1,-98.87422346805312,0.0,1.9887422346805312e-08,euler,True,False,3,
15b77182099f13c8b05019e60d7b0551195bf5a63e9c1526502df2ff0963cad4,250,0.1,0.1,0.0,1.0,0.0,0.5,1e-06,1.5,6,20260910,"[364343682,161420232,2958039526,226166097,425457062,1050416422,1345188607,157534932,6]","[364343682,161420232,2958039526,226166097,425457062,1050416422,1345188607,157534932,6,0]","[364343682,161420232,2958039526,226166097,425457062,1050416422,1345188607,157534932,6,1]",PCG64,smoke,equidistant,0.1,0.0,False,0.0,0,0.0,0.1,0.1,0.0,0.0,24.900000000000002,0.1,0.1,0.0,True,,0.8548735296234728,0.04129011598161798,0.5001475385067823,-116.36790183577122,True,15,0,CONVERGENCE: RELATIVE REDUCTION OF F <= FACTR*EPSMCH,3,3,3,1,-116.36790183577122,0.0,2.1636790183577123e-08,exact,True,False,3,
15b77182099f13c8b05019e60d7b0551195bf5a63e9c1526502df2ff0963cad4,250,0.1,0.1,0.0,1.0,0.0,0.5,1e-06,1.5,6,20260910,"[364343682,161420232,2958039526,226166097,425457062,1050416422,1345188607,157534932,6]","[364343682,161420232,2958039526,226166097,425457062,1050416422,1345188607,157534932,6,0]","[364343682,161420232,2958039526,226166097,425457062,1050416422,1345188607,157534932,6,1]",PCG64,smoke,equidistant,0.1,0.0,False,0.0,0,0.0,0.1,0.1,0.0,0.0,24.900000000000002,0.1,0.1,0.0,True,,0.854873625723945,0.04129009816803942,0.500147541815888,-116.36790183577114,True,15,0,CONVERGENCE: RELATIVE REDUCTION OF F <= FACTR*EPSMCH,3,3,3,1,-116.36790183577114,0.0,2.1636790183577116e-08,pfml,True,False,3,
15b77182099f13c8b05019e60d7b0551195bf5a63e9c1526502df2ff0963cad4,250,0.1,0.1,0.0,1.0,0.0,0.5,1e-06,1.5,6,20260910,"[364343682,161420232,2958039526,226166097,425457062,1050416422,1345188607,157534932,6]","[364343682,161420232,2958039526,226166097,425457062,1050416422,1345188607,157534932,6,0]","[364343682,161420232,2958039526,226166097,425457062,1050416422,1345188607,157534932,6,1]",PCG64,smoke,equidistant,0.1,0.0,False,0.0,0,0.0,0.1,0.1,0.0,0.0,24.900000000000002,0.1,0.1,0.0,True,,0.8193524739897885,0.041290118876934914,0.47951171077568844,-116.36790183577125,True,12,0,CONVERGENCE: RELATIVE REDUCTION OF F <= FACTR*EPSMCH,3,3,3,2,-116.36790183577125,0.0,2.1636790183577126e-08,euler,True,False,3,
15b77182099f13c8b05019e60d7b0551195bf5a63e9c1526502df2ff0963cad4,250,0.1,0.1,0.0,1.0,0.0,0.5,1e-06,1.5,7,20260910,"[364343682,161420232,2958039526,226166097,425457062,1050416422,1345188607,157534932,7]","[364343682,161420232,2958039526,226166097,425457062,1050416422,1345188607,157534932,7,0]","[364343682,161420232,2958039526,226166097,425457062,1050416422,1345188607,157534932,7,1]",PCG64,smoke,equidistant,0.1,0.0,False,0.0,0,0.0,0.1,0.1,0.0,0.0,24.900000000000002,0.1,0.1,0.0,True,,1.1771604696400584,0.10372705853676314,0.5061844211050034,-117.2570904578561,True,14,0,CONVERGENCE: RELATIVE REDUCTION OF F <= FACTR*EPSMCH,3,3,3,1,-117.2570904578561,0.0,2.172570904578561e-08,exact,True,False,3,
15b77182099f13c8b05019e60d7b0551195bf5a63e9c1526502df2ff0963cad4,250,0.1,0.1,0.0,1.0,0.0,0.5,1e-06,1.5,7,20260910,"[364343682,161420232,2958039526,226166097,425457062,1050416422,1345188607,157534932,7]","[364343682,161420232,2958039526,226166097,425457062,1050416422,1345188607,157534932,7,0]","[364343682,161420232,2958039526,226166097,425457062,1050416422,1345188607,157534932,7,1]",PCG64,smoke,equidistant,0.1,0.0,False,0.0,0,0.0,0.1,0.1,0.0,0.0,24.900000000000002,0.1,0.1,0.0,True,,1.1771606934724308,0.1037270598145129,0.5061844289734121,-117.25709045785578,True,14,0,CONVERGENCE: RELATIVE REDUCTION OF F <= FACTR*EPSMCH,3,3,3,1,-117.25709045785578,0.0,2.172570904578558e-08,pfml,True,False,3,
15b77182099f13c8b05019e60d7b0551195bf5a63e9c1526502df2ff0963cad4,250,0.1,0.1,0.0,1.0,0.0,0.5,1e-06,1.5,7,20260910,"[364343682,161420232,2958039526,226166097,425457062,1050416422,1345188607,157534932,7]","[364343682,161420232,2958039526,226166097,425457062,1050416422,1345188607,157534932,7,0]","[364343682,161420232,2958039526,226166097,425457062,1050416422,1345188607,157534932,7,1]",PCG64,smoke,equidistant,0.1,0.0,False,0.0,0,0.0,0.1,0.1,0.0,0.0,24.900000000000002,0.1,0.1,0.0,True,,1.1105156147257567,0.10372707093195044,0.4778024081314357,-117.25709045785614,True,14,0,CONVERGENCE: RELATIVE REDUCTION OF F <= FACTR*EPSMCH,3,3,3,1,-117.25709045785614,0.0,2.1725709045785614e-08,euler,True,False,3,
15b77182099f13c8b05019e60d7b0551195bf5a63e9c1526502df2ff0963cad4,250,0.1,0.1,0.0,1.0,0.0,0.5,1e-06,1.5,8,20260910,"[364343682,161420232,2958039526,226166097,425457062,1050416422,1345188607,157534932,8]","[364343682,161420232,2958039526,226166097,425457062,1050416422,1345188607,157534932,8,0]","[364343682,161420232,2958039526,226166097,425457062,1050416422,1345188607,157534932,8,1]",PCG64,smoke,equidistant,0.1,0.0,False,0.0,0,0.0,0.1,0.1,0.0,0.0,24.900000000000002,0.1,0.1,0.0,True,,1.0612441407618267,-0.05889951490120969,0.4878751312564036,-125.04127833048864,True,15,0,CONVERGENCE: RELATIVE REDUCTION OF F <= FACTR*EPSMCH,3,3,3,1,-125.04127833048864,0.0,2.2504127833048865e-08,exact,True,False,3,
15b77182099f13c8b05019e60d7b0551195bf5a63e9c1526502df2ff0963cad4,250,0.1,0.1,0.0,1.0,0.0,0.5,1e-06,1.5,8,20260910,"[364343682,161420232,2958039526,226166097,425457062,1050416422,1345188607,157534932,8]","[364343682,161420232,2958039526,226166097,425457062,1050416422,1345188607,157534932,8,0]","[364343682,161420232,2958039526,226166097,425457062,1050416422,1345188607,157534932,8,1]",PCG64,smoke,equidistant,0.1,0.0,False,0.0,0,0.0,0.1,0.1,0.0,0.0,24.900000000000002,0.1,0.1,0.0,True,,1.0612442702772746,-0.0588995199540004,0.4878751389532673,-125.04127833048861,True,15,0,CONVERGENCE: RELATIVE REDUCTION OF F <= FACTR*EPSMCH,3,3,3,1,-125.04127833048861,0.0,2.2504127833048862e-08,pfml,True,False,3,
15b77182099f13c8b05019e60d7b0551195bf5a63e9c1526502df2ff0963cad4,250,0.1,0.1,0.0,1.0,0.0,0.5,1e-06,1.5,8,20260910,"[364343682,161420232,2958039526,226166097,425457062,1050416422,1345188607,157534932,8]","[364343682,161420232,2958039526,226166097,425457062,1050416422,1345188607,157534932,8,0]","[364343682,161420232,2958039526,226166097,425457062,1050416422,1345188607,157534932,8,1]",PCG64,smoke,equidistant,0.1,0.0,False,0.0,0,0.0,0.1,0.1,0.0,0.0,24.900000000000002,0.1,0.1,0.0,True,,1.0068724344771418,-0.058899567821618634,0.4630965138149633,-125.04127833048858,True,11,0,CONVERGENCE: RELATIVE REDUCTION OF F <= FACTR*EPSMCH,3,3,3,2,-125.04127833048858,0.0,2.250412783304886e-08,euler,True,False,3,
15b77182099f13c8b05019e60d7b0551195bf5a63e9c1526502df2ff0963cad4,250,0.1,0.1,0.0,1.0,0.0,0.5,1e-06,1.5,9,20260910,"[364343682,161420232,2958039526,226166097,425457062,1050416422,1345188607,157534932,9]","[364343682,161420232,2958039526,226166097,425457062,1050416422,1345188607,157534932,9,0]","[364343682,161420232,2958039526,226166097,425457062,1050416422,1345188607,157534932,9,1]",PCG64,smoke,equidistant,0.1,0.0,False,0.0,0,0.0,0.1,0.1,0.0,0.0,24.900000000000002,0.1,0.1,0.0,True,,0.948997464424555,0.22493002960866904,0.5220105732473531,-106.85113795847369,True,13,0,CONVERGENCE: RELATIVE REDUCTION OF F <= FACTR*EPSMCH,3,3,3,2,-106.85113795847369,0.0,2.068511379584737e-08,exact,True,False,3,
15b77182099f13c8b05019e60d7b0551195bf5a63e9c1526502df2ff0963cad4,250,0.1,0.1,0.0,1.0,0.0,0.5,1e-06,1.5,9,20260910,"[364343682,161420232,2958039526,226166097,425457062,1050416422,1345188607,157534932,9]","[364343682,161420232,2958039526,226166097,425457062,1050416422,1345188607,157534932,9,0]","[364343682,161420232,2958039526,226166097,425457062,1050416422,1345188607,157534932,9,1]",PCG64,smoke,equidistant,0.1,0.0,False,0.0,0,0.0,0.1,0.1,0.0,0.0,24.900000000000002,0.1,0.1,0.0,True,,0.9489974239129237,0.22493000456970993,0.5220105691329743,-106.85113795847366,True,13,0,CONVERGENCE: RELATIVE REDUCTION OF F <= FACTR*EPSMCH,3,3,3,2,-106.85113795847366,0.0,2.0685113795847364e-08,pfml,True,False,3,
15b77182099f13c8b05019e60d7b0551195bf5a63e9c1526502df2ff0963cad4,250,0.1,0.1,0.0,1.0,0.0,0.5,1e-06,1.5,9,20260910,"[364343682,161420232,2958039526,226166097,425457062,1050416422,1345188607,157534932,9]","[364343682,161420232,2958039526,226166097,425457062,1050416422,1345188607,157534932,9,0]","[364343682,161420232,2958039526,226166097,425457062,1050416422,1345188607,157534932,9,1]",PCG64,smoke,equidistant,0.1,0.0,False,0.0,0,0.0,0.1,0.1,0.0,0.0,24.900000000000002,0.1,0.1,0.0,True,,0.9053590205205511,0.22493005343564582,0.498193349829958,-106.85113795847374,True,12,0,CONVERGENCE: RELATIVE REDUCTION OF F <= FACTR*EPSMCH,3,3,3,2,-106.85113795847374,0.0,2.0685113795847374e-08,euler,True,False,3,
15b77182099f13c8b05019e60d7b0551195bf5a63e9c1526502df2ff0963cad4,250,0.1,0.1,0.0,1.0,0.0,0.5,1e-06,1.5,10,20260910,"[364343682,161420232,2958039526,226166097,425457062,1050416422,1345188607,157534932,10]","[364343682,161420232,2958039526,226166097,425457062,1050416422,1345188607,157534932,10,0]","[364343682,161420232,2958039526,226166097,425457062,1050416422,1345188607,157534932,10,1]",PCG64,smoke,equidistant,0.1,0.0,False,0.0,0,0.0,0.1,0.1,0.0,0.0,24.900000000000002,0.1,0.1,0.0,True,,0.5863969614491655,-0.05783551761360679,0.46482842950825015,-131.34108928308973,True,13,0,CONVERGENCE: RELATIVE REDUCTION OF F <= FACTR*EPSMCH,3,3,3,2,-131.34108928308973,0.0,2.3134108928308973e-08,exact,True,False,3,
15b77182099f13c8b05019e60d7b0551195bf5a63e9c1526502df2ff0963cad4,250,0.1,0.1,0.0,1.0,0.0,0.5,1e-06,1.5,10,20260910,"[364343682,161420232,2958039526,226166097,425457062,1050416422,1345188607,157534932,10]","[364343682,161420232,2958039526,226166097,425457062,1050416422,1345188607,157534932,10,0]","[364343682,161420232,2958039526,226166097,425457062,1050416422,1345188607,157534932,10,1]",PCG64,smoke,equidistant,0.1,0.0,False,0.0,0,0.0,0.1,0.1,0.0,0.0,24.900000000000002,0.1,0.1,0.0,True,,0.5863969625744712,-0.057835467289653754,0.4648284166380596,-131.3410892830897,True,19,0,CONVERGENCE: RELATIVE REDUCTION OF F <= FACTR*EPSMCH,3,3,3,1,-131.3410892830897,0.0,2.313410892830897e-08,pfml,True,False,3,
15b77182099f13c8b05019e60d7b0551195bf5a63e9c1526502df2ff0963cad4,250,0.1,0.1,0.0,1.0,0.0,0.5,1e-06,1.5,10,20260910,"[364343682,161420232,2958039526,226166097,425457062,1050416422,1345188607,157534932,10]","[364343682,161420232,2958039526,226166097,425457062,1050416422,1345188607,157534932,10,0]","[364343682,161420232,2958039526,226166097,425457062,1050416422,1345188607,157534932,10,1]",PCG64,smoke,equidistant,0.1,0.0,False,0.0,0,0.0,0.1,0.1,0.0,0.0,24.900000000000002,0.1,0.1,0.0,True,,0.5695350531729029,-0.05783546025763855,0.45152693478912054,-131.34108928308967,True,18,0,CONVERGENCE: RELATIVE REDUCTION OF F <= FACTR*EPSMCH,3,3,3,1,-131.34108928308967,0.0,2.313410892830897e-08,euler,True,False,3,
15b77182099f13c8b05019e60d7b0551195bf5a63e9c1526502df2ff0963cad4,250,0.1,0.1,0.0,1.0,0.0,0.5,1e-06,1.5,11,20260910,"[364343682,161420232,2958039526,226166097,425457062,1050416422,1345188607,157534932,11]","[364343682,161420232,2958039526,226166097,425457062,1050416422,1345188607,157534932,11,0]","[364343682,161420232,2958039526,226166097,425457062,1050416422,1345188607,157534932,11,1]",PCG64,smoke,equidistant,0.1,0.0,False,0.0,0,0.0,0.1,0.1,0.0,0.0,24.900000000000002,0.1,0.1,0.0,True,,1.3194494742127452,-0.004153778755553747,0.49665007138644063,-123.68978307438456,True,11,0,CONVERGENCE: RELATIVE REDUCTION OF F <= FACTR*EPSMCH,3,3,3,2,-123.68978307438456,0.0,2.2368978307438456e-08,exact,True,False,3,
15b77182099f13c8b05019e60d7b0551195bf5a63e9c1526502df2ff0963cad4,250,0.1,0.1,0.0,1.0,0.0,0.5,1e-06,1.5,11,20260910,"[364343682,161420232,2958039526,226166097,425457062,1050416422,1345188607,157534932,11]","[364343682,161420232,2958039526,226166097,425457062,1050416422,1345188607,157534932,11,0]","[364343682,161420232,2958039526,226166097,425457062,1050416422,1345188607,157534932,11,1]",PCG64,smoke,equidistant,0.1,0.0,False,0.0,0,0.0,0.1,0.1,0.0,0.0,24.900000000000002,0.1,0.1,0.0,True,,1.3194498274510613,-0.0041537861640843195,0.4966500797292869,-123.68978307438495,True,7,0,CONVERGENCE: RELATIVE REDUCTION OF F <= FACTR*EPSMCH,3,3,3,0,-123.68978307438495,0.0,2.2368978307438496e-08,pfml,True,False,3,
15b77182099f13c8b05019e60d7b0551195bf5a63e9c1526502df2ff0963cad4,250,0.1,0.1,0.0,1.0,0.0,0.5,1e-06,1.5,11,20260910,"[364343682,161420232,2958039526,226166097,425457062,1050416422,1345188607,157534932,11]","[364343682,161420232,2958039526,226166097,425457062,1050416422,1345188607,157534932,11,0]","[364343682,161420232,2958039526,226166097,425457062,1050416422,1345188607,157534932,11,1]",PCG64,smoke,equidistant,0.1,0.0,False,0.0,0,0.0,0.1,0.1,0.0,0.0,24.900000000000002,0.1,0.1,0.0,True,,1.2361077985625415,-0.004153782520331208,0.465616889061743,-123.68978307438496,True,13,0,CONVERGENCE: RELATIVE REDUCTION OF F <= FACTR*EPSMCH,3,3,3,1,-123.68978307438496,0.0,2.2368978307438496e-08,euler,True,False,3,
15b77182099f13c8b05019e60d7b0551195bf5a63e9c1526502df2ff0963cad4,250,0.1,0.1,0.0,1.0,0.0,0.5,1e-06,1.5,12,20260910,"[364343682,161420232,2958039526,226166097,425457062,1050416422,1345188607,157534932,12]","[364343682,161420232,2958039526,226166097,425457062,1050416422,1345188607,157534932,12,0]","[364343682,161420232,2958039526,226166097,425457062,1050416422,1345188607,157534932,12,1]",PCG64,smoke,equidistant,0.1,0.0,False,0.0,0,0.0,0.1,0.1,0.0,0.0,24.900000000000002,0.1,0.1,0.0,True,,1.983909289800814,0.010328519036839847,0.5256425216799142,-117.38053431104747,True,12,0,CONVERGENCE: RELATIVE REDUCTION OF F <= FACTR*EPSMCH,3,3,3,2,-117.38053431104747,0.0,2.1738053431104747e-08,exact,True,False,3,
15b77182099f13c8b05019e60d7b0551195bf5a63e9c1526502df2ff0963cad4,250,0.1,0.1,0.0,1.0,0.0,0.5,1e-06,1.5,12,20260910,"[364343682,161420232,2958039526,226166097,425457062,1050416422,1345188607,157534932,12]","[364343682,161420232,2958039526,226166097,425457062,1050416422,1345188607,157534932,12,0]","[364343682,161420232,2958039526,226166097,425457062,1050416422,1345188607,157534932,12,1]",PCG64,smoke,equidistant,0.1,0.0,False,0.0,0,0.0,0.1,0.1,0.0,0.0,24.900000000000002,0.1,0.1,0.0,True,,1.983909201501518,0.010328521197517013,0.5256425166369105,-117.38053431104746,True,14,0,CONVERGENCE: RELATIVE REDUCTION OF F <= FACTR*EPSMCH,3,3,3,1,-117.38053431104746,0.0,2.1738053431104747e-08,pfml,True,False,3,
15b77182099f13c8b05019e60d7b0551195bf5a63e9c1526502df2ff0963cad4,250,0.1,0.1,0.0,1.0,0.0,0.5,1e-06,1.5,12,20260910,"[364343682,161420232,2958039526,226166097,425457062,1050416422,1345188607,157534932,12]","[364343682,161420232,2958039526,226166097,425457062,1050416422,1345188607,157534932,12,0]","[364343682,161420232,2958039526,226166097,425457062,1050416422,1345188607,157534932,12,1]",PCG64,smoke,equidistant,0.1,0.0,False,0.0,0,0.0,0.1,0.1,0.0,0.0,24.900000000000002,0.1,0.1,0.0,True,,1.7995077372726733,0.010328515124883338,0.47756559118801883,-117.3805343110474,True,14,0,CONVERGENCE: RELATIVE REDUCTION OF F <= FACTR*EPSMCH,3,3,3,1,-117.3805343110474,0.0,2.173805343110474e-08,euler,True,False,3,
15b77182099f13c8b05019e60d7b0551195bf5a63e9c1526502df2ff0963cad4,250,0.1,0.1,0.0,1.0,0.0,0.5,1e-06,1.5,13,20260910,"[364343682,161420232,2958039526,226166097,425457062,1050416422,1345188607,157534932,13]","[364343682,161420232,2958039526,226166097,425457062,1050416422,1345188607,157534932,13,0]","[364343682,161420232,2958039526,226166097,425457062,1050416422,1345188607,157534932,13,1]",PCG64,smoke,equidistant,0.1,0.0,False,0.0,0,0.0,0.1,0.1,0.0,0.0,24.900000000000002,0.1,0.1,0.0,True,,0.8713026310144608,0.13124926504580206,0.5332043011454434,-100.63017737822167,True,15,0,CONVERGENCE: RELATIVE REDUCTION OF F <= FACTR*EPSMCH,3,3,3,1,-100.63017737822167,0.0,2.0063017737822168e-08,exact,True,False,3,
15b77182099f13c8b05019e60d7b0551195bf5a63e9c1526502df2ff0963cad4,250,0.1,0.1,0.0,1.0,0.0,0.5,1e-06,1.5,13,20260910,"[364343682,161420232,2958039526,226166097,425457062,1050416422,1345188607,157534932,13]","[364343682,161420232,2958039526,226166097,425457062,1050416422,1345188607,157534932,13,0]","[364343682,161420232,2958039526,226166097,425457062,1050416422,1345188607,157534932,13,1]",PCG64,smoke,equidistant,0.1,0.0,False,0.0,0,0.0,0.1,0.1,0.0,0.0,24.900000000000002,0.1,0.1,0.0,True,,0.8713023294573214,0.1312492812934144,0.5332042943774217,-100.6301773782209,True,15,0,CONVERGENCE: RELATIVE REDUCTION OF F <= FACTR*EPSMCH,3,3,3,1,-100.6301773782209,0.0,2.0063017737822092e-08,pfml,True,False,3,
15b77182099f13c8b05019e60d7b0551195bf5a63e9c1526502df2ff0963cad4,250,0.1,0.1,0.0,1.0,0.0,0.5,1e-06,1.5,13,20260910,"[364343682,161420232,2958039526,226166097,425457062,1050416422,1345188607,157534932,13]","[364343682,161420232,2958039526,226166097,425457062,1050416422,1345188607,157534932,13,0]","[364343682,161420232,2958039526,226166097,425457062,1050416422,1345188607,157534932,13,1]",PCG64,smoke,equidistant,0.1,0.0,False,0.0,0,0.0,0.1,0.1,0.0,0.0,24.900000000000002,0.1,0.1,0.0,True,,0.8344232124353977,0.13124935265556553,0.5107968850858382,-100.63017737822197,True,14,0,CONVERGENCE: RELATIVE REDUCTION OF F <= FACTR*EPSMCH,3,3,3,1,-100.63017737822197,0.0,2.0063017737822198e-08,euler,True,False,3,
15b77182099f13c8b05019e60d7b0551195bf5a63e9c1526502df2ff0963cad4,250,0.1,0.1,0.0,1.0,0.0,0.5,1e-06,1.5,14,20260910,"[364343682,161420232,2958039526,226166097,425457062,1050416422,1345188607,157534932,14]","[364343682,161420232,2958039526,226166097,425457062,1050416422,1345188607,157534932,14,0]","[364343682,161420232,2958039526,226166097,425457062,1050416422,1345188607,157534932,14,1]",PCG64,smoke,equidistant,0.1,0.0,False,0.0,0,0.0,0.1,0.1,0.0,0.0,24.900000000000002,0.1,0.1,0.0,True,,1.2542961142609956,-0.07544645916669268,0.44751464448324785,-148.8533107500388,True,14,0,CONVERGENCE: RELATIVE REDUCTION OF F <= FACTR*EPSMCH,3,3,3,1,-148.8533107500388,0.0,2.4885331075003878e-08,exact,True,False,3,
15b77182099f13c8b05019e60d7b0551195bf5a63e9c1526502df2ff0963cad4,250,0.1,0.1,0.0,1.0,0.0,0.5,1e-06,1.5,14,20260910,"[364343682,161420232,2958039526,226166097,425457062,1050416422,1345188607,157534932,14]","[364343682,161420232,2958039526,226166097,425457062,1050416422,1345188607,157534932,14,0]","[364343682,161420232,2958039526,226166097,425457062,1050416422,1345188607,157534932,14,1]",PCG64,smoke,equidistant,0.1,0.0,False,0.0,0,0.0,0.1,0.1,0.0,0.0,24.900000000000002,0.1,0.1,0.0,True,,1.2542963330435706,-0.07544646979285954,0.4475146552810457,-148.85331075003825,True,11,0,CONVERGENCE: RELATIVE REDUCTION OF F <= FACTR*EPSMCH,3,3,3,2,-148.85331075003825,0.0,2.4885331075003825e-08,pfml,True,False,3,
15b77182099f13c8b05019e60d7b0551195bf5a63e9c1526502df2ff0963cad4,250,0.1,0.1,0.0,1.0,0.0,0.5,1e-06,1.5,14,20260910,"[364343682,161420232,2958039526,226166097,425457062,1050416422,1345188607,157534932,14]","[364343682,161420232,2958039526,226166097,425457062,1050416422,1345188607,157534932,14,0]","[364343682,161420232,2958039526,226166097,425457062,1050416422,1345188607,157534932,14,1]",PCG64,smoke,equidistant,0.1,0.0,False,0.0,0,0.0,0.1,0.1,0.0,0.0,24.900000000000002,0.1,0.1,0.0,True,,1.1788214250400335,-0.07544645592262719,0.42086193202649697,-148.85331075003887,True,14,0,CONVERGENCE: RELATIVE REDUCTION OF F <= FACTR*EPSMCH,3,3,3,1,-148.85331075003887,0.0,2.4885331075003888e-08,euler,True,False,3,
15b77182099f13c8b05019e60d7b0551195bf5a63e9c1526502df2ff0963cad4,250,0.1,0.1,0.0,1.0,0.0,0.5,1e-06,1.5,15,20260910,"[364343682,161420232,2958039526,226166097,425457062,1050416422,1345188607,157534932,15]","[364343682,161420232,2958039526,226166097,425457062,1050416422,1345188607,157534932,15,0]","[364343682,161420232,2958039526,226166097,425457062,1050416422,1345188607,157534932,15,1]",PCG64,smoke,equidistant,0.1,0.0,False,0.0,0,0.0,0.1,0.1,0.0,0.0,24.900000000000002,0.1,0.1,0.0,True,,1.5083342919041394,-0.08644317163018002,0.5213105378448974,-113.86412350794151,True,10,0,CONVERGENCE: RELATIVE REDUCTION OF F <= FACTR*EPSMCH,3,3,3,0,-113.86412350794151,0.0,2.138641235079415e-08,exact,True,False,3,
15b77182099f13c8b05019e60d7b0551195bf5a63e9c1526502df2ff0963cad4,250,0.1,0.1,0.0,1.0,0.0,0.5,1e-06,1.5,15,20260910,"[364343682,161420232,2958039526,226166097,425457062,1050416422,1345188607,157534932,15]","[364343682,161420232,2958039526,226166097,425457062,1050416422,1345188607,157534932,15,0]","[364343682,161420232,2958039526,226166097,425457062,1050416422,1345188607,157534932,15,1]",PCG64,smoke,equidistant,0.1,0.0,False,0.0,0,0.0,0.1,0.1,0.0,0.0,24.900000000000002,0.1,0.1,0.0,True,,1.5083344396976095,-0.08644316456236811,0.5213105421390387,-113.86412350794188,True,10,0,CONVERGENCE: RELATIVE REDUCTION OF F <= FACTR*EPSMCH,3,3,3,0,-113.86412350794188,0.0,2.138641235079419e-08,pfml,True,False,3,
15b77182099f13c8b05019e60d7b0551195bf5a63e9c1526502df2ff0963cad4,250,0.1,0.1,0.0,1.0,0.0,0.5,1e-06,1.5,15,20260910,"[364343682,161420232,2958039526,226166097,425457062,1050416422,1345188607,157534932,15]","[364343682,161420232,2958039526,226166097,425457062,1050416422,1345188607,157534932,15,0]","[364343682,161420232,2958039526,226166097,425457062,1050416422,1345188607,157534932,15,1]",PCG64,smoke,equidistant,0.1,0.0,False,0.0,0,0.0,0.1,0.1,0.0,0.0,24.900000000000002,0.1,0.1,0.0,True,,1.40009089664058,-0.08644315253467007,0.48435768527248524,-113.86412350794173,True,14,0,CONVERGENCE: RELATIVE REDUCTION OF F <= FACTR*EPSMCH,3,3,3,1,-113.86412350794173,0.0,2.138641235079417e-08,euler,True,False,3,
15b77182099f13c8b05019e60d7b0551195bf5a63e9c1526502df2ff0963cad4,250,0.1,0.1,0.0,1.0,0.0,0.5,1e-06,1.5,16,20260910,"[364343682,161420232,2958039526,226166097,425457062,1050416422,1345188607,157534932,16]","[364343682,161420232,2958039526,226166097,425457062,1050416422,1345188607,157534932,16,0]","[364343682,161420232,2958039526,226166097,425457062,1050416422,1345188607,157534932,16,1]",PCG64,smoke,equidistant,0.1,0.0,False,0.0,0,0.0,0.1,0.1,0.0,0.0,24.900000000000002,0.1,0.1,0.0,True,,0.8031529602251859,0.014880508265148647,0.5400232861324779,-96.64119472282621,True,16,0,CONVERGENCE: RELATIVE REDUCTION OF F <= FACTR*EPSMCH,3,3,3,1,-96.64119472282621,0.0,1.966411947228262e-08,exact,True,False,3,
15b77182099f13c8b05019e60d7b0551195bf5a63e9c1526502df2ff0963cad4,250,0.1,0.1,0.0,1.0,0.0,0.5,1e-06,1.5,16,20260910,"[364343682,161420232,2958039526,226166097,425457062,1050416422,1345188607,157534932,16]","[364343682,161420232,2958039526,226166097,425457062,1050416422,1345188607,157534932,16,0]","[364343682,161420232,2958039526,226166097,425457062,1050416422,1345188607,157534932,16,1]",PCG64,smoke,equidistant,0.1,0.0,False,0.0,0,0.0,0.1,0.1,0.0,0.0,24.900000000000002,0.1,0.1,0.0,True,,0.8031529266470531,0.014880522802141045,0.5400232854732141,-96.64119472282628,True,7,0,CONVERGENCE: RELATIVE REDUCTION OF F <= FACTR*EPSMCH,3,3,3,0,-96.64119472282628,0.0,1.9664119472282627e-08,pfml,True,False,3,
15b77182099f13c8b05019e60d7b0551195bf5a63e9c1526502df2ff0963cad4,250,0.1,0.1,0.0,1.0,0.0,0.5,1e-06,1.5,16,20260910,"[364343682,161420232,2958039526,226166097,425457062,1050416422,1345188607,157534932,16]","[364343682,161420232,2958039526,226166097,425457062,1050416422,1345188607,157534932,16,0]","[364343682,161420232,2958039526,226166097,425457062,1050416422,1345188607,157534932,16,1]",PCG64,smoke,equidistant,0.1,0.0,False,0.0,0,0.0,0.1,0.1,0.0,0.0,24.900000000000002,0.1,0.1,0.0,True,,0.7717464940623037,0.01488048782626479,0.5190457577416113,-96.64119472282633,True,11,0,CONVERGENCE: RELATIVE REDUCTION OF F <= FACTR*EPSMCH,3,3,3,0,-96.64119472282633,0.0,1.9664119472282633e-08,euler,True,False,3,
15b77182099f13c8b05019e60d7b0551195bf5a63e9c1526502df2ff0963cad4,250,0.1,0.1,0.0,1.0,0.0,0.5,1e-06,1.5,17,20260910,"[364343682,161420232,2958039526,226166097,425457062,1050416422,1345188607,157534932,17]","[364343682,161420232,2958039526,226166097,425457062,1050416422,1345188607,157534932,17,0]","[364343682,161420232,2958039526,226166097,425457062,1050416422,1345188607,157534932,17,1]",PCG64,smoke,equidistant,0.1,0.0,False,0.0,0,0.0,0.1,0.1,0.0,0.0,24.900000000000002,0.1,0.1,0.0,True,,0.9569907366248143,0.021699131032621756,0.5334452000489311,-101.55204015025271,True,12,0,CONVERGENCE: RELATIVE REDUCTION OF F <= FACTR*EPSMCH,3,3,3,2,-101.55204015025271,0.0,2.015520401502527e-08,exact,True,False,3,
15b77182099f13c8b05019e60d7b0551195bf5a63e9c1526502df2ff0963cad4,250,0.1,0.1,0.0,1.0,0.0,0.5,1e-06,1.5,17,20260910,"[364343682,161420232,2958039526,226166097,425457062,1050416422,1345188607,157534932,17]","[364343682,161420232,2958039526,226166097,425457062,1050416422,1345188607,157534932,17,0]","[364343682,161420232,2958039526,226166097,425457062,1050416422,1345188607,157534932,17,1]",PCG64,smoke,equidistant,0.1,0.0,False,0.0,0,0.0,0.1,0.1,0.0,0.0,24.900000000000002,0.1,0.1,0.0,True,,0.9569906912095094,0.02169909526250053,0.5334451967709843,-101.55204015025268,True,9,0,CONVERGENCE: RELATIVE REDUCTION OF F <= FACTR*EPSMCH,3,3,3,0,-101.55204015025268,0.0,2.015520401502527e-08,pfml,True,False,3,
15b77182099f13c8b05019e60d7b0551195bf5a63e9c1526502df2ff0963cad4,250,0.1,0.1,0.0,1.0,0.0,0.5,1e-06,1.5,17,20260910,"[364343682,161420232,2958039526,226166097,425457062,1050416422,1345188607,157534932,17]","[364343682,161420232,2958039526,226166097,425457062,1050416422,1345188607,157534932,17,0]","[364343682,161420232,2958039526,226166097,425457062,1050416422,1345188607,157534932,17,1]",PCG64,smoke,equidistant,0.1,0.0,False,0.0,0,0.0,0.1,0.1,0.0,0.0,24.900000000000002,0.1,0.1,0.0,True,,0.9126255888578366,0.021699093304993675,0.5089092935148949,-101.5520401502525,True,10,0,CONVERGENCE: RELATIVE REDUCTION OF F <= FACTR*EPSMCH,3,3,3,0,-101.5520401502525,0.0,2.015520401502525e-08,euler,True,False,3,
15b77182099f13c8b05019e60d7b0551195bf5a63e9c1526502df2ff0963cad4,250,0.1,0.1,0.0,1.0,0.0,0.5,1e-06,1.5,18,20260910,"[364343682,161420232,2958039526,226166097,425457062,1050416422,1345188607,157534932,18]","[364343682,161420232,2958039526,226166097,425457062,1050416422,1345188607,157534932,18,0]","[364343682,161420232,2958039526,226166097,425457062,1050416422,1345188607,157534932,18,1]",PCG64,smoke,equidistant,0.1,0.0,False,0.0,0,0.0,0.1,0.1,0.0,0.0,24.900000000000002,0.1,0.1,0.0,True,,1.2610605150174552,0.06156278502454701,0.4664631311728128,-138.60804292233985,True,11,0,CONVERGENCE: RELATIVE REDUCTION OF F <= FACTR*EPSMCH,3,3,3,0,-138.60804292233985,0.0,2.3860804292233985e-08,exact,True,False,3,
15b77182099f13c8b05019e60d7b0551195bf5a63e9c1526502df2ff0963cad4,250,0.1,0.1,0.0,1.0,0.0,0.5,1e-06,1.5,18,20260910,"[364343682,161420232,2958039526,226166097,425457062,1050416422,1345188607,157534932,18]","[364343682,161420232,2958039526,226166097,425457062,1050416422,1345188607,157534932,18,0]","[364343682,161420232,2958039526,226166097,425457062,1050416422,1345188607,157534932,18,1]",PCG64,smoke,equidistant,0.1,0.0,False,0.0,0,0.0,0.1,0.1,0.0,0.0,24.900000000000002,0.1,0.1,0.0,True,,1.261060757969475,0.06156285302266358,0.4664631356085264,-138.6080429223394,True,11,0,CONVERGENCE: RELATIVE REDUCTION OF F <= FACTR*EPSMCH,3,3,3,2,-138.6080429223394,0.0,2.386080429223394e-08,pfml,True,False,3,
15b77182099f13c8b05019e60d7b0551195bf5a63e9c1526502df2ff0963cad4,250,0.1,0.1,0.0,1.0,0.0,0.5,1e-06,1.5,18,20260910,"[364343682,161420232,2958039526,226166097,425457062,1050416422,1345188607,157534932,18]","[364343682,161420232,2958039526,226166097,425457062,1050416422,1345188607,157534932,18,0]","[364343682,161420232,2958039526,226166097,425457062,1050416422,1345188607,157534932,18,1]",PCG64,smoke,equidistant,0.1,0.0,False,0.0,0,0.0,0.1,0.1,0.0,0.0,24.900000000000002,0.1,0.1,0.0,True,,1.1847863977277924,0.061562795367352284,0.43853976128286476,-138.60804292233988,True,13,0,CONVERGENCE: RELATIVE REDUCTION OF F <= FACTR*EPSMCH,3,3,3,1,-138.60804292233988,0.0,2.3860804292233988e-08,euler,True,False,3,
15b77182099f13c8b05019e60d7b0551195bf5a63e9c1526502df2ff0963cad4,250,0.1,0.1,0.0,1.0,0.0,0.5,1e-06,1.5,19,20260910,"[364343682,161420232,2958039526,226166097,425457062,1050416422,1345188607,157534932,19]","[364343682,161420232,2958039526,226166097,425457062,1050416422,1345188607,157534932,19,0]","[364343682,161420232,2958039526,226166097,425457062,1050416422,1345188607,157534932,19,1]",PCG64,smoke,equidistant,0.1,0.0,False,0.0,0,0.0,0.1,0.1,0.0,0.0,24.900000000000002,0.1,0.1,0.0,True,,0.9586109821592524,0.012399562123096185,0.5131547636044417,-111.22750584646411,True,15,0,CONVERGENCE: RELATIVE REDUCTION OF F <= FACTR*EPSMCH,3,3,3,1,-111.22750584646411,0.0,2.112275058464641e-08,exact,True,False,3,
15b77182099f13c8b05019e60d7b0551195bf5a63e9c1526502df2ff0963cad4,250,0.1,0.1,0.0,1.0,0.0,0.5,1e-06,1.5,19,20260910,"[364343682,161420232,2958039526,226166097,425457062,1050416422,1345188607,157534932,19]","[364343682,161420232,2958039526,226166097,425457062,1050416422,1345188607,157534932,19,0]","[364343682,161420232,2958039526,226166097,425457062,1050416422,1345188607,157534932,19,1]",PCG64,smoke,equidistant,0.1,0.0,False,0.0,0,0.0,0.1,0.1,0.0,0.0,24.900000000000002,0.1,0.1,0.0,True,,0.958610841505749,0.012399555129426296,0.5131547584181216,-111.22750584646423,True,15,0,CONVERGENCE: RELATIVE REDUCTION OF F <= FACTR*EPSMCH,3,3,3,1,-111.22750584646423,0.0,2.1122750584646423e-08,pfml,True,False,3,
15b77182099f13c8b05019e60d7b0551195bf5a63e9c1526502df2ff0963cad4,250,0.1,0.1,0.0,1.0,0.0,0.5,1e-06,1.5,19,20260910,"[364343682,161420232,2958039526,226166097,425457062,1050416422,1345188607,157534932,19]","[364343682,161420232,2958039526,226166097,425457062,1050416422,1345188607,157534932,19,0]","[364343682,161420232,2958039526,226166097,425457062,1050416422,1345188607,157534932,19,1]",PCG64,smoke,equidistant,0.1,0.0,False,0.0,0,0.0,0.1,0.1,0.0,0.0,24.900000000000002,0.1,0.1,0.0,True,,0.9140976230570889,0.012399518221080484,0.48951371306876335,-111.22750584646404,True,14,0,CONVERGENCE: RELATIVE REDUCTION OF F <= FACTR*EPSMCH,3,3,3,1,-111.22750584646404,0.0,2.1122750584646403e-08,euler,True,False,3,
cec2c40e6afe6af22ea0706cb48789f0d6b10024a5ccdd86580cec7f8003c689,250,0.1,0.1,1.0,1.0,0.0,0.5,1e-06,1.5,0,20260910,"[3468870670,1795058418,782266476,3028781552,3601924132,2781666694,1477241983,2147731081,0]","[3468870670,1795058418,782266476,3028781552,3601924132,2781666694,1477241983,2147731081,0,0]","[3468870670,1795058418,782266476,3028781552,3601924132,2781666694,1477241983,2147731081,0,1]",PCG64,smoke,exponential,0.1,1.0,False,0.0,0,0.0,0.09489365836783674,0.09489365836783678,0.9938479903227658,0.9938479903227652,23.628520933591357,0.000902653869577108,0.1,0.0,True,,0.8826324362977614,-0.027139679365870743,0.4866979689588532,-203.27115608127474,True,16,0,CONVERGENCE: RELATIVE REDUCTION OF F <= FACTR*EPSMCH,3,3,3,1,-203.27115608127474,0.0,3.0327115608127474e-08,exact,True,False,3,
cec2c40e6afe6af22ea0706cb48789f0d6b10024a5ccdd86580cec7f8003c689,250,0.1,0.1,1.0,1.0,0.0,0.5,1e-06,1.5,0,20260910,"[3468870670,1795058418,782266476,3028781552,3601924132,2781666694,1477241983,2147731081,0]","[3468870670,1795058418,782266476,3028781552,3601924132,2781666694,1477241983,2147731081,0,0]","[3468870670,1795058418,782266476,3028781552,3601924132,2781666694,1477241983,2147731081,0,1]",PCG64,smoke,exponential,0.1,1.0,False,0.0,0,0.0,0.09489365836783674,0.09489365836783678,0.9938479903227658,0.9938479903227652,23.628520933591357,0.000902653869577108,0.1,0.0,True,,0.8706559712392439,-0.02653505748611691,0.4720963481895164,-136.91862835364321,True,16,0,CONVERGENCE: RELATIVE REDUCTION OF F <= FACTR*EPSMCH,3,3,3,1,-136.91862835364321,0.0,2.369186283536432e-08,pfml,True,False,3,
cec2c40e6afe6af22ea0706cb48789f0d6b10024a5ccdd86580cec7f8003c689,250,0.1,0.1,1.0,1.0,0.0,0.5,1e-06,1.5,0,20260910,"[3468870670,1795058418,782266476,3028781552,3601924132,2781666694,1477241983,2147731081,0]","[3468870670,1795058418,782266476,3028781552,3601924132,2781666694,1477241983,2147731081,0,0]","[3468870670,1795058418,782266476,3028781552,3601924132,2781666694,1477241983,2147731081,0,1]",PCG64,smoke,exponential,0.1,1.0,False,0.0,0,0.0,0.09489365836783674,0.09489365836783678,0.9938479903227658,0.9938479903227652,23.628520933591357,0.000902653869577108,0.1,0.0,True,,0.78359244652796,-0.03371370305979253,0.46849720753017926,-202.62244615112098,True,10,0,CONVERGENCE: RELATIVE REDUCTION OF F <= FACTR*EPSMCH,3,3,3,0,-202.62244615112098,0.0,3.02622446151121e-08,euler,True,False,3,
cec2c40e6afe6af22ea0706cb48789f0d6b10024a5ccdd86580cec7f8003c689,250,0.1,0.1,1.0,1.0,0.0,0.5,1e-06,1.5,1,20260910,"[3468870670,1795058418,782266476,3028781552,3601924132,2781666694,1477241983,2147731081,1]","[3468870670,1795058418,782266476,3028781552,3601924132,2781666694,1477241983,2147731081,1,0]","[3468870670,1795058418,782266476,3028781552,3601924132,2781666694,1477241983,2147731081,1,1]",PCG64,smoke,exponential,0.1,1.0,False,0.0,0,0.0,0.09018897960417208,0.090188979604172,1.1844467409699346,1.1844467409699364,22.45705592143883,6.207957638437733e-05,0.1,0.0,True,,1.0289977928874858,-0.1492854097347565,0.471974830410677,-221.81989610998139,True,12,0,CONVERGENCE: RELATIVE REDUCTION OF F <= FACTR*EPSMCH,3,3,3,0,-221.81989610998139,0.0,3.218198961099814e-08,exact,True,False,3,
cec2c40e6afe6af22ea0706cb48789f0d6b10024a5ccdd86580cec7f8003c689,250,0.1,0.1,1.0,1.0,0.0,0.5,1e-06,1.5,1,20260910,"[3468870670,1795058418,782266476,3028781552,3601924132,2781666694,1477241983,2147731081,1]","[3468870670,1795058418,782266476,3028781552,3601924132,2781666694,1477241983,2147731081,1,0]","[3468870670,1795058418,782266476,3028781552,3601924132,2781666694,1477241983,2147731081,1,1]",PCG64,smoke,exponential,0.1,1.0,False,0.0,0,0.0,0.09018897960417208,0.090188979604172,1.1844467409699346,1.1844467409699364,22.45705592143883,6.207957638437733e-05,0.1,0.0,True,,0.9831588433620306,-0.16836083192013007,0.4592047695641567,-150.87521252319775,True,14,0,CONVERGENCE: RELATIVE REDUCTION OF F <= FACTR*EPSMCH,3,3,3,2,-150.87521252319775,0.0,2.5087521252319775e-08,pfml,True,False,3,
cec2c40e6afe6af22ea0706cb48789f0d6b10024a5ccdd86580cec7f8003c689,250,0.1,0.1,1.0,1.0,0.0,0.5,1e-06,1.5,1,20260910,"[3468870670,1795058418,782266476,3028781552,3601924132,2781666694,1477241983,2147731081,1]","[3468870670,1795058418,782266476,3028781552,3601924132,2781666694,1477241983,2147731081,1,0]","[3468870670,1795058418,782266476,3028781552,3601924132,2781666694,1477241983,2147731081,1,1]",PCG64,smoke,exponential,0.1,1.0,False,0.0,0,0.0,0.09018897960417208,0.090188979604172,1.1844467409699346,1.1844467409699364,22.45705592143883,6.207957638437733e-05,0.1,0.0,True,,0.918405635899324,-0.16092910163216886,0.4525080657791856,-221.17744048902802,True,15,0,CONVERGENCE: RELATIVE REDUCTION OF F <= FACTR*EPSMCH,3,3,3,1,-221.17744048902802,0.0,3.2117744048902807e-08,euler,True,False,3,
cec2c40e6afe6af22ea0706cb48789f0d6b10024a5ccdd86580cec7f8003c689,250,0.1,0.1,1.0,1.0,0.0,0.5,1e-06,1.5,2,20260910,"[3468870670,1795058418,782266476,3028781552,3601924132,2781666694,1477241983,2147731081,2]","[3468870670,1795058418,782266476,3028781552,3601924132,2781666694,1477241983,2147731081,2,0]","[3468870670,1795058418,782266476,3028781552,3601924132,2781666694,1477241983,2147731081,2,1]",PCG64,smoke,exponential,0.1,1.0,False,0.0,0,0.0,0.09743375835646385,0.09743375835646391,0.9443190024691746,0.9443190024691733,24.26100583075952,2.8734985175304928e-05,0.1,0.0,True,,1.1367710013218644,0.047833253357045726,0.5156383343131867,-178.72501321156227,True,17,0,CONVERGENCE: RELATIVE REDUCTION OF F <= FACTR*EPSMCH,3,3,3,1,-178.72501321156227,0.0,2.787250132115623e-08,exact,True,False,3,
cec2c40e6afe6af22ea0706cb48789f0d6b10024a5ccdd86580cec7f8003c689,250,0.1,0.1,1.0,1.0,0.0,0.5,1e-06,1.5,2,20260910,"[3468870670,1795058418,782266476,3028781552,3601924132,2781666694,1477241983,2147731081,2]","[3468870670,1795058418,782266476,3028781552,3601924132,2781666694,1477241983,2147731081,2,0]","[3468870670,1795058418,782266476,3028781552,3601924132,2781666694,1477241983,2147731081,2,1]",PCG64,smoke,exponential,0.1,1.0,False,0.0,0,0.0,0.09743375835646385,0.09743375835646391,0.9443190024691746,0.9443190024691733,24.26100583075952,2.8734985175304928e-05,0.1,0.0,True,,0.9440848359232842,0.04543477619975553,0.46767837454859446,-137.10316853576896,True,15,0,CONVERGENCE: RELATIVE REDUCTION OF F <= FACTR*EPSMCH,3,3,3,1,-137.10316853576896,0.0,2.37103168535769e-08,pfml,True,False,3,
cec2c40e6afe6af22ea0706cb48789f0d6b10024a5ccdd86580cec7f8003c689,250,0.1,0.1,1.0,1.0,0.0,0.5,1e-06,1.5,2,20260910,"[3468870670,1795058418,782266476,3028781552,3601924132,2781666694,1477241983,2147731081,2]","[3468870670,1795058418,782266476,3028781552,3601924132,2781666694,1477241983,2147731081,2,0]","[3468870670,1795058418,782266476,3028781552,3601924132,2781666694,1477241983,2147731081,2,1]",PCG64,smoke,exponential,0.1,1.0,False,0.0,0,0.0,0.09743375835646385,0.09743375835646391,0.9443190024691746,0.9443190024691733,24.26100583075952,2.8734985175304928e-05,0.1,0.0,True,,0.9050810981999009,0.038402681733987566,0.4928035562452858,-176.6931834244984,True,12,0,CONVERGENCE: RELATIVE REDUCTION OF F <= FACTR*EPSMCH,3,3,3,2,-176.6931834244984,0.0,2.766931834244984e-08,euler,True,False,3,
cec2c40e6afe6af22ea0706cb48789f0d6b10024a5ccdd86580cec7f8003c689,250,0.1,0.1,1.0,1.0,0.0,0.5,1e-06,1.5,3,20260910,"[3468870670,1795058418,782266476,3028781552,3601924132,2781666694,1477241983,2147731081,3]","[3468870670,1795058418,782266476,3028781552,3601924132,2781666694,1477241983,2147731081,3,0]","[3468870670,1795058418,782266476,3028781552,3601924132,2781666694,1477241983,2147731081,3,1]",PCG64,smoke,exponential,0.1,1.0,False,0.0,0,0.0,0.10625477077032336,0.10625477077032333,0.9324848044915709,0.9324848044915703,26.457437921810513,0.00026143252956600804,0.1,0.0,True,,1.201852028538152,-0.06004132896519247,0.46771096853602434,-195.40948503615988,True,9,0,CONVERGENCE: RELATIVE REDUCTION OF F <= FACTR*EPSMCH,3,3,3,0,-195.40948503615988,0.0,2.954094850361599e-08,exact,True,False,3,
cec2c40e6afe6af22ea0706cb48789f0d6b10024a5ccdd86580cec7f8003c689,250,0.1,0.1,1.0,1.0,0.0,0.5,1e-06,1.5,3,20260910,"[3468870670,1795058418,782266476,3028781552,3601924132,2781666694,1477241983,2147731081,3]","[3468870670,1795058418,782266476,3028781552,3601924132,2781666694,1477241983,2147731081,3,0]","[3468870670,1795058418,782266476,3028781552,3601924132,2781666694,1477241983,2147731081,3,1]",PCG64,smoke,exponential,0.1,1.0,False,0.0,0,0.0,0.10625477077032336,0.10625477077032333,0.9324848044915709,0.9324848044915703,26.457437921810513,0.00026143252956600804,0.1,0.0,True,,1.2072802268143867,-0.07243536671455775,0.4679841510871142,-130.50319072125853,True,11,0,CONVERGENCE: RELATIVE REDUCTION OF F <= FACTR*EPSMCH,3,3,3,2,-130.50319072125853,0.0,2.3050319072125852e-08,pfml,True,False,3,
cec2c40e6afe6af22ea0706cb48789f0d6b10024a5ccdd86580cec7f8003c689,250,0.1,0.1,1.0,1.0,0.0,0.5,1e-06,1.5,3,20260910,"[3468870670,1795058418,782266476,3028781552,3601924132,2781666694,1477241983,2147731081,3]","[3468870670,1795058418,782266476,3028781552,3601924132,2781666694,1477241983,2147731081,3,0]","[3468870670,1795058418,782266476,3028781552,3601924132,2781666694,1477241983,2147731081,3,1]",PCG64,smoke,exponential,0.1,1.0,False,0.0,0,0.0,0.10625477077032336,0.10625477077032333,0.9324848044915709,0.9324848044915703,26.457437921810513,0.00026143252956600804,0.1,0.0,True,,1.0398038160082719,-0.06418116257945197,0.4409541017511187,-194.8081745618879,True,13,0,CONVERGENCE: RELATIVE REDUCTION OF F <= FACTR*EPSMCH,3,3,3,1,-194.8081745618879,0.0,2.9480817456188793e-08,euler,True,False,3,
cec2c40e6afe6af22ea0706cb48789f0d6b10024a5ccdd86580cec7f8003c689,250,0.1,0.1,1.0,1.0,0.0,0.5,1e-06,1.5,4,20260910,"[3468870670,1795058418,782266476,3028781552,3601924132,2781666694,1477241983,2147731081,4]","[3468870670,1795058418,782266476,3028781552,3601924132,2781666694,1477241983,2147731081,4,0]","[3468870670,1795058418,782266476,3028781552,3601924132,2781666694,1477241983,2147731081,4,1]",PCG64,smoke,exponential,0.1,1.0,False,0.0,0,0.0,0.09163604713738611,0.09163604713738613,0.9894079644605464,0.9894079644605457,22.817375737209147,0.000613734837976665,0.1,0.0,True,,0.8803132133189164,-0.04478917150825699,0.47901418809238316,-208.65264617495274,True,12,0,CONVERGENCE: RELATIVE REDUCTION OF F <= FACTR*EPSMCH,3,3,3,0,-208.65264617495274,0.0,3.0865264617495274e-08,exact,True,False,3,
cec2c40e6afe6af22ea0706cb48789f0d6b10024a5ccdd86580cec7f8003c689,250,0.1,0.1,1.0,1.0,0.0,0.5,1e-06,1.5,4,20260910,"[3468870670,1795058418,782266476,3028781552,3601924132,2781666694,1477241983,2147731081,4]","[3468870670,1795058418,782266476,3028781552,3601924132,2781666694,1477241983,2147731081,4,0]","[3468870670,1795058418,782266476,3028781552,3601924132,2781666694,1477241983,2147731081,4,1]",PCG64,smoke,exponential,0.1,1.0,False,0.0,0,0.0,0.09163604713738611,0.09163604713738613,0.9894079644605464,0.9894079644605457,22.817375737209147,0.000613734837976665,0.1,0.0,True,,0.7523636875389293,-0.05180107758759769,0.43396562875421063,-160.5782255988015,True,17,0,CONVERGENCE: RELATIVE REDUCTION OF F <= FACTR*EPSMCH,3,3,3,1,-160.5782255988015,0.0,2.6057822559880153e-08,pfml,True,False,3,
cec2c40e6afe6af22ea0706cb48789f0d6b10024a5ccdd86580cec7f8003c689,250,0.1,0.1,1.0,1.0,0.0,0.5,1e-06,1.5,4,20260910,"[3468870670,1795058418,782266476,3028781552,3601924132,2781666694,1477241983,2147731081,4]","[3468870670,1795058418,782266476,3028781552,3601924132,2781666694,1477241983,2147731081,4,0]","[3468870670,1795058418,782266476,3028781552,3601924132,2781666694,1477241983,2147731081,4,1]",PCG64,smoke,exponential,0.1,1.0,False,0.0,0,0.0,0.09163604713738611,0.09163604713738613,0.9894079644605464,0.9894079644605457,22.817375737209147,0.000613734837976665,0.1,0.0,True,,0.7617351755279654,-0.04354767072342613,0.4629680540331345,-207.36000875811214,True,16,0,CONVERGENCE: RELATIVE REDUCTION OF F <= FACTR*EPSMCH,3,3,3,1,-207.36000875811214,0.0,3.0736000875811214e-08,euler,True,False,3,
cec2c40e6afe6af22ea0706cb48789f0d6b10024a5ccdd86580cec7f8003c689,250,0.1,0.1,1.0,1.0,0.0,0.5,1e-06,1.5,5,20260910,"[3468870670,1795058418,782266476,3028781552,3601924132,2781666694,1477241983,2147731081,5]","[3468870670,1795058418,782266476,3028781552,3601924132,2781666694,1477241983,2147731081,5,0]","[3468870670,1795058418,782266476,3028781552,3601924132,2781666694,1477241983,2147731081,5,1]",PCG64,smoke,exponential,0.1,1.0,False,0.0,0,0.0,0.096219301536195,0.09621930153619505,0.97665634926701,0.9766563492670084,23.958606082512567,0.0003445517351501337,0.1,0.0,True,,1.856860462473095,-0.1646205177353823,0.48611903455422023,-214.87107464719418,True,14,0,CONVERGENCE: RELATIVE REDUCTION OF F <= FACTR*EPSMCH,3,3,3,1,-214.87107464719418,0.0,3.148710746471942e-08,exact,True,False,3,
cec2c40e6afe6af22ea0706cb48789f0d6b10024a5ccdd86580cec7f8003c689,250,0.1,0.1,1.0,1.0,0.0,0.5,1e-06,1.5,5,20260910,"[3468870670,1795058418,782266476,3028781552,3601924132,2781666694,1477241983,2147731081,5]","[3468870670,1795058418,782266476,3028781552,3601924132,2781666694,1477241983,2147731081,5,0]","[3468870670,1795058418,782266476,3028781552,3601924132,2781666694,1477241983,2147731081,5,1]",PCG64,smoke,exponential,0.1,1.0,False,0.0,0,0.0,0.096219301536195,0.09621930153619505,0.97665634926701,0.9766563492670084,23.958606082512567,0.0003445517351501337,0.1,0.0,True,,1.7870745842089346,-0.17955136226372942,0.47619625347810685,-143.68877594078504,True,12,0,CONVERGENCE: RELATIVE REDUCTION OF F <= FACTR*EPSMCH,3,3,3,2,-143.68877594078504,0.0,2.4368877594078504e-08,pfml,True,False,3,
cec2c40e6afe6af22ea0706cb48789f0d6b10024a5ccdd86580cec7f8003c689,250,0.1,0.1,1.0,1.0,0.0,0.5,1e-06,1.5,5,20260910,"[3468870670,1795058418,782266476,3028781552,3601924132,2781666694,1477241983,2147731081,5]","[3468870670,1795058418,782266476,3028781552,3601924132,2781666694,1477241983,2147731081,5,0]","[3468870670,1795058418,782266476,3028781552,3601924132,2781666694,1477241983,2147731081,5,1]",PCG64,smoke,exponential,0.1,1.0,False,0.0,0,0.0,0.096219301536195,0.09621930153619505,0.97665634926701,0.9766563492670084,23.958606082512567,0.0003445517351501337,0.1,0.0,True,,1.6290965382956104,-0.1654352285087238,0.44836871959111096,-214.03875040143924,True,13,0,CONVERGENCE: RELATIVE REDUCTION OF F <= FACTR*EPSMCH,3,3,3,1,-214.03875040143924,0.0,3.1403875040143926e-08,euler,True,False,3,
cec2c40e6afe6af22ea0706cb48789f0d6b10024a5ccdd86580cec7f8003c689,250,0.1,0.1,1.0,1.0,0.0,0.5,1e-06,1.5,6,20260910,"[3468870670,1795058418,782266476,3028781552,3601924132,2781666694,1477241983,2147731081,6]","[3468870670,1795058418,782266476,3028781552,3601924132,2781666694,1477241983,2147731081,6,0]","[3468870670,1795058418,782266476,3028781552,3601924132,2781666694,1477241983,2147731081,6,1]",PCG64,smoke,exponential,0.1,1.0,False,0.0,0,0.0,0.09919189160702531,0.0991918916070253,1.007306644609523,1.0073066446095225,24.698781010149304,4.1899532202904766e-05,0.1,0.0,True,,0.9006554445570575,0.045025291290123504,0.49934004190458814,-186.05892137076103,True,17,0,CONVERGENCE: RELATIVE REDUCTION OF F <= FACTR*EPSMCH,3,3,3,1,-186.05892137076103,0.0,2.8605892137076103e-08,exact,True,False,3,
cec2c40e6afe6af22ea0706cb48789f0d6b10024a5ccdd86580cec7f8003c689,250,0.1,0.1,1.0,1.0,0.0,0.5,1e-06,1.5,6,20260910,"[3468870670,1795058418,782266476,3028781552,3601924132,2781666694,1477241983,2147731081,6]","[3468870670,1795058418,782266476,3028781552,3601924132,2781666694,1477241983,2147731081,6,0]","[3468870670,1795058418,782266476,3028781552,3601924132,2781666694,1477241983,2147731081,6,1]",PCG64,smoke,exponential,0.1,1.0,False,0.0,0,0.0,0.09919189160702531,0.0991918916070253,1.007306644609523,1.0073066446095225,24.698781010149304,4.1899532202904766e-05,0.1,0.0,True,,0.7440179235957644,0.03650968585166809,0.46269323958894415,-135.34356263007137,True,16,0,CONVERGENCE: RELATIVE REDUCTION OF F <= FACTR*EPSMCH,3,3,3,1,-135.34356263007137,0.0,2.3534356263007137e-08,pfml,True,False,3,
cec2c40e6afe6af22ea0706cb48789f0d6b10024a5ccdd86580cec7f8003c689,250,0.1,0.1,1.0,1.0,0.0,0.5,1e-06,1.5,6,20260910,"[3468870670,1795058418,782266476,3028781552,3601924132,2781666694,1477241983,2147731081,6]","[3468870670,1795058418,782266476,3028781552,3601924132,2781666694,1477241983,2147731081,6,0]","[3468870670,1795058418,782266476,3028781552,3601924132,2781666694,1477241983,2147731081,6,1]",PCG64,smoke,exponential,0.1,1.0,False,0.0,0,0.0,0.09919189160702531,0.0991918916070253,1.007306644609523,1.0073066446095225,24.698781010149304,4.1899532202904766e-05,0.1,0.0,True,,0.7335996931697212,0.057107701030003746,0.48102058532009384,-184.5757953700695,True,14,0,CONVERGENCE: RELATIVE REDUCTION OF F <= FACTR*EPSMCH,3,3,3,0,-184.5757953700695,0.0,2.845757953700695e-08,euler,True,False,3,
cec2c40e6afe6af22ea0706cb48789f0d6b10024a5ccdd86580cec7f8003c689,250,0.1,0.1,1.0,1.0,0.0,0.5,1e-06,1.5,7,20260910,"[3468870670,1795058418,782266476,3028781552,3601924132,2781666694,1477241983,2147731081,7]","[3468870670,1795058418,782266476,3028781552,3601924132,2781666694,1477241983,2147731081,7,0]","[3468870670,1795058418,782266476,3028781552,3601924132,2781666694,1477241983,2147731081,7,1]",PCG64,smoke,exponential,0.1,1.0,False,0.0,0,0.0,0.1002463385563888,0.10024633855638887,0.8706132276925841,0.8706132276925833,24.961338300540824,0.00035375879727972404,0.1,0.0,True,,0.9399849441650361,-0.08970964469431618,0.5084994812198524,-178.7725961987661,True,16,0,CONVERGENCE: RELATIVE REDUCTION OF F <= FACTR*EPSMCH,3,3,3,1,-178.7725961987661,0.0,2.7877259619876613e-08,exact,True,False,3,
cec2c40e6afe6af22ea0706cb48789f0d6b10024a5ccdd86580cec7f8003c689,250,0.1,0.1,1.0,1.0,0.0,0.5,1e-06,1.5,7,20260910,"[3468870670,1795058418,782266476,3028781552,3601924132,2781666694,1477241983,2147731081,7]","[3468870670,1795058418,782266476,3028781552,3601924132,2781666694,1477241983,2147731081,7,0]","[3468870670,1795058418,782266476,3028781552,3601924132,2781666694,1477241983,2147731081,7,1]",PCG64,smoke,exponential,0.1,1.0,False,0.0,0,0.0,0.1002463385563888,0.10024633855638887,0.8706132276925841,0.8706132276925833,24.961338300540824,0.00035375879727972404,0.1,0.0,True,,0.9801510456387824,-0.09063632029132736,0.4941060223966224,-120.6287986004646,True,16,0,CONVERGENCE: RELATIVE REDUCTION OF F <= FACTR*EPSMCH,3,3,3,1,-120.6287986004646,0.0,2.2062879860046462e-08,pfml,True,False,3,
cec2c40e6afe6af22ea0706cb48789f0d6b10024a5ccdd86580cec7f8003c689,250,0.1,0.1,1.0,1.0,0.0,0.5,1e-06,1.5,7,20260910,"[3468870670,1795058418,782266476,3028781552,3601924132,2781666694,1477241983,2147731081,7]","[3468870670,1795058418,782266476,3028781552,3601924132,2781666694,1477241983,2147731081,7,0]","[3468870670,1795058418,782266476,3028781552,3601924132,2781666694,1477241983,2147731081,7,1]",PCG64,smoke,exponential,0.1,1.0,False,0.0,0,0.0,0.1002463385563888,0.10024633855638887,0.8706132276925841,0.8706132276925833,24.961338300540824,0.00035375879727972404,0.1,0.0,True,,0.8552466671409554,-0.08383501595521886,0.4868890531286637,-178.17767560176668,True,15,0,CONVERGENCE: RELATIVE REDUCTION OF F <= FACTR*EPSMCH,3,3,3,1,-178.17767560176668,0.0,2.781776756017667e-08,euler,True,False,3,
cec2c40e6afe6af22ea0706cb48789f0d6b10024a5ccdd86580cec7f8003c689,250,0.1,0.1,1.0,1.0,0.0,0.5,1e-06,1.5,8,20260910,"[3468870670,1795058418,782266476,3028781552,3601924132,2781666694,1477241983,2147731081,8]","[3468870670,1795058418,782266476,3028781552,3601924132,2781666694,1477241983,2147731081,8,0]","[3468870670,1795058418,782266476,3028781552,3601924132,2781666694,1477241983,2147731081,8,1]",PCG64,smoke,exponential,0.1,1.0,False,0.0,0,0.0,0.09773294845507835,0.09773294845507835,0.9622762492570863,0.9622762492570859,24.33550416531451,0.0001159337105285374,0.1,0.0,True,,1.3858269749121752,-0.07345924169027017,0.5076522817176659,-190.68968304948152,True,14,0,CONVERGENCE: RELATIVE REDUCTION OF F <= FACTR*EPSMCH,3,3,3,1,-190.68968304948152,0.0,2.9068968304948153e-08,exact,True,False,3,
cec2c40e6afe6af22ea0706cb48789f0d6b10024a5ccdd86580cec7f8003c689,250,0.1,0.1,1.0,1.0,0.0,0.5,1e-06,1.5,8,20260910,"[3468870670,1795058418,782266476,3028781552,3601924132,2781666694,1477241983,2147731081,8]","[3468870670,1795058418,782266476,3028781552,3601924132,2781666694,1477241983,2147731081,8,0]","[3468870670,1795058418,782266476,3028781552,3601924132,2781666694,1477241983,2147731081,8,1]",PCG64,smoke,exponential,0.1,1.0,False,0.0,0,0.0,0.09773294845507835,0.09773294845507835,0.9622762492570863,0.9622762492570859,24.33550416531451,0.0001159337105285374,0.1,0.0,True,,1.5960687557726443,-0.06992504536415267,0.5143249910425569,-120.68727548358197,True,14,0,CONVERGENCE: RELATIVE REDUCTION OF F <= FACTR*EPSMCH,3,3,3,1,-120.68727548358197,0.0,2.2068727548358198e-08,pfml,True,False,3,
cec2c40e6afe6af22ea0706cb48789f0d6b10024a5ccdd86580cec7f8003c689,250,0.1,0.1,1.0,1.0,0.0,0.5,1e-06,1.5,8,20260910,"[3468870670,1795058418,782266476,3028781552,3601924132,2781666694,1477241983,2147731081,8]","[3468870670,1795058418,782266476,3028781552,3601924132,2781666694,1477241983,2147731081,8,0]","[3468870670,1795058418,782266476,3028781552,3601924132,2781666694,1477241983,2147731081,8,1]",PCG64,smoke,exponential,0.1,1.0,False,0.0,0,0.0,0.09773294845507835,0.09773294845507835,0.9622762492570863,0.9622762492570859,24.33550416531451,0.0001159337105285374,0.1,0.0,True,,1.3389857024707517,-0.05734730867231032,0.4751477848022678,-191.03282428061328,True,11,0,CONVERGENCE: RELATIVE REDUCTION OF F <= FACTR*EPSMCH,3,3,3,0,-191.03282428061328,0.0,2.9103282428061328e-08,euler,True,False,3,
cec2c40e6afe6af22ea0706cb48789f0d6b10024a5ccdd86580cec7f8003c689,250,0.1,0.1,1.0,1.0,0.0,0.5,1e-06,1.5,9,20260910,"[3468870670,1795058418,782266476,3028781552,3601924132,2781666694,1477241983,2147731081,9]","[3468870670,1795058418,782266476,3028781552,3601924132,2781666694,1477241983,2147731081,9,0]","[3468870670,1795058418,782266476,3028781552,3601924132,2781666694,1477241983,2147731081,9,1]",PCG64,smoke,exponential,0.1,1.0,False,0.0,0,0.0,0.10316239060335278,0.10316239060335274,1.1021278375204084,1.1021278375204089,25.687435260234828,0.0004959173216327883,0.1,0.0,True,,0.9571991834282029,0.06301844084388782,0.4973887837995188,-190.59549330986573,True,12,0,CONVERGENCE: RELATIVE REDUCTION OF F <= FACTR*EPSMCH,3,3,3,2,-190.59549330986573,0.0,2.9059549330986573e-08,exact,True,False,3,
cec2c40e6afe6af22ea0706cb48789f0d6b10024a5ccdd86580cec7f8003c689,250,0.1,0.1,1.0,1.0,0.0,0.5,1e-06,1.5,9,20260910,"[3468870670,1795058418,782266476,3028781552,3601924132,2781666694,1477241983,2147731081,9]","[3468870670,1795058418,782266476,3028781552,3601924132,2781666694,1477241983,2147731081,9,0]","[3468870670,1795058418,782266476,3028781552,3601924132,2781666694,1477241983,2147731081,9,1]",PCG64,smoke,exponential,0.1,1.0,False,0.0,0,0.0,0.10316239060335278,0.10316239060335274,1.1021278375204084,1.1021278375204089,25.687435260234828,0.0004959173216327883,0.1,0.0,True,,0.8870763695748769,0.048806956636883614,0.5033029438058518,-111.65377177121246,True,6,0,CONVERGENCE: RELATIVE REDUCTION OF F <= FACTR*EPSMCH,3,3,3,0,-111.65377177121246,0.0,2.116537717712125e-08,pfml,True,False,3,
cec2c40e6afe6af22ea0706cb48789f0d6b10024a5ccdd86580cec7f8003c689,250,0.1,0.1,1.0,1.0,0.0,0.5,1e-06,1.5,9,20260910,"[3468870670,1795058418,782266476,3028781552,3601924132,2781666694,1477241983,2147731081,9]","[3468870670,1795058418,782266476,3028781552,3601924132,2781666694,1477241983,2147731081,9,0]","[3468870670,1795058418,782266476,3028781552,3601924132,2781666694,1477241983,2147731081,9,1]",PCG64,smoke,exponential,0.1,1.0,False,0.0,0,0.0,0.10316239060335278,0.10316239060335274,1.1021278375204084,1.1021278375204089,25.687435260234828,0.0004959173216327883,0.1,0.0,True,,0.9861357799346341,0.05326160557932438,0.47291103641384935,-191.31081675134047,True,11,0,CONVERGENCE: RELATIVE REDUCTION OF F <= FACTR*EPSMCH,3,3,3,2,-191.31081675134047,0.0,2.9131081675134047e-08,euler,True,False,3,
cec2c40e6afe6af22ea0706cb48789f0d6b10024a5ccdd86580cec7f8003c689,250,0.1,0.1,1.0,1.0,0.0,0.5,1e-06,1.5,10,20260910,"[3468870670,1795058418,782266476,3028781552,3601924132,2781666694,1477241983,2147731081,10]","[3468870670,1795058418,782266476,3028781552,3601924132,2781666694,1477241983,2147731081,10,0]","[3468870670,1795058418,782266476,3028781552,3601924132,2781666694,1477241983,2147731081,10,1]",PCG64,smoke,exponential,0.1,1.0,False,0.0,0,0.0,0.09685247582484376,0.09685247582484373,0.9262318347878438,0.9262318347878444,24.116266480386088,0.00013697867937167985,0.1,0.0,True,,0.7127932618186007,-0.22777954886318671,0.5332894094434288,-172.7833899389247,True,13,0,CONVERGENCE: NORM OF PROJECTED GRADIENT <= PGTOL,3,3,3,2,-172.7833899389247,0.0,2.7278338993892472e-08,exact,True,False,3,
cec2c40e6afe6af22ea0706cb48789f0d6b10024a5ccdd86580cec7f8003c689,250,0.1,0.1,1.0,1.0,0.0,0.5,1e-06,1.5,10,20260910,"[3468870670,1795058418,782266476,3028781552,3601924132,2781666694,1477241983,2147731081,10]","[3468870670,1795058418,782266476,3028781552,3601924132,2781666694,1477241983,2147731081,10,0]","[3468870670,1795058418,782266476,3028781552,3601924132,2781666694,1477241983,2147731081,10,1]",PCG64,smoke,exponential,0.1,1.0,False,0.0,0,0.0,0.09685247582484376,0.09685247582484373,0.9262318347878438,0.9262318347878444,24.116266480386088,0.00013697867937167985,0.1,0.0,True,,0.6949468844203358,-0.22092432237684825,0.5339463971018787,-101.86108484261045,True,13,0,CONVERGENCE: RELATIVE REDUCTION OF F <= FACTR*EPSMCH,3,3,3,2,-101.86108484261045,0.0,2.0186108484261045e-08,pfml,True,False,3,
cec2c40e6afe6af22ea0706cb48789f0d6b10024a5ccdd86580cec7f8003c689,250,0.1,0.1,1.0,1.0,0.0,0.5,1e-06,1.5,10,20260910,"[3468870670,1795058418,782266476,3028781552,3601924132,2781666694,1477241983,2147731081,10]","[3468870670,1795058418,782266476,3028781552,3601924132,2781666694,1477241983,2147731081,10,0]","[3468870670,1795058418,782266476,3028781552,3601924132,2781666694,1477241983,2147731081,10,1]",PCG64,smoke,exponential,0.1,1.0,False,0.0,0,0.0,0.09685247582484376,0.09685247582484373,0.9262318347878438,0.9262318347878444,24.116266480386088,0.00013697867937167985,0.1,0.0,True,,0.7128119556075377,-0.22713137846355558,0.5152165823476742,-172.95669261390253,True,17,0,CONVERGENCE: RELATIVE REDUCTION OF F <= FACTR*EPSMCH,3,3,3,1,-172.95669261390253,0.0,2.7295669261390254e-08,euler,True,False,3,
cec2c40e6afe6af22ea0706cb48789f0d6b10024a5ccdd86580cec7f8003c689,250,0.1,0.1,1.0,1.0,0.0,0.5,1e-06,1.5,11,20260910,"[3468870670,1795058418,782266476,3028781552,3601924132,2781666694,1477241983,2147731081,11]","[3468870670,1795058418,782266476,3028781552,3601924132,2781666694,1477241983,2147731081,11,0]","[3468870670,1795058418,782266476,3028781552,3601924132,2781666694,1477241983,2147731081,11,1]",PCG64,smoke,exponential,0.1,1.0,False,0.0,0,0.0,0.09736887098221615,0.0973688709822162,0.9284400399757209,0.9284400399757202,24.244848874571833,0.00010831221180929163,0.1,0.0,True,,1.2590459153777538,0.0038394356837753115,0.5077561976169387,-187.65985889804682,True,14,0,CONVERGENCE: RELATIVE REDUCTION OF F <= FACTR*EPSMCH,3,3,3,1,-187.65985889804682,0.0,2.8765985889804683e-08,exact,True,False,3,
cec2c40e6afe6af22ea0706cb48789f0d6b10024a5ccdd86580cec7f8003c689,250,0.1,0.1,1.0,1.0,0.0,0.5,1e-06,1.5,11,20260910,"[3468870670,1795058418,782266476,3028781552,3601924132,2781666694,1477241983,2147731081,11]","[3468870670,1795058418,782266476,3028781552,3601924132,2781666694,1477241983,2147731081,11,0]","[3468870670,1795058418,782266476,3028781552,3601924132,2781666694,1477241983,2147731081,11,1]",PCG64,smoke,exponential,0.1,1.0,False,0.0,0,0.0,0.09736887098221615,0.0973688709822162,0.9284400399757209,0.9284400399757202,24.244848874571833,0.00010831221180929163,0.1,0.0,True,,1.1167823722968986,-0.010635453296767353,0.4746942940571876,-135.49460341041276,True,12,0,CONVERGENCE: RELATIVE REDUCTION OF F <= FACTR*EPSMCH,3,3,3,2,-135.49460341041276,0.0,2.3549460341041275e-08,pfml,True,False,3,
cec2c40e6afe6af22ea0706cb48789f0d6b10024a5ccdd86580cec7f8003c689,250,0.1,0.1,1.0,1.0,0.0,0.5,1e-06,1.5,11,20260910,"[3468870670,1795058418,782266476,3028781552,3601924132,2781666694,1477241983,2147731081,11]","[3468870670,1795058418,782266476,3028781552,3601924132,2781666694,1477241983,2147731081,11,0]","[3468870670,1795058418,782266476,3028781552,3601924132,2781666694,1477241983,2147731081,11,1]",PCG64,smoke,exponential,0.1,1.0,False,0.0,0,0.0,0.09736887098221615,0.0973688709822162,0.9284400399757209,0.9284400399757202,24.244848874571833,0.00010831221180929163,0.1,0.0,True,,1.031441577855307,0.007056798724768497,0.48208973217101003,-185.89146084179953,True,12,0,CONVERGENCE: RELATIVE REDUCTION OF F <= FACTR*EPSMCH,3,3,3,2,-185.89146084179953,0.0,2.8589146084179953e-08,euler,True,False,3,
cec2c40e6afe6af22ea0706cb48789f0d6b10024a5ccdd86580cec7f8003c689,250,0.1,0.1,1.0,1.0,0.0,0.5,1e-06,1.5,12,20260910,"[3468870670,1795058418,782266476,3028781552,3601924132,2781666694,1477241983,2147731081,12]","[3468870670,1795058418,782266476,3028781552,3601924132,2781666694,1477241983,2147731081,12,0]","[3468870670,1795058418,782266476,3028781552,3601924132,2781666694,1477241983,2147731081,12,1]",PCG64,smoke,exponential,0.1,1.0,False,0.0,0,0.0,0.09571966027092277,0.09571966027092282,0.9829282079793847,0.9829282079793845,23.83419540745978,0.0004699844060599978,0.1,0.0,True,,0.7584427213145104,0.04665404817286196,0.444834706921102,-216.63547542254707,True,13,0,CONVERGENCE: RELATIVE REDUCTION OF F <= FACTR*EPSMCH,3,3,3,0,-216.63547542254707,0.0,3.166354754225471e-08,exact,True,False,3,
cec2c40e6afe6af22ea0706cb48789f0d6b10024a5ccdd86580cec7f8003c689,250,0.1,0.1,1.0,1.0,0.0,0.5,1e-06,1.5,12,20260910,"[3468870670,1795058418,782266476,3028781552,3601924132,2781666694,1477241983,2147731081,12]","[3468870670,1795058418,782266476,3028781552,3601924132,2781666694,1477241983,2147731081,12,0]","[3468870670,1795058418,782266476,3028781552,3601924132,2781666694,1477241983,2147731081,12,1]",PCG64,smoke,exponential,0.1,1.0,False,0.0,0,0.0,0.09571966027092277,0.09571966027092282,0.9829282079793847,0.9829282079793845,23.83419540745978,0.0004699844060599978,0.1,0.0,True,,0.7876399606680414,0.03479761775856642,0.4357974546556304,-154.8848896680291,True,15,0,CONVERGENCE: RELATIVE REDUCTION OF F <= FACTR*EPSMCH,3,3,3,1,-154.8848896680291,0.0,2.5488488966802913e-08,pfml,True,False,3,
cec2c40e6afe6af22ea0706cb48789f0d6b10024a5ccdd86580cec7f8003c689,250,0.1,0.1,1.0,1.0,0.0,0.5,1e-06,1.5,12,20260910,"[3468870670,1795058418,782266476,3028781552,3601924132,2781666694,1477241983,2147731081,12]","[3468870670,1795058418,782266476,3028781552,3601924132,2781666694,1477241983,2147731081,12,0]","[3468870670,1795058418,782266476,3028781552,3601924132,2781666694,1477241983,2147731081,12,1]",PCG64,smoke,exponential,0.1,1.0,False,0.0,0,0.0,0.09571966027092277,0.09571966027092282,0.9829282079793847,0.9829282079793845,23.83419540745978,0.0004699844060599978,0.1,0.0,True,,0.6842945444623582,0.04707410901895154,0.43013313776354445,-216.18008977123048,True,12,0,CONVERGENCE: RELATIVE REDUCTION OF F <= FACTR*EPSMCH,3,3,3,0,-216.18008977123048,0.0,3.161800897712305e-08,euler,True,False,3,
cec2c40e6afe6af22ea0706cb48789f0d6b10024a5ccdd86580cec7f8003c689,250,0.1,0.1,1.0,1.0,0.0,0.5,1e-06,1.5,13,20260910,"[3468870670,1795058418,782266476,3028781552,3601924132,2781666694,1477241983,2147731081,13]","[3468870670,1795058418,782266476,3028781552,3601924132,2781666694,1477241983,2147731081,13,0]","[3468870670,1795058418,782266476,3028781552,3601924132,2781666694,1477241983,2147731081,13,1]",PCG64,smoke,exponential,0.1,1.0,False,0.0,0,0.0,0.09509783474940017,0.09509783474940021,0.9721491504921508,0.9721491504921506,23.679360852600652,0.0005729952287794049,0.1,0.0,True,,1.224034902719555,-0.06393681790691427,0.5058349514805496,-195.5601551454309,True,15,0,CONVERGENCE: RELATIVE REDUCTION OF F <= FACTR*EPSMCH,3,3,3,1,-195.5601551454309,0.0,2.9556015514543093e-08,exact,True,False,3,
cec2c40e6afe6af22ea0706cb48789f0d6b10024a5ccdd86580cec7f8003c689,250,0.1,0.1,1.0,1.0,0.0,0.5,1e-06,1.5,13,20260910,"[3468870670,1795058418,782266476,3028781552,3601924132,2781666694,1477241983,2147731081,13]","[3468870670,1795058418,782266476,3028781552,3601924132,2781666694,1477241983,2147731081,13,0]","[3468870670,1795058418,782266476,3028781552,3601924132,2781666694,1477241983,2147731081,13,1]",PCG64,smoke,exponential,0.1,1.0,False,0.0,0,0.0,0.09509783474940017,0.09509783474940021,0.9721491504921508,0.9721491504921506,23.679360852600652,0.0005729952287794049,0.1,0.0,True,,1.285587485161328,-0.10165058895233887,0.4937161958781809,-130.26778228088486,True,10,0,CONVERGENCE: RELATIVE REDUCTION OF F <= FACTR*EPSMCH,3,3,3,0,-130.26778228088486,0.0,2.3026778228088486e-08,pfml,True,False,3,
cec2c40e6afe6af22ea0706cb48789f0d6b10024a5ccdd86580cec7f8003c689,250,0.1,0.1,1.0,1.0,0.0,0.5,1e-06,1.5,13,20260910,"[3468870670,1795058418,782266476,3028781552,3601924132,2781666694,1477241983,2147731081,13]","[3468870670,1795058418,782266476,3028781552,3601924132,2781666694,1477241983,2147731081,13,0]","[3468870670,1795058418,782266476,3028781552,3601924132,2781666694,1477241983,2147731081,13,1]",PCG64,smoke,exponential,0.1,1.0,False,0.0,0,0.0,0.09509783474940017,0.09509783474940021,0.9721491504921508,0.9721491504921506,23.679360852600652,0.0005729952287794049,0.1,0.0,True,,1.0740856939448955,-0.07233438599072323,0.47988669087469094,-194.72515940140764,True,12,0,CONVERGENCE: RELATIVE REDUCTION OF F <= FACTR*EPSMCH,3,3,3,2,-194.72515940140764,0.0,2.9472515940140764e-08,euler,True,False,3,
cec2c40e6afe6af22ea0706cb48789f0d6b10024a5ccdd86580cec7f8003c689,250,0.1,0.1,1.0,1.0,0.0,0.5,1e-06,1.5,14,20260910,"[3468870670,1795058418,782266476,3028781552,3601924132,2781666694,1477241983,2147731081,14]","[3468870670,1795058418,782266476,3028781552,3601924132,2781666694,1477241983,2147731081,14,0]","[3468870670,1795058418,782266476,3028781552,3601924132,2781666694,1477241983,2147731081,14,1]",PCG64,smoke,exponential,0.1,1.0,False,0.0,0,0.0,0.10098529906238407,0.10098529906238411,0.9976257156603766,0.9976257156603764,25.145339466533642,0.0003083057341406459,0.1,0.0,True,,1.2124214785104013,0.12976765646555194,0.5141557276889717,-187.56395857726346,True,12,0,CONVERGENCE: RELATIVE REDUCTION OF F <= FACTR*EPSMCH,3,3,3,0,-187.56395857726346,0.0,2.8756395857726348e-08,exact,True,False,3,
cec2c40e6afe6af22ea0706cb48789f0d6b10024a5ccdd86580cec7f8003c689,250,0.1,0.1,1.0,1.0,0.0,0.5,1e-06,1.5,14,20260910,"[3468870670,1795058418,782266476,3028781552,3601924132,2781666694,1477241983,2147731081,14]","[3468870670,1795058418,782266476,3028781552,3601924132,2781666694,1477241983,2147731081,14,0]","[3468870670,1795058418,782266476,3028781552,3601924132,2781666694,1477241983,2147731081,14,1]",PCG64,smoke,exponential,0.1,1.0,False,0.0,0,0.0,0.10098529906238407,0.10098529906238411,0.9976257156603766,0.9976257156603764,25.145339466533642,0.0003083057341406459,0.1,0.0,True,,1.1012880970816084,0.10235441796286582,0.5025061787566293,-117.07373207542618,True,10,0,CONVERGENCE: RELATIVE REDUCTION OF F <= FACTR*EPSMCH,3,3,3,0,-117.07373207542618,0.0,2.170737320754262e-08,pfml,True,False,3,
cec2c40e6afe6af22ea0706cb48789f0d6b10024a5ccdd86580cec7f8003c689,250,0.1,0.1,1.0,1.0,0.0,0.5,1e-06,1.5,14,20260910,"[3468870670,1795058418,782266476,3028781552,3601924132,2781666694,1477241983,2147731081,14]","[3468870670,1795058418,782266476,3028781552,3601924132,2781666694,1477241983,2147731081,14,0]","[3468870670,1795058418,782266476,3028781552,3601924132,2781666694,1477241983,2147731081,14,1]",PCG64,smoke,exponential,0.1,1.0,False,0.0,0,0.0,0.10098529906238407,0.10098529906238411,0.9976257156603766,0.9976257156603764,25.145339466533642,0.0003083057341406459,0.1,0.0,True,,1.0785491356230206,0.13088383709923343,0.48618885707206166,-186.8645567305444,True,12,0,CONVERGENCE: RELATIVE REDUCTION OF F <= FACTR*EPSMCH,3,3,3,2,-186.8645567305444,0.0,2.868645567305444e-08,euler,True,False,3,
cec2c40e6afe6af22ea0706cb48789f0d6b10024a5ccdd86580cec7f8003c689,250,0.1,0.1,1.0,1.0,0.0,0.5,1e-06,1.5,15,20260910,"[3468870670,1795058418,782266476,3028781552,3601924132,2781666694,1477241983,2147731081,15]","[3468870670,1795058418,782266476,3028781552,3601924132,2781666694,1477241983,2147731081,15,0]","[3468870670,1795058418,782266476,3028781552,3601924132,2781666694,1477241983,2147731081,15,1]",PCG64,smoke,exponential,0.1,1.0,False,0.0,0,0.0,0.0966204178371529,0.0966204178371529,0.9919805843349393,0.9919805843349395,24.05848404145107,3.980858003238552e-06,0.1,0.0,True,,0.7253709489093493,0.2085474326038623,0.4597143495498426,-205.9723005227434,True,13,0,CONVERGENCE: RELATIVE REDUCTION OF F <= FACTR*EPSMCH,3,3,3,2,-205.9723005227434,0.0,3.059723005227434e-08,exact,True,False,3,
cec2c40e6afe6af22ea0706cb48789f0d6b10024a5ccdd86580cec7f8003c689,250,0.1,0.1,1.0,1.0,0.0,0.5,1e-06,1.5,15,20260910,"[3468870670,1795058418,782266476,3028781552,3601924132,2781666694,1477241983,2147731081,15]","[3468870670,1795058418,782266476,3028781552,3601924132,2781666694,1477241983,2147731081,15,0]","[3468870670,1795058418,782266476,3028781552,3601924132,2781666694,1477241983,2147731081,15,1]",PCG64,smoke,exponential,0.1,1.0,False,0.0,0,0.0,0.0966204178371529,0.0966204178371529,0.9919805843349393,0.9919805843349395,24.05848404145107,3.980858003238552e-06,0.1,0.0,True,,0.8102061114334047,0.21952168002930714,0.4756807666149684,-132.26457052125772,True,15,0,CONVERGENCE: RELATIVE REDUCTION OF F <= FACTR*EPSMCH,3,3,3,1,-132.26457052125772,0.0,2.3226457052125775e-08,pfml,True,False,3,
cec2c40e6afe6af22ea0706cb48789f0d6b10024a5ccdd86580cec7f8003c689,250,0.1,0.1,1.0,1.0,0.0,0.5,1e-06,1.5,15,20260910,"[3468870670,1795058418,782266476,3028781552,3601924132,2781666694,1477241983,2147731081,15]","[3468870670,1795058418,782266476,3028781552,3601924132,2781666694,1477241983,2147731081,15,0]","[3468870670,1795058418,782266476,3028781552,3601924132,2781666694,1477241983,2147731081,15,1]",PCG64,smoke,exponential,0.1,1.0,False,0.0,0,0.0,0.0966204178371529,0.0966204178371529,0.9919805843349393,0.9919805843349395,24.05848404145107,3.980858003238552e-06,0.1,0.0,True,,0.7636027421960832,0.2022547950710367,0.44297634519402485,-206.6836745132258,True,10,0,CONVERGENCE: RELATIVE REDUCTION OF F <= FACTR*EPSMCH,3,3,3,0,-206.6836745132258,0.0,3.066836745132258e-08,euler,True,False,3,
cec2c40e6afe6af22ea0706cb48789f0d6b10024a5ccdd86580cec7f8003c689,250,0.1,0.1,1.0,1.0,0.0,0.5,1e-06,1.5,16,20260910,"[3468870670,1795058418,782266476,3028781552,3601924132,2781666694,1477241983,2147731081,16]","[3468870670,1795058418,782266476,3028781552,3601924132,2781666694,1477241983,2147731081,16,0]","[3468870670,1795058418,782266476,3028781552,3601924132,2781666694,1477241983,2147731081,16,1]",PCG64,smoke,exponential,0.1,1.0,False,0.0,0,0.0,0.10140286558495495,0.10140286558495488,1.029315129309536,1.0293151293095373,25.249313530653765,0.00020395638239900649,0.1,0.0,True,,2.104616896701144,0.07150183608933246,0.47230748309906573,-215.3772632422432,True,10,0,CONVERGENCE: RELATIVE REDUCTION OF F <= FACTR*EPSMCH,3,3,3,0,-215.3772632422432,0.0,3.153772632422432e-08,exact,True,False,3,
cec2c40e6afe6af22ea0706cb48789f0d6b10024a5ccdd86580cec7f8003c689,250,0.1,0.1,1.0,1.0,0.0,0.5,1e-06,1.5,16,20260910,"[3468870670,1795058418,782266476,3028781552,3601924132,2781666694,1477241983,2147731081,16]","[3468870670,1795058418,782266476,3028781552,3601924132,2781666694,1477241983,2147731081,16,0]","[3468870670,1795058418,782266476,3028781552,3601924132,2781666694,1477241983,2147731081,16,1]",PCG64,smoke,exponential,0.1,1.0,False,0.0,0,0.0,0.10140286558495495,0.10140286558495488,1.029315129309536,1.0293151293095373,25.249313530653765,0.00020395638239900649,0.1,0.0,True,,2.12322079849398,0.06182308318384798,0.46360351220278206,-148.87895283362897,True,14,0,CONVERGENCE: RELATIVE REDUCTION OF F <= FACTR*EPSMCH,3,3,3,1,-148.87895283362897,0.0,2.48878952833629e-08,pfml,True,False,3,
cec2c40e6afe6af22ea0706cb48789f0d6b10024a5ccdd86580cec7f8003c689,250,0.1,0.1,1.0,1.0,0.0,0.5,1e-06,1.5,16,20260910,"[3468870670,1795058418,782266476,3028781552,3601924132,2781666694,1477241983,2147731081,16]","[3468870670,1795058418,782266476,3028781552,3601924132,2781666694,1477241983,2147731081,16,0]","[3468870670,1795058418,782266476,3028781552,3601924132,2781666694,1477241983,2147731081,16,1]",PCG64,smoke,exponential,0.1,1.0,False,0.0,0,0.0,0.10140286558495495,0.10140286558495488,1.029315129309536,1.0293151293095373,25.249313530653765,0.00020395638239900649,0.1,0.0,True,,1.8493500901679742,0.08419211114984772,0.4291840521330185,-214.56297118809053,True,14,0,CONVERGENCE: RELATIVE REDUCTION OF F <= FACTR*EPSMCH,3,3,3,1,-214.56297118809053,0.0,3.1456297118809056e-08,euler,True,False,3,
cec2c40e6afe6af22ea0706cb48789f0d6b10024a5ccdd86580cec7f8003c689,250,0.1,0.1,1.0,1.0,0.0,0.5,1e-06,1.5,17,20260910,"[3468870670,1795058418,782266476,3028781552,3601924132,2781666694,1477241983,2147731081,17]","[3468870670,1795058418,782266476,3028781552,3601924132,2781666694,1477241983,2147731081,17,0]","[3468870670,1795058418,782266476,3028781552,3601924132,2781666694,1477241983,2147731081,17,1]",PCG64,smoke,exponential,0.1,1.0,False,0.0,0,0.0,0.09510677962843551,0.09510677962843549,0.9357240205277387,0.9357240205277382,23.68158812748044,0.0001095934811736754,0.1,0.0,True,,0.7884823106160571,-0.08820670477106841,0.4838597371635105,-194.96211537426726,True,14,0,CONVERGENCE: RELATIVE REDUCTION OF F <= FACTR*EPSMCH,3,3,3,1,-194.96211537426726,0.0,2.9496211537426728e-08,exact,True,False,3,
cec2c40e6afe6af22ea0706cb48789f0d6b10024a5ccdd86580cec7f8003c689,250,0.1,0.1,1.0,1.0,0.0,0.5,1e-06,1.5,17,20260910,"[3468870670,1795058418,782266476,3028781552,3601924132,2781666694,1477241983,2147731081,17]","[3468870670,1795058418,782266476,3028781552,3601924132,2781666694,1477241983,2147731081,17,0]","[3468870670,1795058418,782266476,3028781552,3601924132,2781666694,1477241983,2147731081,17,1]",PCG64,smoke,exponential,0.1,1.0,False,0.0,0,0.0,0.09510677962843551,0.09510677962843549,0.9357240205277387,0.9357240205277382,23.68158812748044,0.0001095934811736754,0.1,0.0,True,,0.8669382896902293,-0.12292307083558866,0.4768771639393484,-134.11009951349544,True,14,0,CONVERGENCE: RELATIVE REDUCTION OF F <= FACTR*EPSMCH,3,3,3,1,-134.11009951349544,0.0,2.3411009951349545e-08,pfml,True,False,3,
cec2c40e6afe6af22ea0706cb48789f0d6b10024a5ccdd86580cec7f8003c689,250,0.1,0.1,1.0,1.0,0.0,0.5,1e-06,1.5,17,20260910,"[3468870670,1795058418,782266476,3028781552,3601924132,2781666694,1477241983,2147731081,17]","[3468870670,1795058418,782266476,3028781552,3601924132,2781666694,1477241983,2147731081,17,0]","[3468870670,1795058418,782266476,3028781552,3601924132,2781666694,1477241983,2147731081,17,1]",PCG64,smoke,exponential,0.1,1.0,False,0.0,0,0.0,0.09510677962843551,0.09510677962843549,0.9357240205277387,0.9357240205277382,23.68158812748044,0.0001095934811736754,0.1,0.0,True,,0.7691992332216259,-0.09533060516414123,0.4666290268033347,-194.87313983263084,True,12,0,CONVERGENCE: RELATIVE REDUCTION OF F <= FACTR*EPSMCH,3,3,3,0,-194.87313983263084,0.0,2.9487313983263084e-08,euler,True,False,3,
cec2c40e6afe6af22ea0706cb48789f0d6b10024a5ccdd86580cec7f8003c689,250,0.1,0.1,1.0,1.0,0.0,0.5,1e-06,1.5,18,20260910,"[3468870670,1795058418,782266476,3028781552,3601924132,2781666694,1477241983,2147731081,18]","[3468870670,1795058418,782266476,3028781552,3601924132,2781666694,1477241983,2147731081,18,0]","[3468870670,1795058418,782266476,3028781552,3601924132,2781666694,1477241983,2147731081,18,1]",PCG64,smoke,exponential,0.1,1.0,False,0.0,0,0.0,0.10241345340362018,0.1024134534036202,1.038706266849275,1.038706266849275,25.500949897501428,0.000208451876121174,0.1,0.0,True,,0.8231488429686241,0.012159359327348483,0.5086371999895756,-184.7528559407906,True,16,0,CONVERGENCE: RELATIVE REDUCTION OF F <= FACTR*EPSMCH,3,3,3,1,-184.7528559407906,0.0,2.847528559407906e-08,exact,True,False,3,
cec2c40e6afe6af22ea0706cb48789f0d6b10024a5ccdd86580cec7f8003c689,250,0.1,0.1,1.0,1.0,0.0,0.5,1e-06,1.5,18,20260910,"[3468870670,1795058418,782266476,3028781552,3601924132,2781666694,1477241983,2147731081,18]","[3468870670,1795058418,782266476,3028781552,3601924132,2781666694,1477241983,2147731081,18,0]","[3468870670,1795058418,782266476,3028781552,3601924132,2781666694,1477241983,2147731081,18,1]",PCG64,smoke,exponential,0.1,1.0,False,0.0,0,0.0,0.10241345340362018,0.1024134534036202,1.038706266849275,1.038706266849275,25.500949897501428,0.000208451876121174,0.1,0.0,True,,0.8607326282951178,-0.01765339828064144,0.5020299253771743,-112.78542881574302,True,9,0,CONVERGENCE: RELATIVE REDUCTION OF F <= FACTR*EPSMCH,3,3,3,0,-112.78542881574302,0.0,2.1278542881574303e-08,pfml,True,False,3,
cec2c40e6afe6af22ea0706cb48789f0d6b10024a5ccdd86580cec7f8003c689,250,0.1,0.1,1.0,1.0,0.0,0.5,1e-06,1.5,18,20260910,"[3468870670,1795058418,782266476,3028781552,3601924132,2781666694,1477241983,2147731081,18]","[3468870670,1795058418,782266476,3028781552,3601924132,2781666694,1477241983,2147731081,18,0]","[3468870670,1795058418,782266476,3028781552,3601924132,2781666694,1477241983,2147731081,18,1]",PCG64,smoke,exponential,0.1,1.0,False,0.0,0,0.0,0.10241345340362018,0.1024134534036202,1.038706266849275,1.038706266849275,25.500949897501428,0.000208451876121174,0.1,0.0,True,,0.7658930469856028,0.008805857539220703,0.4888412747311386,-184.44768024641485,True,15,0,CONVERGENCE: NORM OF PROJECTED GRADIENT <= PGTOL,3,3,3,1,-184.44768024641485,0.0,2.8444768024641485e-08,euler,True,False,3,
cec2c40e6afe6af22ea0706cb48789f0d6b10024a5ccdd86580cec7f8003c689,250,0.1,0.1,1.0,1.0,0.0,0.5,1e-06,1.5,19,20260910,"[3468870670,1795058418,782266476,3028781552,3601924132,2781666694,1477241983,2147731081,19]","[3468870670,1795058418,782266476,3028781552,3601924132,2781666694,1477241983,2147731081,19,0]","[3468870670,1795058418,782266476,3028781552,3601924132,2781666694,1477241983,2147731081,19,1]",PCG64,smoke,exponential,0.1,1.0,False,0.0,0,0.0,0.09494899660829412,0.09494899660829417,1.0129569052597134,1.0129569052597116,23.642300155465247,8.71810639679893e-05,0.1,0.0,True,,0.906020126069812,-0.04380672596435645,0.4947053622604211,-205.52413159783146,True,15,0,CONVERGENCE: NORM OF PROJECTED GRADIENT <= PGTOL,3,3,3,1,-205.52413159783146,0.0,3.055241315978315e-08,exact,True,False,3,
cec2c40e6afe6af22ea0706cb48789f0d6b10024a5ccdd86580cec7f8003c689,250,0.1,0.1,1.0,1.0,0.0,0.5,1e-06,1.5,19,20260910,"[3468870670,1795058418,782266476,3028781552,3601924132,2781666694,1477241983,2147731081,19]","[3468870670,1795058418,782266476,3028781552,3601924132,2781666694,1477241983,2147731081,19,0]","[3468870670,1795058418,782266476,3028781552,3601924132,2781666694,1477241983,2147731081,19,1]",PCG64,smoke,exponential,0.1,1.0,False,0.0,0,0.0,0.09494899660829412,0.09494899660829417,1.0129569052597134,1.0129569052597116,23.642300155465247,8.71810639679893e-05,0.1,0.0,True,,0.910165899569312,-0.04052316482217159,0.5177944533778494,-114.29935321125271,True,8,0,CONVERGENCE: RELATIVE REDUCTION OF F <= FACTR*EPSMCH,3,3,3,0,-114.29935321125271,0.0,2.142993532112527e-08,pfml,True,False,3,
cec2c40e6afe6af22ea0706cb48789f0d6b10024a5ccdd86580cec7f8003c689,250,0.1,0.1,1.0,1.0,0.0,0.5,1e-06,1.5,19,20260910,"[3468870670,1795058418,782266476,3028781552,3601924132,2781666694,1477241983,2147731081,19]","[3468870670,1795058418,782266476,3028781552,3601924132,2781666694,1477241983,2147731081,19,0]","[3468870670,1795058418,782266476,3028781552,3601924132,2781666694,1477241983,2147731081,19,1]",PCG64,smoke,exponential,0.1,1.0,False,0.0,0,0.0,0.09494899660829412,0.09494899660829417,1.0129569052597134,1.0129569052597116,23.642300155465247,8.71810639679893e-05,0.1,0.0,True,,0.9611703687248127,-0.052673129319309384,0.4722636050149003,-206.68407105144445,True,14,0,CONVERGENCE: RELATIVE REDUCTION OF F <= FACTR*EPSMCH,3,3,3,1,-206.68407105144445,0.0,3.0668407105144444e-08,euler,True,False,3,
235ef1f8035b9cc6732de77197f949f222fa3122de542245744d8e3e88c1098d,250,0.1,0.1,2.0,1.0,0.0,0.5,1e-06,1.5,0,20260910,"[593424888,56335558,1932388209,2549697010,586821922,3730055749,1951239742,2294352269,0]","[593424888,56335558,1932388209,2549697010,586821922,3730055749,1951239742,2294352269,0,0]","[593424888,56335558,1932388209,2549697010,586821922,3730055749,1951239742,2294352269,0,1]",PCG64,smoke,gamma,0.1,2.0,True,1e-07,6,0.024096385542168676,0.10616661666938974,0.10616661870645946,2.171972877714013,2.17197282720521,26.435488057908405,9.99999993922529e-08,0.10000000197357617,0.024669701620415353,True,,1.3888137082721173,0.11673666959626294,0.4929501706549118,-437.2155988329686,True,19,0,CONVERGENCE: RELATIVE REDUCTION OF F <= FACTR*EPSMCH,3,3,3,1,-437.2155988329686,0.0,5.372155988329686e-08,exact,True,False,3,
235ef1f8035b9cc6732de77197f949f222fa3122de542245744d8e3e88c1098d,250,0.1,0.1,2.0,1.0,0.0,0.5,1e-06,1.5,0,20260910,"[593424888,56335558,1932388209,2549697010,586821922,3730055749,1951239742,2294352269,0]","[593424888,56335558,1932388209,2549697010,586821922,3730055749,1951239742,2294352269,0,0]","[593424888,56335558,1932388209,2549697010,586821922,3730055749,1951239742,2294352269,0,1]",PCG64,smoke,gamma,0.1,2.0,True,1e-07,6,0.024096385542168676,0.10616661666938974,0.10616661870645946,2.171972877714013,2.17197282720521,26.435488057908405,9.99999993922529e-08,0.10000000197357617,0.024669701620415353,True,,0.8281663132886143,0.12008650942906088,0.4039091150155061,-162.42703301561446,True,10,0,CONVERGENCE: RELATIVE REDUCTION OF F <= FACTR*EPSMCH,3,3,3,0,-162.42703301561446,0.0,2.6242703301561448e-08,pfml,True,False,3,
235ef1f8035b9cc6732de77197f949f222fa3122de542245744d8e3e88c1098d,250,0.1,0.1,2.0,1.0,0.0,0.5,1e-06,1.5,0,20260910,"[593424888,56335558,1932388209,2549697010,586821922,3730055749,1951239742,2294352269,0]","[593424888,56335558,1932388209,2549697010,586821922,3730055749,1951239742,2294352269,0,0]","[593424888,56335558,1932388209,2549697010,586821922,3730055749,1951239742,2294352269,0,1]",PCG64,smoke,gamma,0.1,2.0,True,1e-07,6,0.024096385542168676,0.10616661666938974,0.10616661870645946,2.171972877714013,2.17197282720521,26.435488057908405,9.99999993922529e-08,0.10000000197357617,0.024669701620415353,True,,0.9818581893367079,0.1127904852616342,0.47005368703639777,-433.0361627439825,True,12,0,CONVERGENCE: RELATIVE REDUCTION OF F <= FACTR*EPSMCH,3,3,3,0,-433.0361627439825,0.0,5.330361627439825e-08,euler,True,False,3,
235ef1f8035b9cc6732de77197f949f222fa3122de542245744d8e3e88c1098d,250,0.1,0.1,2.0,1.0,0.0,0.5,1e-06,1.5,1,20260910,"[593424888,56335558,1932388209,2549697010,586821922,3730055749,1951239742,2294352269,1]","[593424888,56335558,1932388209,2549697010,586821922,3730055749,1951239742,2294352269,1,0]","[593424888,56335558,1932388209,2549697010,586821922,3730055749,1951239742,2294352269,1,1]",PCG64,smoke,gamma,0.1,2.0,True,1e-07,10,0.040160642570281124,0.10746762371824527,0.10746762663224388,2.1775384410841427,2.177538369587719,26.759439031428727,9.999999983634211e-08,0.10000000197357617,0.024669701620415353,True,,1.0269794156850902,-0.02213323581220605,0.4674452701985865,-509.443967184293,True,10,0,CONVERGENCE: RELATIVE REDUCTION OF F <= FACTR*EPSMCH,3,3,3,0,-509.443967184293,0.0,6.09443967184293e-08,exact,True,False,3,
235ef1f8035b9cc6732de77197f949f222fa3122de542245744d8e3e88c1098d,250,0.1,0.1,2.0,1.0,0.0,0.5,1e-06,1.5,1,20260910,"[593424888,56335558,1932388209,2549697010,586821922,3730055749,1951239742,2294352269,1]","[593424888,56335558,1932388209,2549697010,586821922,3730055749,1951239742,2294352269,1,0]","[593424888,56335558,1932388209,2549697010,586821922,3730055749,1951239742,2294352269,1,1]",PCG64,smoke,gamma,0.1,2.0,True,1e-07,10,0.040160642570281124,0.10746762371824527,0.10746762663224388,2.1775384410841427,2.177538369587719,26.759439031428727,9.999999983634211e-08,0.10000000197357617,0.024669701620415353,True,,0.9942594800735581,0.018730321767242576,0.46134474758259153,-130.08463458781156,True,14,0,CONVERGENCE: RELATIVE REDUCTION OF F <= FACTR*EPSMCH,3,3,3,1,-130.08463458781156,0.0,2.3008463458781157e-08,pfml,True,False,3,
235ef1f8035b9cc6732de77197f949f222fa3122de542245744d8e3e88c1098d,250,0.1,0.1,2.0,1.0,0.0,0.5,1e-06,1.5,1,20260910,"[593424888,56335558,1932388209,2549697010,586821922,3730055749,1951239742,2294352269,1]","[593424888,56335558,1932388209,2549697010,586821922,3730055749,1951239742,2294352269,1,0]","[593424888,56335558,1932388209,2549697010,586821922,3730055749,1951239742,2294352269,1,1]",PCG64,smoke,gamma,0.1,2.0,True,1e-07,10,0.040160642570281124,0.10746762371824527,0.10746762663224388,2.1775384410841427,2.177538369587719,26.759439031428727,9.999999983634211e-08,0.10000000197357617,0.024669701620415353,True,,1.0182492689861378,-0.03220536422116826,0.44448120636496674,-509.6386976072174,True,11,0,CONVERGENCE: RELATIVE REDUCTION OF F <= FACTR*EPSMCH,3,3,3,0,-509.6386976072174,0.0,6.096386976072175e-08,euler,True,False,3,
235ef1f8035b9cc6732de77197f949f222fa3122de542245744d8e3e88c1098d,250,0.1,0.1,2.0,1.0,0.0,0.5,1e-06,1.5,2,20260910,"[593424888,56335558,1932388209,2549697010,586821922,3730055749,1951239742,2294352269,2]","[593424888,56335558,1932388209,2549697010,586821922,3730055749,1951239742,2294352269,2,0]","[593424888,56335558,1932388209,2549697010,586821922,3730055749,1951239742,2294352269,2,1]",PCG64,smoke,gamma,0.1,2.0,True,1e-07,7,0.028112449799196786,0.09737164816287036,0.09737165046823797,2.314489543694452,2.3144894786672348,24.245540966591253,9.99999993922529e-08,0.10000000197357617,0.024669701620415353,True,,0.9307076307639663,-0.10175313293673327,0.44055298998017617,-496.02997805232815,True,16,0,CONVERGENCE: RELATIVE REDUCTION OF F <= FACTR*EPSMCH,3,3,3,1,-496.02997805232815,0.0,5.960299780523282e-08,exact,True,False,3,
235ef1f8035b9cc6732de77197f949f222fa3122de542245744d8e3e88c1098d,250,0.1,0.1,2.0,1.0,0.0,0.5,1e-06,1.5,2,20260910,"[593424888,56335558,1932388209,2549697010,586821922,3730055749,1951239742,2294352269,2]","[593424888,56335558,1932388209,2549697010,586821922,3730055749,1951239742,2294352269,2,0]","[593424888,56335558,1932388209,2549697010,586821922,3730055749,1951239742,2294352269,2,1]",PCG64,smoke,gamma,0.1,2.0,True,1e-07,7,0.028112449799196786,0.09737164816287036,0.09737165046823797,2.314489543694452,2.3144894786672348,24.245540966591253,9.99999993922529e-08,0.10000000197357617,0.024669701620415353,True,,0.83229730106717,-0.03637046761018107,0.39880622068898786,-175.52634157535226,True,15,0,CONVERGENCE: RELATIVE REDUCTION OF F <= FACTR*EPSMCH,3,3,3,1,-175.52634157535226,0.0,2.755263415753523e-08,pfml,True,False,3,
235ef1f8035b9cc6732de77197f949f222fa3122de542245744d8e3e88c1098d,250,0.1,0.1,2.0,1.0,0.0,0.5,1e-06,1.5,2,20260910,"[593424888,56335558,1932388209,2549697010,586821922,3730055749,1951239742,2294352269,2]","[593424888,56335558,1932388209,2549697010,586821922,3730055749,1951239742,2294352269,2,0]","[593424888,56335558,1932388209,2549697010,586821922,3730055749,1951239742,2294352269,2,1]",PCG64,smoke,gamma,0.1,2.0,True,1e-07,7,0.028112449799196786,0.09737164816287036,0.09737165046823797,2.314489543694452,2.3144894786672348,24.245540966591253,9.99999993922529e-08,0.10000000197357617,0.024669701620415353,True,,0.8117845602884834,-0.08830194333399341,0.42475868318655213,-494.8632854190345,True,17,0,CONVERGENCE: RELATIVE REDUCTION OF F <= FACTR*EPSMCH,3,3,3,1,-494.8632854190345,0.0,5.9486328541903456e-08,euler,True,False,3,
235ef1f8035b9cc6732de77197f949f222fa3122de542245744d8e3e88c1098d,250,0.1,0.1,2.0,1.0,0.0,0.5,1e-06,1.5,3,20260910,"[593424888,56335558,1932388209,2549697010,586821922,3730055749,1951239742,2294352269,3]","[593424888,56335558,1932388209,2549697010,586821922,3730055749,1951239742,2294352269,3,0]","[593424888,56335558,1932388209,2549697010,586821922,3730055749,1951239742,2294352269,3,1]",PCG64,smoke,gamma,0.1,2.0,True,1e-07,7,0.028112449799196786,0.10594681447050538,0.1059468168950426,1.9052062882023157,1.9052062325911316,26.3807574068656,9.99999993922529e-08,0.10000000197357617,0.024669701620415353,True,,1.8060495889683443,0.17339480839408308,0.5053429434278299,-494.7712775726218,True,17,0,CONVERGENCE: RELATIVE REDUCTION OF F <= FACTR*EPSMCH,3,3,3,1,-494.7712775726218,0.0,5.947712775726218e-08,exact,True,False,3,
235ef1f8035b9cc6732de77197f949f222fa3122de542245744d8e3e88c1098d,250,0.1,0.1,2.0,1.0,0.0,0.5,1e-06,1.5,3,20260910,"[593424888,56335558,1932388209,2549697010,586821922,3730055749,1951239742,2294352269,3]","[593424888,56335558,1932388209,2549697010,586821922,3730055749,1951239742,2294352269,3,0]","[593424888,56335558,1932388209,2549697010,586821922,3730055749,1951239742,2294352269,3,1]",PCG64,smoke,gamma,0.1,2.0,True,1e-07,7,0.028112449799196786,0.10594681447050538,0.1059468168950426,1.9052062882023157,1.9052062325911316,26.3807574068656,9.99999993922529e-08,0.10000000197357617,0.024669701620415353,True,,1.2336854150594745,0.17146770643613707,0.4230170556395989,-156.30798985148704,True,13,0,CONVERGENCE: RELATIVE REDUCTION OF F <= FACTR*EPSMCH,3,3,3,1,-156.30798985148704,0.0,2.5630798985148705e-08,pfml,True,False,3,
235ef1f8035b9cc6732de77197f949f222fa3122de542245744d8e3e88c1098d,250,0.1,0.1,2.0,1.0,0.0,0.5,1e-06,1.5,3,20260910,"[593424888,56335558,1932388209,2549697010,586821922,3730055749,1951239742,2294352269,3]","[593424888,56335558,1932388209,2549697010,586821922,3730055749,1951239742,2294352269,3,0]","[593424888,56335558,1932388209,2549697010,586821922,3730055749,1951239742,2294352269,3,1]",PCG64,smoke,gamma,0.1,2.0,True,1e-07,7,0.028112449799196786,0.10594681447050538,0.1059468168950426,1.9052062882023157,1.9052062325911316,26.3807574068656,9.99999993922529e-08,0.10000000197357617,0.024669701620415353,True,,1.202021183282359,0.1571393748585823,0.47537108077533985,-489.51120399917767,True,12,0,CONVERGENCE: RELATIVE REDUCTION OF F <= FACTR*EPSMCH,3,3,3,0,-489.51120399917767,0.0,5.895112039991777e-08,euler,True,False,3,
235ef1f8035b9cc6732de77197f949f222fa3122de542245744d8e3e88c1098d,250,0.1,0.1,2.0,1.0,0.0,0.5,1e-06,1.5,4,20260910,"[593424888,56335558,1932388209,2549697010,586821922,3730055749,1951239742,2294352269,4]","[593424888,56335558,1932388209,2549697010,586821922,3730055749,1951239742,2294352269,4,0]","[593424888,56335558,1932388209,2549697010,586821922,3730055749,1951239742,2294352269,4,1]",PCG64,smoke,gamma,0.1,2.0,True,1e-07,8,0.0321285140562249,0.08495323043606161,0.08495323309018352,2.0295173900160584,2.029517311215693,21.1533550394557,9.99999993922529e-08,0.10000000197357617,0.024669701620415353,True,,1.2142692945078948,0.17864705786490062,0.49799924418777514,-489.93812582151077,True,13,0,CONVERGENCE: RELATIVE REDUCTION OF F <= FACTR*EPSMCH,3,3,3,0,-489.93812582151077,0.0,5.899381258215108e-08,exact,True,False,3,
235ef1f8035b9cc6732de77197f949f222fa3122de542245744d8e3e88c1098d,250,0.1,0.1,2.0,1.0,0.0,0.5,1e-06,1.5,4,20260910,"[593424888,56335558,1932388209,2549697010,586821922,3730055749,1951239742,2294352269,4]","[593424888,56335558,1932388209,2549697010,586821922,3730055749,1951239742,2294352269,4,0]","[593424888,56335558,1932388209,2549697010,586821922,3730055749,1951239742,2294352269,4,1]",PCG64,smoke,gamma,0.1,2.0,True,1e-07,8,0.0321285140562249,0.08495323043606161,0.08495323309018352,2.0295173900160584,2.029517311215693,21.1533550394557,9.99999993922529e-08,0.10000000197357617,0.024669701620415353,True,,0.9320187277481016,0.1892983605909547,0.4120209073366578,-184.16949320647166,True,7,0,CONVERGENCE: RELATIVE REDUCTION OF F <= FACTR*EPSMCH,3,3,3,0,-184.16949320647166,0.0,2.8416949320647167e-08,pfml,True,False,3,
235ef1f8035b9cc6732de77197f949f222fa3122de542245744d8e3e88c1098d,250,0.1,0.1,2.0,1.0,0.0,0.5,1e-06,1.5,4,20260910,"[593424888,56335558,1932388209,2549697010,586821922,3730055749,1951239742,2294352269,4]","[593424888,56335558,1932388209,2549697010,586821922,3730055749,1951239742,2294352269,4,0]","[593424888,56335558,1932388209,2549697010,586821922,3730055749,1951239742,2294352269,4,1]",PCG64,smoke,gamma,0.1,2.0,True,1e-07,8,0.0321285140562249,0.08495323043606161,0.08495323309018352,2.0295173900160584,2.029517311215693,21.1533550394557,9.99999993922529e-08,0.10000000197357617,0.024669701620415353,True,,0.8365449551687073,0.18378183811252435,0.4809978084502158,-486.8400415261472,True,11,0,CONVERGENCE: RELATIVE REDUCTION OF F <= FACTR*EPSMCH,3,3,3,2,-486.8400415261472,0.0,5.868400415261473e-08,euler,True,False,3,
235ef1f8035b9cc6732de77197f949f222fa3122de542245744d8e3e88c1098d,250,0.1,0.1,2.0,1.0,0.0,0.5,1e-06,1.5,5,20260910,"[593424888,56335558,1932388209,2549697010,586821922,3730055749,1951239742,2294352269,5]","[593424888,56335558,1932388209,2549697010,586821922,3730055749,1951239742,2294352269,5,0]","[593424888,56335558,1932388209,2549697010,586821922,3730055749,1951239742,2294352269,5,1]",PCG64,smoke,gamma,0.1,2.0,True,1e-07,6,0.024096385542168676,0.08494950666513655,0.08494950841003562,1.8809051031850657,1.880905053629981,21.15242759409887,9.99999993922529e-08,0.10000000197357617,0.024669701620415353,True,,0.6271019073734991,0.1081431505471958,0.5105810261999845,-490.6440194827686,True,13,0,CONVERGENCE: RELATIVE REDUCTION OF F <= FACTR*EPSMCH,3,3,3,2,-490.6440194827686,0.0,5.906440194827687e-08,exact,True,False,3,
235ef1f8035b9cc6732de77197f949f222fa3122de542245744d8e3e88c1098d,250,0.1,0.1,2.0,1.0,0.0,0.5,1e-06,1.5,5,20260910,"[593424888,56335558,1932388209,2549697010,586821922,3730055749,1951239742,2294352269,5]","[593424888,56335558,1932388209,2549697010,586821922,3730055749,1951239742,2294352269,5,0]","[593424888,56335558,1932388209,2549697010,586821922,3730055749,1951239742,2294352269,5,1]",PCG64,smoke,gamma,0.1,2.0,True,1e-07,6,0.024096385542168676,0.08494950666513655,0.08494950841003562,1.8809051031850657,1.880905053629981,21.15242759409887,9.99999993922529e-08,0.10000000197357617,0.024669701620415353,True,,0.5444525856407899,0.1665432223980223,0.4564888939918199,-154.64113071732356,True,12,0,CONVERGENCE: RELATIVE REDUCTION OF F <= FACTR*EPSMCH,3,3,3,2,-154.64113071732356,0.0,2.5464113071732357e-08,pfml,True,False,3,
235ef1f8035b9cc6732de77197f949f222fa3122de542245744d8e3e88c1098d,250,0.1,0.1,2.0,1.0,0.0,0.5,1e-06,1.5,5,20260910,"[593424888,56335558,1932388209,2549697010,586821922,3730055749,1951239742,2294352269,5]","[593424888,56335558,1932388209,2549697010,586821922,3730055749,1951239742,2294352269,5,0]","[593424888,56335558,1932388209,2549697010,586821922,3730055749,1951239742,2294352269,5,1]",PCG64,smoke,gamma,0.1,2.0,True,1e-07,6,0.024096385542168676,0.08494950666513655,0.08494950841003562,1.8809051031850657,1.880905053629981,21.15242759409887,9.99999993922529e-08,0.10000000197357617,0.024669701620415353,True,,0.5331168288335719,0.10724849294042853,0.49964787383135967,-489.6671595557365,True,14,0,CONVERGENCE: RELATIVE REDUCTION OF F <= FACTR*EPSMCH,3,3,3,1,-489.6671595557365,0.0,5.8966715955573655e-08,euler,True,False,3,
235ef1f8035b9cc6732de77197f949f222fa3122de542245744d8e3e88c1098d,250,0.1,0.1,2.0,1.0,0.0,0.5,1e-06,1.5,6,20260910,"[593424888,56335558,1932388209,2549697010,586821922,3730055749,1951239742,2294352269,6]","[593424888,56335558,1932388209,2549697010,586821922,3730055749,1951239742,2294352269,6,0]","[593424888,56335558,1932388209,2549697010,586821922,3730055749,1951239742,2294352269,6,1]",PCG64,smoke,gamma,0.1,2.0,True,1e-07,7,0.028112449799196786,0.0951982651402727,0.09519826718487782,2.1535507663377285,2.153550710112214,23.704368529034582,9.99999993922529e-08,0.10000000197357617,0.024669701620415353,True,,1.6076835271252021,0.06340902667745979,0.5219764375447489,-489.3384782745717,True,11,0,CONVERGENCE: RELATIVE REDUCTION OF F <= FACTR*EPSMCH,3,3,3,0,-489.3384782745717,0.0,5.893384782745717e-08,exact,True,False,3,
235ef1f8035b9cc6732de77197f949f222fa3122de542245744d8e3e88c1098d,250,0.1,0.1,2.0,1.0,0.0,0.5,1e-06,1.5,6,20260910,"[593424888,56335558,1932388209,2549697010,586821922,3730055749,1951239742,2294352269,6]","[593424888,56335558,1932388209,2549697010,586821922,3730055749,1951239742,2294352269,6,0]","[593424888,56335558,1932388209,2549697010,586821922,3730055749,1951239742,2294352269,6,1]",PCG64,smoke,gamma,0.1,2.0,True,1e-07,7,0.028112449799196786,0.0951982651402727,0.09519826718487782,2.1535507663377285,2.153550710112214,23.704368529034582,9.99999993922529e-08,0.10000000197357617,0.024669701620415353,True,,1.7359083111556952,0.02598447707938455,0.5403505428038803,-112.75951345179587,True,14,0,CONVERGENCE: RELATIVE REDUCTION OF F <= FACTR*EPSMCH,3,3,3,1,-112.75951345179587,0.0,2.1275951345179587e-08,pfml,True,False,3,
235ef1f8035b9cc6732de77197f949f222fa3122de542245744d8e3e88c1098d,250,0.1,0.1,2.0,1.0,0.0,0.5,1e-06,1.5,6,20260910,"[593424888,56335558,1932388209,2549697010,586821922,3730055749,1951239742,2294352269,6]","[593424888,56335558,1932388209,2549697010,586821922,3730055749,1951239742,2294352269,6,0]","[593424888,56335558,1932388209,2549697010,586821922,3730055749,1951239742,2294352269,6,1]",PCG64,smoke,gamma,0.1,2.0,True,1e-07,7,0.028112449799196786,0.0951982651402727,0.09519826718487782,2.1535507663377285,2.153550710112214,23.704368529034582,9.99999993922529e-08,0.10000000197357617,0.024669701620415353,True,,1.4102937097998147,0.10796934173130117,0.4880185580245553,-489.58679256076175,True,14,0,CONVERGENCE: RELATIVE REDUCTION OF F <= FACTR*EPSMCH,3,3,3,1,-489.58679256076175,0.0,5.895867925607617e-08,euler,True,False,3,
235ef1f8035b9cc6732de77197f949f222fa3122de542245744d8e3e88c1098d,250,0.1,0.1,2.0,1.0,0.0,0.5,1e-06,1.5,7,20260910,"[593424888,56335558,1932388209,2549697010,586821922,3730055749,1951239742,2294352269,7]","[593424888,56335558,1932388209,2549697010,586821922,3730055749,1951239742,2294352269,7,0]","[593424888,56335558,1932388209,2549697010,586821922,3730055749,1951239742,2294352269,7,1]",PCG64,smoke,gamma,0.1,2.0,True,1e-07,5,0.020080321285140562,0.07053503464157362,0.07053503653994499,1.7708760923346585,1.7708760294754682,17.5632240984463,9.99999993922529e-08,0.10000000197357617,0.024669701620415353,True,,0.9159535184977643,-0.1512755488507937,0.4425770066283202,-506.18312473499395,True,15,0,CONVERGENCE: RELATIVE REDUCTION OF F <= FACTR*EPSMCH,3,3,3,1,-506.18312473499395,0.0,6.06183124734994e-08,exact,True,False,3,
235ef1f8035b9cc6732de77197f949f222fa3122de542245744d8e3e88c1098d,250,0.1,0.1,2.0,1.0,0.0,0.5,1e-06,1.5,7,20260910,"[593424888,56335558,1932388209,2549697010,586821922,3730055749,1951239742,2294352269,7]","[593424888,56335558,1932388209,2549697010,586821922,3730055749,1951239742,2294352269,7,0]","[593424888,56335558,1932388209,2549697010,586821922,3730055749,1951239742,2294352269,7,1]",PCG64,smoke,gamma,0.1,2.0,True,1e-07,5,0.020080321285140562,0.07053503464157362,0.07053503653994499,1.7708760923346585,1.7708760294754682,17.5632240984463,9.99999993922529e-08,0.10000000197357617,0.024669701620415353,True,,0.8714800722817229,-0.10499583996149367,0.42361913120424477,-198.26000362510104,True,14,0,CONVERGENCE: RELATIVE REDUCTION OF F <= FACTR*EPSMCH,3,3,3,1,-198.26000362510104,0.0,2.982600036251011e-08,pfml,True,False,3,
235ef1f8035b9cc6732de77197f949f222fa3122de542245744d8e3e88c1098d,250,0.1,0.1,2.0,1.0,0.0,0.5,1e-06,1.5,7,20260910,"[593424888,56335558,1932388209,2549697010,586821922,3730055749,1951239742,2294352269,7]","[593424888,56335558,1932388209,2549697010,586821922,3730055749,1951239742,2294352269,7,0]","[593424888,56335558,1932388209,2549697010,586821922,3730055749,1951239742,2294352269,7,1]",PCG64,smoke,gamma,0.1,2.0,True,1e-07,5,0.020080321285140562,0.07053503464157362,0.07053503653994499,1.7708760923346585,1.7708760294754682,17.5632240984463,9.99999993922529e-08,0.10000000197357617,0.024669701620415353,True,,0.8340646179834883,-0.15016515539992156,0.4300561735067582,-505.64153484826426,True,14,0,CONVERGENCE: RELATIVE REDUCTION OF F <= FACTR*EPSMCH,3,3,3,2,-505.64153484826426,0.0,6.056415348482642e-08,euler,True,False,3,
235ef1f8035b9cc6732de77197f949f222fa3122de542245744d8e3e88c1098d,250,0.1,0.1,2.0,1.0,0.0,0.5,1e-06,1.5,8,20260910,"[593424888,56335558,1932388209,2549697010,586821922,3730055749,1951239742,2294352269,8]","[593424888,56335558,1932388209,2549697010,586821922,3730055749,1951239742,2294352269,8,0]","[593424888,56335558,1932388209,2549697010,586821922,3730055749,1951239742,2294352269,8,1]",PCG64,smoke,gamma,0.1,2.0,True,1e-07,6,0.024096385542168676,0.09760588477812447,0.09760588685275837,2.1207369681043953,2.1207369130051257,24.303865826336832,9.999999994736442e-08,0.10000000197357617,0.024669701620415353,True,,1.0514562243757106,-0.127653149591793,0.4860407843995114,-454.09205341461677,True,13,0,CONVERGENCE: RELATIVE REDUCTION OF F <= FACTR*EPSMCH,3,3,3,2,-454.09205341461677,0.0,5.5409205341461685e-08,exact,True,False,3,
235ef1f8035b9cc6732de77197f949f222fa3122de542245744d8e3e88c1098d,250,0.1,0.1,2.0,1.0,0.0,0.5,1e-06,1.5,8,20260910,"[593424888,56335558,1932388209,2549697010,586821922,3730055749,1951239742,2294352269,8]","[593424888,56335558,1932388209,2549697010,586821922,3730055749,1951239742,2294352269,8,0]","[593424888,56335558,1932388209,2549697010,586821922,3730055749,1951239742,2294352269,8,1]",PCG64,smoke,gamma,0.1,2.0,True,1e-07,6,0.024096385542168676,0.09760588477812447,0.09760588685275837,2.1207369681043953,2.1207369130051257,24.303865826336832,9.999999994736442e-08,0.10000000197357617,0.024669701620415353,True,,0.5935418537367849,-0.11974119554042781,0.3880047831600988,-179.25379088970737,True,16,0,CONVERGENCE: RELATIVE REDUCTION OF F <= FACTR*EPSMCH,3,3,3,1,-179.25379088970737,0.0,2.7925379088970738e-08,pfml,True,False,3,
235ef1f8035b9cc6732de77197f949f222fa3122de542245744d8e3e88c1098d,250,0.1,0.1,2.0,1.0,0.0,0.5,1e-06,1.5,8,20260910,"[593424888,56335558,1932388209,2549697010,586821922,3730055749,1951239742,2294352269,8]","[593424888,56335558,1932388209,2549697010,586821922,3730055749,1951239742,2294352269,8,0]","[593424888,56335558,1932388209,2549697010,586821922,3730055749,1951239742,2294352269,8,1]",PCG64,smoke,gamma,0.1,2.0,True,1e-07,6,0.024096385542168676,0.09760588477812447,0.09760588685275837,2.1207369681043953,2.1207369130051257,24.303865826336832,9.999999994736442e-08,0.10000000197357617,0.024669701620415353,True,,0.7198167975409219,-0.13077832226187744,0.46959501076681903,-451.0348199032144,True,20,0,CONVERGENCE: RELATIVE REDUCTION OF F <= FACTR*EPSMCH,3,3,3,1,-451.0348199032144,0.0,5.5103481990321446e-08,euler,True,False,3,
235ef1f8035b9cc6732de77197f949f222fa3122de542245744d8e3e88c1098d,250,0.1,0.1,2.0,1.0,0.0,0.5,1e-06,1.5,9,20260910,"[593424888,56335558,1932388209,2549697010,586821922,3730055749,1951239742,2294352269,9]","[593424888,56335558,1932388209,2549697010,586821922,3730055749,1951239742,2294352269,9,0]","[593424888,56335558,1932388209,2549697010,586821922,3730055749,1951239742,2294352269,9,1]",PCG64,smoke,gamma,0.1,2.0,True,1e-07,5,0.020080321285140562,0.1083226276081775,0.10832262921252084,1.8374715667288826,1.8374715314540704,26.972334673917693,9.99999993922529e-08,0.10000000197357617,0.024669701620415353,True,,0.9247693810731487,0.06873750456863092,0.4927280085928383,-414.49581448587355,True,11,0,CONVERGENCE: RELATIVE REDUCTION OF F <= FACTR*EPSMCH,3,3,3,2,-414.49581448587355,0.0,5.1449581448587355e-08,exact,True,False,3,
235ef1f8035b9cc6732de77197f949f222fa3122de542245744d8e3e88c1098d,250,0.1,0.1,2.0,1.0,0.0,0.5,1e-06,1.5,9,20260910,"[593424888,56335558,1932388209,2549697010,586821922,3730055749,1951239742,2294352269,9]","[593424888,56335558,1932388209,2549697010,586821922,3730055749,1951239742,2294352269,9,0]","[593424888,56335558,1932388209,2549697010,586821922,3730055749,1951239742,2294352269,9,1]",PCG64,smoke,gamma,0.1,2.0,True,1e-07,5,0.020080321285140562,0.1083226276081775,0.10832262921252084,1.8374715667288826,1.8374715314540704,26.972334673917693,9.99999993922529e-08,0.10000000197357617,0.024669701620415353,True,,0.9983830086548561,0.0426250474148395,0.4599236879550664,-130.0218736224299,True,11,0,CONVERGENCE: RELATIVE REDUCTION OF F <= FACTR*EPSMCH,3,3,3,2,-130.0218736224299,0.0,2.300218736224299e-08,pfml,True,False,3,
235ef1f8035b9cc6732de77197f949f222fa3122de542245744d8e3e88c1098d,250,0.1,0.1,2.0,1.0,0.0,0.5,1e-06,1.5,9,20260910,"[593424888,56335558,1932388209,2549697010,586821922,3730055749,1951239742,2294352269,9]","[593424888,56335558,1932388209,2549697010,586821922,3730055749,1951239742,2294352269,9,0]","[593424888,56335558,1932388209,2549697010,586821922,3730055749,1951239742,2294352269,9,1]",PCG64,smoke,gamma,0.1,2.0,True,1e-07,5,0.020080321285140562,0.1083226276081775,0.10832262921252084,1.8374715667288826,1.8374715314540704,26.972334673917693,9.99999993922529e-08,0.10000000197357617,0.024669701620415353,True,,0.7421099788331013,0.0738440542006525,0.4732539889025166,-412.95784811319345,True,12,0,CONVERGENCE: RELATIVE REDUCTION OF F <= FACTR*EPSMCH,3,3,3,2,-412.95784811319345,0.0,5.129578481131935e-08,euler,True,False,3,
235ef1f8035b9cc6732de77197f949f222fa3122de542245744d8e3e88c1098d,250,0.1,0.1,2.0,1.0,0.0,0.5,1e-06,1.5,10,20260910,"[593424888,56335558,1932388209,2549697010,586821922,3730055749,1951239742,2294352269,10]","[593424888,56335558,1932388209,2549697010,586821922,3730055749,1951239742,2294352269,10,0]","[593424888,56335558,1932388209,2549697010,586821922,3730055749,1951239742,2294352269,10,1]",PCG64,smoke,gamma,0.1,2.0,True,1e-07,7,0.028112449799196786,0.11497175309297883,0.11497175527199104,2.0515023559742986,2.0515023078546313,28.627967062725766,9.999999983634211e-08,0.10000000197357617,0.024669701620415353,True,,1.3984602157092094,-0.21281723709898834,0.5211793606948607,-456.3060932647907,True,14,0,CONVERGENCE: RELATIVE REDUCTION OF F <= FACTR*EPSMCH,3,3,3,1,-456.3060932647907,0.0,5.563060932647907e-08,exact,True,False,3,
235ef1f8035b9cc6732de77197f949f222fa3122de542245744d8e3e88c1098d,250,0.1,0.1,2.0,1.0,0.0,0.5,1e-06,1.5,10,20260910,"[593424888,56335558,1932388209,2549697010,586821922,3730055749,1951239742,2294352269,10]","[593424888,56335558,1932388209,2549697010,586821922,3730055749,1951239742,2294352269,10,0]","[593424888,56335558,1932388209,2549697010,586821922,3730055749,1951239742,2294352269,10,1]",PCG64,smoke,gamma,0.1,2.0,True,1e-07,7,0.028112449799196786,0.11497175309297883,0.11497175527199104,2.0515023559742986,2.0515023078546313,28.627967062725766,9.999999983634211e-08,0.10000000197357617,0.024669701620415353,True,,1.3160865998214455,-0.211806956805051,0.48725022997683826,-113.37547743853142,True,9,0,CONVERGENCE: RELATIVE REDUCTION OF F <= FACTR*EPSMCH,3,3,3,0,-113.37547743853142,0.0,2.1337547743853144e-08,pfml,True,False,3,
235ef1f8035b9cc6732de77197f949f222fa3122de542245744d8e3e88c1098d,250,0.1,0.1,2.0,1.0,0.0,0.5,1e-06,1.5,10,20260910,"[593424888,56335558,1932388209,2549697010,586821922,3730055749,1951239742,2294352269,10]","[593424888,56335558,1932388209,2549697010,586821922,3730055749,1951239742,2294352269,10,0]","[593424888,56335558,1932388209,2549697010,586821922,3730055749,1951239742,2294352269,10,1]",PCG64,smoke,gamma,0.1,2.0,True,1e-07,7,0.028112449799196786,0.11497175309297883,0.11497175527199104,2.0515023559742986,2.0515023078546313,28.627967062725766,9.999999983634211e-08,0.10000000197357617,0.024669701620415353,True,,1.129794902286176,-0.21277938179376849,0.4903104414463089,-454.1327534941962,True,11,0,CONVERGENCE: RELATIVE REDUCTION OF F <= FACTR*EPSMCH,3,3,3,2,-454.1327534941962,0.0,5.541327534941962e-08,euler,True,False,3,
235ef1f8035b9cc6732de77197f949f222fa3122de542245744d8e3e88c1098d,250,0.1,0.1,2.0,1.0,0.0,0.5,1e-06,1.5,11,20260910,"[593424888,56335558,1932388209,2549697010,586821922,3730055749,1951239742,2294352269,11]","[593424888,56335558,1932388209,2549697010,586821922,3730055749,1951239742,2294352269,11,0]","[593424888,56335558,1932388209,2549697010,586821922,3730055749,1951239742,2294352269,11,1]",PCG64,smoke,gamma,0.1,2.0,True,1e-07,2,0.008032128514056224,0.11101516175883888,0.1110151623493039,1.9630117172603168,1.9630117041099953,27.64277542497667,1e-07,0.10000000197357617,0.024669701620415353,True,,1.263833272870009,-0.004155828056484505,0.5248256351856115,-409.1404217816505,True,16,0,CONVERGENCE: RELATIVE REDUCTION OF F <= FACTR*EPSMCH,3,3,3,1,-409.1404217816505,0.0,5.091404217816505e-08,exact,True,False,3,
235ef1f8035b9cc6732de77197f949f222fa3122de542245744d8e3e88c1098d,250,0.1,0.1,2.0,1.0,0.0,0.5,1e-06,1.5,11,20260910,"[593424888,56335558,1932388209,2549697010,586821922,3730055749,1951239742,2294352269,11]","[593424888,56335558,1932388209,2549697010,586821922,3730055749,1951239742,2294352269,11,0]","[593424888,56335558,1932388209,2549697010,586821922,3730055749,1951239742,2294352269,11,1]",PCG64,smoke,gamma,0.1,2.0,True,1e-07,2,0.008032128514056224,0.11101516175883888,0.1110151623493039,1.9630117172603168,1.9630117041099953,27.64277542497667,1e-07,0.10000000197357617,0.024669701620415353,True,,1.0471582839145235,0.05128869694655518,0.4434034747778161,-137.04472027194134,True,14,0,CONVERGENCE: RELATIVE REDUCTION OF F <= FACTR*EPSMCH,3,3,3,1,-137.04472027194134,0.0,2.3704472027194135e-08,pfml,True,False,3,
235ef1f8035b9cc6732de77197f949f222fa3122de542245744d8e3e88c1098d,250,0.1,0.1,2.0,1.0,0.0,0.5,1e-06,1.5,11,20260910,"[593424888,56335558,1932388209,2549697010,586821922,3730055749,1951239742,2294352269,11]","[593424888,56335558,1932388209,2549697010,586821922,3730055749,1951239742,2294352269,11,0]","[593424888,56335558,1932388209,2549697010,586821922,3730055749,1951239742,2294352269,11,1]",PCG64,smoke,gamma,0.1,2.0,True,1e-07,2,0.008032128514056224,0.11101516175883888,0.1110151623493039,1.9630117172603168,1.9630117041099953,27.64277542497667,1e-07,0.10000000197357617,0.024669701620415353,True,,0.7643144276617552,0.0057753218842274785,0.501730140971042,-404.7738219377913,True,14,0,CONVERGENCE: RELATIVE REDUCTION OF F <= FACTR*EPSMCH,3,3,3,0,-404.7738219377913,0.0,5.0477382193779134e-08,euler,True,False,3,
235ef1f8035b9cc6732de77197f949f222fa3122de542245744d8e3e88c1098d,250,0.1,0.1,2.0,1.0,0.0,0.5,1e-06,1.5,12,20260910,"[593424888,56335558,1932388209,2549697010,586821922,3730055749,1951239742,2294352269,12]","[593424888,56335558,1932388209,2549697010,586821922,3730055749,1951239742,2294352269,12,0]","[593424888,56335558,1932388209,2549697010,586821922,3730055749,1951239742,2294352269,12,1]",PCG64,smoke,gamma,0.1,2.0,True,1e-07,5,0.020080321285140562,0.08991194300542592,0.08991194442478122,1.9556110407163965,1.9556110017728214,22.388074161770525,9.99999993922529e-08,0.10000000197357617,0.024669701620415353,True,,1.5334536142434263,-0.03439012549584396,0.5117731781058873,-438.71014740867616,True,17,0,CONVERGENCE: RELATIVE REDUCTION OF F <= FACTR*EPSMCH,3,3,3,1,-438.71014740867616,0.0,5.3871014740867615e-08,exact,True,False,3,
235ef1f8035b9cc6732de77197f949f222fa3122de542245744d8e3e88c1098d,250,0.1,0.1,2.0,1.0,0.0,0.5,1e-06,1.5,12,20260910,"[593424888,56335558,1932388209,2549697010,586821922,3730055749,1951239742,2294352269,12]","[593424888,56335558,1932388209,2549697010,586821922,3730055749,1951239742,2294352269,12,0]","[593424888,56335558,1932388209,2549697010,586821922,3730055749,1951239742,2294352269,12,1]",PCG64,smoke,gamma,0.1,2.0,True,1e-07,5,0.020080321285140562,0.08991194300542592,0.08991194442478122,1.9556110407163965,1.9556110017728214,22.388074161770525,9.99999993922529e-08,0.10000000197357617,0.024669701620415353,True,,1.3282130786260045,-0.08198760998702416,0.46523993528384533,-151.7029840002039,True,12,0,CONVERGENCE: RELATIVE REDUCTION OF F <= FACTR*EPSMCH,3,3,3,2,-151.7029840002039,0.0,2.517029840002039e-08,pfml,True,False,3,
235ef1f8035b9cc6732de77197f949f222fa3122de542245744d8e3e88c1098d,250,0.1,0.1,2.0,1.0,0.0,0.5,1e-06,1.5,12,20260910,"[593424888,56335558,1932388209,2549697010,586821922,3730055749,1951239742,2294352269,12]","[593424888,56335558,1932388209,2549697010,586821922,3730055749,1951239742,2294352269,12,0]","[593424888,56335558,1932388209,2549697010,586821922,3730055749,1951239742,2294352269,12,1]",PCG64,smoke,gamma,0.1,2.0,True,1e-07,5,0.020080321285140562,0.08991194300542592,0.08991194442478122,1.9556110407163965,1.9556110017728214,22.388074161770525,9.99999993922529e-08,0.10000000197357617,0.024669701620415353,True,,1.2506838585790658,-0.04092985481344915,0.48549193903238774,-436.4703076667951,True,14,0,CONVERGENCE: RELATIVE REDUCTION OF F <= FACTR*EPSMCH,3,3,3,1,-436.4703076667951,0.0,5.364703076667952e-08,euler,True,False,3,
235ef1f8035b9cc6732de77197f949f222fa3122de542245744d8e3e88c1098d,250,0.1,0.1,2.0,1.0,0.0,0.5,1e-06,1.5,13,20260910,"[593424888,56335558,1932388209,2549697010,586821922,3730055749,1951239742,2294352269,13]","[593424888,56335558,1932388209,2549697010,586821922,3730055749,1951239742,2294352269,13,0]","[593424888,56335558,1932388209,2549697010,586821922,3730055749,1951239742,2294352269,13,1]",PCG64,smoke,gamma,0.1,2.0,True,1e-07,10,0.040160642570281124,0.10901829028098557,0.10901829402311591,2.009112031499635,2.009111945450431,27.14555521175586,9.99999993922529e-08,0.10000000197357617,0.024669701620415353,True,,1.0293491389826999,0.00814557979211767,0.4891711172578017,-486.5774153639472,True,19,0,CONVERGENCE: RELATIVE REDUCTION OF F <= FACTR*EPSMCH,3,3,3,1,-486.5774153639472,0.0,5.8657741536394726e-08,exact,True,False,3,
235ef1f8035b9cc6732de77197f949f222fa3122de542245744d8e3e88c1098d,250,0.1,0.1,2.0,1.0,0.0,0.5,1e-06,1.5,13,20260910,"[593424888,56335558,1932388209,2549697010,586821922,3730055749,1951239742,2294352269,13]","[593424888,56335558,1932388209,2549697010,586821922,3730055749,1951239742,2294352269,13,0]","[593424888,56335558,1932388209,2549697010,586821922,3730055749,1951239742,2294352269,13,1]",PCG64,smoke,gamma,0.1,2.0,True,1e-07,10,0.040160642570281124,0.10901829028098557,0.10901829402311591,2.009112031499635,2.009111945450431,27.14555521175586,9.99999993922529e-08,0.10000000197357617,0.024669701620415353,True,,0.613112159917142,0.03645012200643392,0.4439564447952627,-133.030252568416,True,16,0,CONVERGENCE: RELATIVE REDUCTION OF F <= FACTR*EPSMCH,3,3,3,1,-133.030252568416,0.0,2.33030252568416e-08,pfml,True,False,3,
235ef1f8035b9cc6732de77197f949f222fa3122de542245744d8e3e88c1098d,250,0.1,0.1,2.0,1.0,0.0,0.5,1e-06,1.5,13,20260910,"[593424888,56335558,1932388209,2549697010,586821922,3730055749,1951239742,2294352269,13]","[593424888,56335558,1932388209,2549697010,586821922,3730055749,1951239742,2294352269,13,0]","[593424888,56335558,1932388209,2549697010,586821922,3730055749,1951239742,2294352269,13,1]",PCG64,smoke,gamma,0.1,2.0,True,1e-07,10,0.040160642570281124,0.10901829028098557,0.10901829402311591,2.009112031499635,2.009111945450431,27.14555521175586,9.99999993922529e-08,0.10000000197357617,0.024669701620415353,True,,0.8575257734133955,0.02454192338913056,0.46821478705694675,-484.77840175719746,True,16,0,CONVERGENCE: RELATIVE REDUCTION OF F <= FACTR*EPSMCH,3,3,3,1,-484.77840175719746,0.0,5.847784017571974e-08,euler,True,False,3,
235ef1f8035b9cc6732de77197f949f222fa3122de542245744d8e3e88c1098d,250,0.1,0.1,2.0,1.0,0.0,0.5,1e-06,1.5,14,20260910,"[593424888,56335558,1932388209,2549697010,586821922,3730055749,1951239742,2294352269,14]","[593424888,56335558,1932388209,2549697010,586821922,3730055749,1951239742,2294352269,14,0]","[593424888,56335558,1932388209,2549697010,586821922,3730055749,1951239742,2294352269,14,1]",PCG64,smoke,gamma,0.1,2.0,True,1e-07,5,0.020080321285140562,0.0926189659947102,0.09261896790400218,2.115881428639565,2.115881375279034,23.062123008096542,9.99999993922529e-08,0.10000000197357617,0.024669701620415353,True,,0.711335590198857,0.004557195149628432,0.4465064277966564,-525.6050399649757,True,13,0,CONVERGENCE: RELATIVE REDUCTION OF F <= FACTR*EPSMCH,3,3,3,0,-525.6050399649757,0.0,6.256050399649757e-08,exact,True,False,3,
235ef1f8035b9cc6732de77197f949f222fa3122de542245744d8e3e88c1098d,250,0.1,0.1,2.0,1.0,0.0,0.5,1e-06,1.5,14,20260910,"[593424888,56335558,1932388209,2549697010,586821922,3730055749,1951239742,2294352269,14]","[593424888,56335558,1932388209,2549697010,586821922,3730055749,1951239742,2294352269,14,0]","[593424888,56335558,1932388209,2549697010,586821922,3730055749,1951239742,2294352269,14,1]",PCG64,smoke,gamma,0.1,2.0,True,1e-07,5,0.020080321285140562,0.0926189659947102,0.09261896790400218,2.115881428639565,2.115881375279034,23.062123008096542,9.99999993922529e-08,0.10000000197357617,0.024669701620415353,True,,0.8239291099844843,0.10801782652483737,0.4324210335992559,-161.03283375820868,True,16,0,CONVERGENCE: RELATIVE REDUCTION OF F <= FACTR*EPSMCH,3,3,3,1,-161.03283375820868,0.0,2.610328337582087e-08,pfml,True,False,3,
235ef1f8035b9cc6732de77197f949f222fa3122de542245744d8e3e88c1098d,250,0.1,0.1,2.0,1.0,0.0,0.5,1e-06,1.5,14,20260910,"[593424888,56335558,1932388209,2549697010,586821922,3730055749,1951239742,2294352269,14]","[593424888,56335558,1932388209,2549697010,586821922,3730055749,1951239742,2294352269,14,0]","[593424888,56335558,1932388209,2549697010,586821922,3730055749,1951239742,2294352269,14,1]",PCG64,smoke,gamma,0.1,2.0,True,1e-07,5,0.020080321285140562,0.0926189659947102,0.09261896790400218,2.115881428639565,2.115881375279034,23.062123008096542,9.99999993922529e-08,0.10000000197357617,0.024669701620415353,True,,0.6151837592516053,-0.007552407257717287,0.43388612161354373,-525.0255013293013,True,16,0,CONVERGENCE: RELATIVE REDUCTION OF F <= FACTR*EPSMCH,3,3,3,1,-525.0255013293013,0.0,6.250255013293013e-08,euler,True,False,3,
235ef1f8035b9cc6732de77197f949f222fa3122de542245744d8e3e88c1098d,250,0.1,0.1,2.0,1.0,0.0,0.5,1e-06,1.5,15,20260910,"[593424888,56335558,1932388209,2549697010,586821922,3730055749,1951239742,2294352269,15]","[593424888,56335558,1932388209,2549697010,586821922,3730055749,1951239742,2294352269,15,0]","[593424888,56335558,1932388209,2549697010,586821922,3730055749,1951239742,2294352269,15,1]",PCG64,smoke,gamma,0.1,2.0,True,1e-07,6,0.024096385542168676,0.1098573905414426,0.10985739241533346,1.9238930048619527,1.9238929631790507,27.354490711418027,9.99999993922529e-08,0.10000000197357617,0.024669701620415353,True,,1.1293439357811597,-0.06541564576012085,0.4844873297309697,-485.441988854466,True,19,0,CONVERGENCE: RELATIVE REDUCTION OF F <= FACTR*EPSMCH,3,3,3,1,-485.441988854466,0.0,5.8544198885446594e-08,exact,True,False,3,
235ef1f8035b9cc6732de77197f949f222fa3122de542245744d8e3e88c1098d,250,0.1,0.1,2.0,1.0,0.0,0.5,1e-06,1.5,15,20260910,"[593424888,56335558,1932388209,2549697010,586821922,3730055749,1951239742,2294352269,15]","[593424888,56335558,1932388209,2549697010,586821922,3730055749,1951239742,2294352269,15,0]","[593424888,56335558,1932388209,2549697010,586821922,3730055749,1951239742,2294352269,15,1]",PCG64,smoke,gamma,0.1,2.0,True,1e-07,6,0.024096385542168676,0.1098573905414426,0.10985739241533346,1.9238930048619527,1.9238929631790507,27.354490711418027,9.99999993922529e-08,0.10000000197357617,0.024669701620415353,True,,0.8544125091818271,-0.0152402088023523,0.3868426122248392,-169.63939112045358,True,15,0,CONVERGENCE: RELATIVE REDUCTION OF F <= FACTR*EPSMCH,3,3,3,1,-169.63939112045358,0.0,2.696393911204536e-08,pfml,True,False,3,
235ef1f8035b9cc6732de77197f949f222fa3122de542245744d8e3e88c1098d,250,0.1,0.1,2.0,1.0,0.0,0.5,1e-06,1.5,15,20260910,"[593424888,56335558,1932388209,2549697010,586821922,3730055749,1951239742,2294352269,15]","[593424888,56335558,1932388209,2549697010,586821922,3730055749,1951239742,2294352269,15,0]","[593424888,56335558,1932388209,2549697010,586821922,3730055749,1951239742,2294352269,15,1]",PCG64,smoke,gamma,0.1,2.0,True,1e-07,6,0.024096385542168676,0.1098573905414426,0.10985739241533346,1.9238930048619527,1.9238929631790507,27.354490711418027,9.99999993922529e-08,0.10000000197357617,0.024669701620415353,True,,0.7273874861037417,-0.06950405798420424,0.4656205367976764,-481.34520009354185,True,18,0,CONVERGENCE: RELATIVE REDUCTION OF F <= FACTR*EPSMCH,3,3,3,1,-481.34520009354185,0.0,5.8134520009354185e-08,euler,True,False,3,
235ef1f8035b9cc6732de77197f949f222fa3122de542245744d8e3e88c1098d,250,0.1,0.1,2.0,1.0,0.0,0.5,1e-06,1.5,16,20260910,"[593424888,56335558,1932388209,2549697010,586821922,3730055749,1951239742,2294352269,16]","[593424888,56335558,1932388209,2549697010,586821922,3730055749,1951239742,2294352269,16,0]","[593424888,56335558,1932388209,2549697010,586821922,3730055749,1951239742,2294352269,16,1]",PCG64,smoke,gamma,0.1,2.0,True,1e-07,3,0.012048192771084338,0.11243728335708332,0.11243728451485638,2.0657614685568775,2.065761442300987,27.996883844199235,9.999999983634211e-08,0.10000000197357617,0.024669701620415353,True,,1.1102961846887351,-0.2631555503648292,0.45872115357931825,-445.7201366372261,True,13,0,CONVERGENCE: RELATIVE REDUCTION OF F <= FACTR*EPSMCH,3,3,3,0,-445.7201366372261,0.0,5.457201366372262e-08,exact,True,False,3,
235ef1f8035b9cc6732de77197f949f222fa3122de542245744d8e3e88c1098d,250,0.1,0.1,2.0,1.0,0.0,0.5,1e-06,1.5,16,20260910,"[593424888,56335558,1932388209,2549697010,586821922,3730055749,1951239742,2294352269,16]","[593424888,56335558,1932388209,2549697010,586821922,3730055749,1951239742,2294352269,16,0]","[593424888,56335558,1932388209,2549697010,586821922,3730055749,1951239742,2294352269,16,1]",PCG64,smoke,gamma,0.1,2.0,True,1e-07,3,0.012048192771084338,0.11243728335708332,0.11243728451485638,2.0657614685568775,2.065761442300987,27.996883844199235,9.999999983634211e-08,0.10000000197357617,0.024669701620415353,True,,0.7918264916210892,-0.2617660392018123,0.39515490001360704,-160.8723709168213,True,15,0,CONVERGENCE: RELATIVE REDUCTION OF F <= FACTR*EPSMCH,3,3,3,1,-160.8723709168213,0.0,2.608723709168213e-08,pfml,True,False,3,
235ef1f8035b9cc6732de77197f949f222fa3122de542245744d8e3e88c1098d,250,0.1,0.1,2.0,1.0,0.0,0.5,1e-06,1.5,16,20260910,"[593424888,56335558,1932388209,2549697010,586821922,3730055749,1951239742,2294352269,16]","[593424888,56335558,1932388209,2549697010,586821922,3730055749,1951239742,2294352269,16,0]","[593424888,56335558,1932388209,2549697010,586821922,3730055749,1951239742,2294352269,16,1]",PCG64,smoke,gamma,0.1,2.0,True,1e-07,3,0.012048192771084338,0.11243728335708332,0.11243728451485638,2.0657614685568775,2.065761442300987,27.996883844199235,9.999999983634211e-08,0.10000000197357617,0.024669701620415353,True,,0.6931426770491198,-0.21321870987318836,0.44009444747404675,-442.08064837057464,True,16,0,CONVERGENCE: RELATIVE REDUCTION OF F <= FACTR*EPSMCH,3,3,3,1,-442.08064837057464,0.0,5.4208064837057465e-08,euler,True,False,3,
235ef1f8035b9cc6732de77197f949f222fa3122de542245744d8e3e88c1098d,250,0.1,0.1,2.0,1.0,0.0,0.5,1e-06,1.5,17,20260910,"[593424888,56335558,1932388209,2549697010,586821922,3730055749,1951239742,2294352269,17]","[593424888,56335558,1932388209,2549697010,586821922,3730055749,1951239742,2294352269,17,0]","[593424888,56335558,1932388209,2549697010,586821922,3730055749,1951239742,2294352269,17,1]",PCG64,smoke,gamma,0.1,2.0,True,1e-07,6,0.024096385542168676,0.10502093861538807,0.10502094075819642,2.001331793362498,2.0013317423330457,26.15021424879091,9.99999993922529e-08,0.10000000197357617,0.024669701620415353,True,,1.155316797100098,-0.07155816263762076,0.5382906688156859,-444.0326853719529,True,15,0,CONVERGENCE: RELATIVE REDUCTION OF F <= FACTR*EPSMCH,3,3,3,1,-444.0326853719529,0.0,5.440326853719529e-08,exact,True,False,3,
235ef1f8035b9cc6732de77197f949f222fa3122de542245744d8e3e88c1098d,250,0.1,0.1,2.0,1.0,0.0,0.5,1e-06,1.5,17,20260910,"[593424888,56335558,1932388209,2549697010,586821922,3730055749,1951239742,2294352269,17]","[593424888,56335558,1932388209,2549697010,586821922,3730055749,1951239742,2294352269,17,0]","[593424888,56335558,1932388209,2549697010,586821922,3730055749,1951239742,2294352269,17,1]",PCG64,smoke,gamma,0.1,2.0,True,1e-07,6,0.024096385542168676,0.10502093861538807,0.10502094075819642,2.001331793362498,2.0013317423330457,26.15021424879091,9.99999993922529e-08,0.10000000197357617,0.024669701620415353,True,,0.9623089381403039,-0.03573097983228719,0.5045065467370411,-109.98681682936666,True,9,0,CONVERGENCE: RELATIVE REDUCTION OF F <= FACTR*EPSMCH,3,3,3,0,-109.98681682936666,0.0,2.0998681682936668e-08,pfml,True,False,3,
235ef1f8035b9cc6732de77197f949f222fa3122de542245744d8e3e88c1098d,250,0.1,0.1,2.0,1.0,0.0,0.5,1e-06,1.5,17,20260910,"[593424888,56335558,1932388209,2549697010,586821922,3730055749,1951239742,2294352269,17]","[593424888,56335558,1932388209,2549697010,586821922,3730055749,1951239742,2294352269,17,0]","[593424888,56335558,1932388209,2549697010,586821922,3730055749,1951239742,2294352269,17,1]",PCG64,smoke,gamma,0.1,2.0,True,1e-07,6,0.024096385542168676,0.10502093861538807,0.10502094075819642,2.001331793362498,2.0013317423330457,26.15021424879091,9.99999993922529e-08,0.10000000197357617,0.024669701620415353,True,,0.9908582667754012,-0.0897397480874814,0.512298460544867,-442.7106198453586,True,12,0,CONVERGENCE: RELATIVE REDUCTION OF F <= FACTR*EPSMCH,3,3,3,0,-442.7106198453586,0.0,5.427106198453586e-08,euler,True,False,3,
235ef1f8035b9cc6732de77197f949f222fa3122de542245744d8e3e88c1098d,250,0.1,0.1,2.0,1.0,0.0,0.5,1e-06,1.5,18,20260910,"[593424888,56335558,1932388209,2549697010,586821922,3730055749,1951239742,2294352269,18]","[593424888,56335558,1932388209,2549697010,586821922,3730055749,1951239742,2294352269,18,0]","[593424888,56335558,1932388209,2549697010,586821922,3730055749,1951239742,2294352269,18,1]",PCG64,smoke,gamma,0.1,2.0,True,1e-07,5,0.020080321285140562,0.0961359267918048,0.09613592854143525,2.080207503834182,2.080207457226441,23.937846206817376,9.99999993922529e-08,0.10000000197357617,0.024669701620415353,True,,1.0212990180111972,-0.04193313937215986,0.5320909444820044,-452.0721735619485,True,13,0,CONVERGENCE: RELATIVE REDUCTION OF F <= FACTR*EPSMCH,3,3,3,0,-452.0721735619485,0.0,5.5207217356194856e-08,exact,True,False,3,
235ef1f8035b9cc6732de77197f949f222fa3122de542245744d8e3e88c1098d,250,0.1,0.1,2.0,1.0,0.0,0.5,1e-06,1.5,18,20260910,"[593424888,56335558,1932388209,2549697010,586821922,3730055749,1951239742,2294352269,18]","[593424888,56335558,1932388209,2549697010,586821922,3730055749,1951239742,2294352269,18,0]","[593424888,56335558,1932388209,2549697010,586821922,3730055749,1951239742,2294352269,18,1]",PCG64,smoke,gamma,0.1,2.0,True,1e-07,5,0.020080321285140562,0.0961359267918048,0.09613592854143525,2.080207503834182,2.080207457226441,23.937846206817376,9.99999993922529e-08,0.10000000197357617,0.024669701620415353,True,,1.0137610721431287,0.004500552810238674,0.5245652130785727,-110.85012837397781,True,15,0,CONVERGENCE: RELATIVE REDUCTION OF F <= FACTR*EPSMCH,3,3,3,1,-110.85012837397781,0.0,2.1085012837397782e-08,pfml,True,False,3,
235ef1f8035b9cc6732de77197f949f222fa3122de542245744d8e3e88c1098d,250,0.1,0.1,2.0,1.0,0.0,0.5,1e-06,1.5,18,20260910,"[593424888,56335558,1932388209,2549697010,586821922,3730055749,1951239742,2294352269,18]","[593424888,56335558,1932388209,2549697010,586821922,3730055749,1951239742,2294352269,18,0]","[593424888,56335558,1932388209,2549697010,586821922,3730055749,1951239742,2294352269,18,1]",PCG64,smoke,gamma,0.1,2.0,True,1e-07,5,0.020080321285140562,0.0961359267918048,0.09613592854143525,2.080207503834182,2.080207457226441,23.937846206817376,9.99999993922529e-08,0.10000000197357617,0.024669701620415353,True,,1.0462053478457871,-0.04254927629492919,0.5080530555955487,-452.38107648766754,True,13,0,CONVERGENCE: RELATIVE REDUCTION OF F <= FACTR*EPSMCH,3,3,3,1,-452.38107648766754,0.0,5.523810764876675e-08,euler,True,False,3,
235ef1f8035b9cc6732de77197f949f222fa3122de542245744d8e3e88c1098d,250,0.1,0.1,2.0,1.0,0.0,0.5,1e-06,1.5,19,20260910,"[593424888,56335558,1932388209,2549697010,586821922,3730055749,1951239742,2294352269,19]","[593424888,56335558,1932388209,2549697010,586821922,3730055749,1951239742,2294352269,19,0]","[593424888,56335558,1932388209,2549697010,586821922,3730055749,1951239742,2294352269,19,1]",PCG64,smoke,gamma,0.1,2.0,True,1e-07,8,0.0321285140562249,0.0974618426754028,0.09746184510768482,1.9706320453877098,1.9706319835440502,24.26799943181352,9.999999994736442e-08,0.10000000197357617,0.024669701620415353,True,,1.2316021962663344,-0.007331386873030029,0.5379139467976869,-451.81131303043173,True,13,0,CONVERGENCE: RELATIVE REDUCTION OF F <= FACTR*EPSMCH,3,3,3,0,-451.81131303043173,0.0,5.518113130304317e-08,exact,True,False,3,
235ef1f8035b9cc6732de77197f949f222fa3122de542245744d8e3e88c1098d,250,0.1,0.1,2.0,1.0,0.0,0.5,1e-06,1.5,19,20260910,"[593424888,56335558,1932388209,2549697010,586821922,3730055749,1951239742,2294352269,19]","[593424888,56335558,1932388209,2549697010,586821922,3730055749,1951239742,2294352269,19,0]","[593424888,56335558,1932388209,2549697010,586821922,3730055749,1951239742,2294352269,19,1]",PCG64,smoke,gamma,0.1,2.0,True,1e-07,8,0.0321285140562249,0.0974618426754028,0.09746184510768482,1.9706320453877098,1.9706319835440502,24.26799943181352,9.999999994736442e-08,0.10000000197357617,0.024669701620415353,True,,0.799069859990956,-0.07083018213153235,0.4696075225482239,-134.33567493539618,True,10,0,CONVERGENCE: RELATIVE REDUCTION OF F <= FACTR*EPSMCH,3,3,3,0,-134.33567493539618,0.0,2.343356749353962e-08,pfml,True,False,3,
235ef1f8035b9cc6732de77197f949f222fa3122de542245744d8e3e88c1098d,250,0.1,0.1,2.0,1.0,0.0,0.5,1e-06,1.5,19,20260910,"[593424888,56335558,1932388209,2549697010,586821922,3730055749,1951239742,2294352269,19]","[593424888,56335558,1932388209,2549697010,586821922,3730055749,1951239742,2294352269,19,0]","[593424888,56335558,1932388209,2549697010,586821922,3730055749,1951239742,2294352269,19,1]",PCG64,smoke,gamma,0.1,2.0,True,1e-07,8,0.0321285140562249,0.0974618426754028,0.09746184510768482,1.9706320453877098,1.9706319835440502,24.26799943181352,9.999999994736442e-08,0.10000000197357617,0.024669701620415353,True,,0.9036387769269061,0.009989978820436538,0.5153301623198944,-448.9396102444459,True,14,0,CONVERGENCE: RELATIVE REDUCTION OF F <= FACTR*EPSMCH,3,3,3,0,-448.9396102444459,0.0,5.489396102444458e-08,euler,True,False,3,
d027970362028d74549356c73c879afd38c074871d61a476b5bb0b1d9032b642,250,0.5,0.5,0.0,1.0,0.0,0.5,1e-06,1.5,0,20260910,"[3492255491,1644334452,1418942151,1015519997,952136839,492938358,3048934173,2419242562,0]","[3492255491,1644334452,1418942151,1015519997,952136839,492938358,3048934173,2419242562,0,0]","[3492255491,1644334452,1418942151,1015519997,952136839,492938358,3048934173,2419242562,0,1]",PCG64,smoke,equidistant,0.5,0.0,False,0.0,0,0.0,0.5,0.5,0.0,0.0,124.5,0.5,0.5,0.0,True,,0.9283759853675716,0.02753411582672787,0.46422862232404,22.589646141355285,True,13,0,CONVERGENCE: RELATIVE REDUCTION OF F <= FACTR*EPSMCH,3,3,3,1,22.589646141355285,0.0,1.2258964614135528e-08,exact,True,False,3,
d027970362028d74549356c73c879afd38c074871d61a476b5bb0b1d9032b642,250,0.5,0.5,0.0,1.0,0.0,0.5,1e-06,1.5,0,20260910,"[3492255491,1644334452,1418942151,1015519997,952136839,492938358,3048934173,2419242562,0]","[3492255491,1644334452,1418942151,1015519997,952136839,492938358,3048934173,2419242562,0,0]","[3492255491,1644334452,1418942151,1015519997,952136839,492938358,3048934173,2419242562,0,1]",PCG64,smoke,equidistant,0.5,0.0,False,0.0,0,0.0,0.5,0.5,0.0,0.0,124.5,0.5,0.5,0.0,True,,0.9283759853675716,0.02753411582672787,0.46422862232404,22.589646141355285,True,13,0,CONVERGENCE: RELATIVE REDUCTION OF F <= FACTR*EPSMCH,3,3,3,1,22.589646141355285,0.0,1.2258964614135528e-08,pfml,True,False,3,
d027970362028d74549356c73c879afd38c074871d61a476b5bb0b1d9032b642,250,0.5,0.5,0.0,1.0,0.0,0.5,1e-06,1.5,0,20260910,"[3492255491,1644334452,1418942151,1015519997,952136839,492938358,3048934173,2419242562,0]","[3492255491,1644334452,1418942151,1015519997,952136839,492938358,3048934173,2419242562,0,0]","[3492255491,1644334452,1418942151,1015519997,952136839,492938358,3048934173,2419242562,0,1]",PCG64,smoke,equidistant,0.5,0.0,False,0.0,0,0.0,0.5,0.5,0.0,0.0,124.5,0.5,0.5,0.0,True,,0.7427093064308795,0.02753412584249565,0.37469479373653813,22.58964614135526,True,10,0,CONVERGENCE: RELATIVE REDUCTION OF F <= FACTR*EPSMCH,3,3,3,0,22.58964614135526,0.0,1.2258964614135527e-08,euler,True,False,3,
d027970362028d74549356c73c879afd38c074871d61a476b5bb0b1d9032b642,250,0.5,0.5,0.0,1.0,0.0,0.5,1e-06,1.5,1,20260910,"[3492255491,1644334452,1418942151,1015519997,952136839,492938358,3048934173,2419242562,1]","[3492255491,1644334452,1418942151,1015519997,952136839,492938358,3048934173,2419242562,1,0]","[3492255491,1644334452,1418942151,1015519997,952136839,492938358,3048934173,2419242562,1,1]",PCG64,smoke,equidistant,0.5,0.0,False,0.0,0,0.0,0.5,0.5,0.0,0.0,124.5,0.5,0.5,0.0,True,,0.9997164133815709,-0.003408166545642692,0.5034707609950668,39.05739558917578,True,12,0,CONVERGENCE: RELATIVE REDUCTION OF F <= FACTR*EPSMCH,3,3,3,2,39.05739558917578,0.0,1.3905739558917579e-08,exact,True,False,3,
d027970362028d74549356c73c879afd38c074871d61a476b5bb0b1d9032b642,250,0.5,0.5,0.0,1.0,0.0,0.5,1e-06,1.5,1,20260910,"[3492255491,1644334452,1418942151,1015519997,952136839,492938358,3048934173,2419242562,1]","[3492255491,1644334452,1418942151,1015519997,952136839,492938358,3048934173,2419242562,1,0]","[3492255491,1644334452,1418942151,1015519997,952136839,492938358,3048934173,2419242562,1,1]",PCG64,smoke,equidistant,0.5,0.0,False,0.0,0,0.0,0.5,0.5,0.0,0.0,124.5,0.5,0.5,0.0,True,,0.9997164133815709,-0.003408166545642692,0.5034707609950668,39.05739558917578,True,12,0,CONVERGENCE: RELATIVE REDUCTION OF F <= FACTR*EPSMCH,3,3,3,2,39.05739558917578,0.0,1.3905739558917579e-08,pfml,True,False,3,
d027970362028d74549356c73c879afd38c074871d61a476b5bb0b1d9032b642,250,0.5,0.5,0.0,1.0,0.0,0.5,1e-06,1.5,1,20260910,"[3492255491,1644334452,1418942151,1015519997,952136839,492938358,3048934173,2419242562,1]","[3492255491,1644334452,1418942151,1015519997,952136839,492938358,3048934173,2419242562,1,0]","[3492255491,1644334452,1418942151,1015519997,952136839,492938358,3048934173,2419242562,1,1]",PCG64,smoke,equidistant,0.5,0.0,False,0.0,0,0.0,0.5,0.5,0.0,0.0,124.5,0.5,0.5,0.0,True,,0.7867667227434838,-0.0034081703744252433,0.40031324085609044,39.05739558917557,True,10,0,CONVERGENCE: RELATIVE REDUCTION OF F <= FACTR*EPSMCH,3,3,3,0,39.05739558917557,0.0,1.3905739558917557e-08,euler,True,False,3,
d027970362028d74549356c73c879afd38c074871d61a476b5bb0b1d9032b642,250,0.5,0.5,0.0,1.0,0.0,0.5,1e-06,1.5,2,20260910,"[3492255491,1644334452,1418942151,1015519997,952136839,492938358,3048934173,2419242562,2]","[3492255491,1644334452,1418942151,1015519997,952136839,492938358,3048934173,2419242562,2,0]","[3492255491,1644334452,1418942151,1015519997,952136839,492938358,3048934173,2419242562,2,1]",PCG64,smoke,equidistant,0.5,0.0,False,0.0,0,0.0,0.5,0.5,0.0,0.0,124.5,0.5,0.5,0.0,True,,1.0742183844076385,-0.03798480817521375,0.5310785327341125,48.49983666181399,True,12,0,CONVERGENCE: RELATIVE REDUCTION OF F <= FACTR*EPSMCH,3,3,3,1,48.49983666181399,0.0,1.48499836661814e-08,exact,True,False,3,
d027970362028d74549356c73c879afd38c074871d61a476b5bb0b1d9032b642,250,0.5,0.5,0.0,1.0,0.0,0.5,1e-06,1.5,2,20260910,"[3492255491,1644334452,1418942151,1015519997,952136839,492938358,3048934173,2419242562,2]","[3492255491,1644334452,1418942151,1015519997,952136839,492938358,3048934173,2419242562,2,0]","[3492255491,1644334452,1418942151,1015519997,952136839,492938358,3048934173,2419242562,2,1]",PCG64,smoke,equidistant,0.5,0.0,False,0.0,0,0.0,0.5,0.5,0.0,0.0,124.5,0.5,0.5,0.0,True,,1.0742183844076385,-0.03798480817521375,0.5310785327341125,48.49983666181399,True,12,0,CONVERGENCE: RELATIVE REDUCTION OF F <= FACTR*EPSMCH,3,3,3,1,48.49983666181399,0.0,1.48499836661814e-08,pfml,True,False,3,
d027970362028d74549356c73c879afd38c074871d61a476b5bb0b1d9032b642,250,0.5,0.5,0.0,1.0,0.0,0.5,1e-06,1.5,2,20260910,"[3492255491,1644334452,1418942151,1015519997,952136839,492938358,3048934173,2419242562,2]","[3492255491,1644334452,1418942151,1015519997,952136839,492938358,3048934173,2419242562,2,0]","[3492255491,1644334452,1418942151,1015519997,952136839,492938358,3048934173,2419242562,2,1]",PCG64,smoke,equidistant,0.5,0.0,False,0.0,0,0.0,0.5,0.5,0.0,0.0,124.5,0.5,0.5,0.0,True,,0.8311293335063484,-0.037984812366321695,0.41578520576376166,48.499836661813845,True,10,0,CONVERGENCE: RELATIVE REDUCTION OF F <= FACTR*EPSMCH,3,3,3,0,48.499836661813845,0.0,1.4849983666181386e-08,euler,True,False,3,
d027970362028d74549356c73c879afd38c074871d61a476b5bb0b1d9032b642,250,0.5,0.5,0.0,1.0,0.0,0.5,1e-06,1.5,3,20260910,"[3492255491,1644334452,1418942151,1015519997,952136839,492938358,3048934173,2419242562,3]","[3492255491,1644334452,1418942151,1015519997,952136839,492938358,3048934173,2419242562,3,0]","[3492255491,1644334452,1418942151,1015519997,952136839,492938358,3048934173,2419242562,3,1]",PCG64,smoke,equidistant,0.5,0.0,False,0.0,0,0.0,0.5,0.5,0.0,0.0,124.5,0.5,0.5,0.0,True,,1.1041546620069942,0.09061273851161133,0.5369741736823833,49.71707020741953,True,12,0,CONVERGENCE: RELATIVE REDUCTION OF F <= FACTR*EPSMCH,3,3,3,1,49.71707020741953,0.0,1.4971707020741953e-08,exact,True,False,3,
d027970362028d74549356c73c879afd38c074871d61a476b5bb0b1d9032b642,250,0.5,0.5,0.0,1.0,0.0,0.5,1e-06,1.5,3,20260910,"[3492255491,1644334452,1418942151,1015519997,952136839,492938358,3048934173,2419242562,3]","[3492255491,1644334452,1418942151,1015519997,952136839,492938358,3048934173,2419242562,3,0]","[3492255491,1644334452,1418942151,1015519997,952136839,492938358,3048934173,2419242562,3,1]",PCG64,smoke,equidistant,0.5,0.0,False,0.0,0,0.0,0.5,0.5,0.0,0.0,124.5,0.5,0.5,0.0,True,,1.1041546620069942,0.09061273851161133,0.5369741736823833,49.71707020741953,True,12,0,CONVERGENCE: RELATIVE REDUCTION OF F <= FACTR*EPSMCH,3,3,3,1,49.71707020741953,0.0,1.4971707020741953e-08,pfml,True,False,3,
d027970362028d74549356c73c879afd38c074871d61a476b5bb0b1d9032b642,250,0.5,0.5,0.0,1.0,0.0,0.5,1e-06,1.5,3,20260910,"[3492255491,1644334452,1418942151,1015519997,952136839,492938358,3048934173,2419242562,3]","[3492255491,1644334452,1418942151,1015519997,952136839,492938358,3048934173,2419242562,3,0]","[3492255491,1644334452,1418942151,1015519997,952136839,492938358,3048934173,2419242562,3,1]",PCG64,smoke,equidistant,0.5,0.0,False,0.0,0,0.0,0.5,0.5,0.0,0.0,124.5,0.5,0.5,0.0,True,,0.8484949019801049,0.0906127438740148,0.4178227427234678,49.71707020741953,True,11,0,CONVERGENCE: RELATIVE REDUCTION OF F <= FACTR*EPSMCH,3,3,3,1,49.71707020741953,0.0,1.4971707020741953e-08,euler,True,False,3,
d027970362028d74549356c73c879afd38c074871d61a476b5bb0b1d9032b642,250,0.5,0.5,0.0,1.0,0.0,0.5,1e-06,1.5,4,20260910,"[3492255491,1644334452,1418942151,1015519997,952136839,492938358,3048934173,2419242562,4]","[3492255491,1644334452,1418942151,1015519997,952136839,492938358,3048934173,2419242562,4,0]","[3492255491,1644334452,1418942151,1015519997,952136839,492938358,3048934173,2419242562,4,1]",PCG64,smoke,equidistant,0.5,0.0,False,0.0,0,0.0,0.5,0.5,0.0,0.0,124.5,0.5,0.5,0.0,True,,1.3725654517541588,-0.049782814962339536,0.5583111865298326,46.07373379970787,True,12,0,CONVERGENCE: RELATIVE REDUCTION OF F <= FACTR*EPSMCH,3,3,3,2,46.07373379970787,0.0,1.4607373379970787e-08,exact,True,False,3,
d027970362028d74549356c73c879afd38c074871d61a476b5bb0b1d9032b642,250,0.5,0.5,0.0,1.0,0.0,0.5,1e-06,1.5,4,20260910,"[3492255491,1644334452,1418942151,1015519997,952136839,492938358,3048934173,2419242562,4]","[3492255491,1644334452,1418942151,1015519997,952136839,492938358,3048934173,2419242562,4,0]","[3492255491,1644334452,1418942151,1015519997,952136839,492938358,3048934173,2419242562,4,1]",PCG64,smoke,equidistant,0.5,0.0,False,0.0,0,0.0,0.5,0.5,0.0,0.0,124.5,0.5,0.5,0.0,True,,1.3725654517541588,-0.049782814962339536,0.5583111865298326,46.07373379970787,True,12,0,CONVERGENCE: RELATIVE REDUCTION OF F <= FACTR*EPSMCH,3,3,3,2,46.07373379970787,0.0,1.4607373379970787e-08,pfml,True,False,3,
d027970362028d74549356c73c879afd38c074871d61a476b5bb0b1d9032b642,250,0.5,0.5,0.0,1.0,0.0,0.5,1e-06,1.5,4,20260910,"[3492255491,1644334452,1418942151,1015519997,952136839,492938358,3048934173,2419242562,4]","[3492255491,1644334452,1418942151,1015519997,952136839,492938358,3048934173,2419242562,4,0]","[3492255491,1644334452,1418942151,1015519997,952136839,492938358,3048934173,2419242562,4,1]",PCG64,smoke,equidistant,0.5,0.0,False,0.0,0,0.0,0.5,0.5,0.0,0.0,124.5,0.5,0.5,0.0,True,,0.9931119309717676,-0.049782815592469325,0.41175372159956114,46.07373379970783,True,10,0,CONVERGENCE: RELATIVE REDUCTION OF F <= FACTR*EPSMCH,3,3,3,2,46.07373379970783,0.0,1.4607373379970784e-08,euler,True,False,3,
d027970362028d74549356c73c879afd38c074871d61a476b5bb0b1d9032b642,250,0.5,0.5,0.0,1.0,0.0,0.5,1e-06,1.5,5,20260910,"[3492255491,1644334452,1418942151,1015519997,952136839,492938358,3048934173,2419242562,5]","[3492255491,1644334452,1418942151,1015519997,952136839,492938358,3048934173,2419242562,5,0]","[3492255491,1644334452,1418942151,1015519997,952136839,492938358,3048934173,2419242562,5,1]",PCG64,smoke,equidistant,0.5,0.0,False,0.0,0,0.0,0.5,0.5,0.0,0.0,124.5,0.5,0.5,0.0,True,,0.8721820752400901,-0.05222560706297681,0.46054298995910437,23.585041075921886,True,12,0,CONVERGENCE: RELATIVE REDUCTION OF F <= FACTR*EPSMCH,3,3,3,1,23.585041075921886,0.0,1.2358504107592189e-08,exact,True,False,3,
d027970362028d74549356c73c879afd38c074871d61a476b5bb0b1d9032b642,250,0.5,0.5,0.0,1.0,0.0,0.5,1e-06,1.5,5,20260910,"[3492255491,1644334452,1418942151,1015519997,952136839,492938358,3048934173,2419242562,5]","[3492255491,1644334452,1418942151,1015519997,952136839,492938358,3048934173,2419242562,5,0]","[3492255491,1644334452,1418942151,1015519997,952136839,492938358,3048934173,2419242562,5,1]",PCG64,smoke,equidistant,0.5,0.0,False,0.0,0,0.0,0.5,0.5,0.0,0.0,124.5,0.5,0.5,0.0,True,,0.8721820752400901,-0.05222560706297681,0.46054298995910437,23.585041075921886,True,12,0,CONVERGENCE: RELATIVE REDUCTION OF F <= FACTR*EPSMCH,3,3,3,1,23.585041075921886,0.0,1.2358504107592189e-08,pfml,True,False,3,
d027970362028d74549356c73c879afd38c074871d61a476b5bb0b1d9032b642,250,0.5,0.5,0.0,1.0,0.0,0.5,1e-06,1.5,5,20260910,"[3492255491,1644334452,1418942151,1015519997,952136839,492938358,3048934173,2419242562,5]","[3492255491,1644334452,1418942151,1015519997,952136839,492938358,3048934173,2419242562,5,0]","[3492255491,1644334452,1418942151,1015519997,952136839,492938358,3048934173,2419242562,5,1]",PCG64,smoke,equidistant,0.5,0.0,False,0.0,0,0.0,0.5,0.5,0.0,0.0,124.5,0.5,0.5,0.0,True,,0.7068822871430047,-0.05222560965866713,0.37619565330771415,23.585041075921914,True,10,0,CONVERGENCE: RELATIVE REDUCTION OF F <= FACTR*EPSMCH,3,3,3,0,23.585041075921914,0.0,1.2358504107592192e-08,euler,True,False,3,
d027970362028d74549356c73c879afd38c074871d61a476b5bb0b1d9032b642,250,0.5,0.5,0.0,1.0,0.0,0.5,1e-06,1.5,6,20260910,"[3492255491,1644334452,1418942151,1015519997,952136839,492938358,3048934173,2419242562,6]","[3492255491,1644334452,1418942151,1015519997,952136839,492938358,3048934173,2419242562,6,0]","[3492255491,1644334452,1418942151,1015519997,952136839,492938358,3048934173,2419242562,6,1]",PCG64,smoke,equidistant,0.5,0.0,False,0.0,0,0.0,0.5,0.5,0.0,0.0,124.5,0.5,0.5,0.0,True,,0.9775896009161086,0.06209041048511287,0.5377039493000395,56.59128241804956,True,13,0,CONVERGENCE: RELATIVE REDUCTION OF F <= FACTR*EPSMCH,3,3,3,1,56.59128241804956,0.0,1.5659128241804956e-08,exact,True,False,3,
d027970362028d74549356c73c879afd38c074871d61a476b5bb0b1d9032b642,250,0.5,0.5,0.0,1.0,0.0,0.5,1e-06,1.5,6,20260910,"[3492255491,1644334452,1418942151,1015519997,952136839,492938358,3048934173,2419242562,6]","[3492255491,1644334452,1418942151,1015519997,952136839,492938358,3048934173,2419242562,6,0]","[3492255491,1644334452,1418942151,1015519997,952136839,492938358,3048934173,2419242562,6,1]",PCG64,smoke,equidistant,0.5,0.0,False,0.0,0,0.0,0.5,0.5,0.0,0.0,124.5,0.5,0.5,0.0,True,,0.9775896009161086,0.06209041048511287,0.5377039493000395,56.59128241804956,True,13,0,CONVERGENCE: RELATIVE REDUCTION OF F <= FACTR*EPSMCH,3,3,3,1,56.59128241804956,0.0,1.5659128241804956e-08,pfml,True,False,3,
d027970362028d74549356c73c879afd38c074871d61a476b5bb0b1d9032b642,250,0.5,0.5,0.0,1.0,0.0,0.5,1e-06,1.5,6,20260910,"[3492255491,1644334452,1418942151,1015519997,952136839,492938358,3048934173,2419242562,6]","[3492255491,1644334452,1418942151,1015519997,952136839,492938358,3048934173,2419242562,6,0]","[3492255491,1644334452,1418942151,1015519997,952136839,492938358,3048934173,2419242562,6,1]",PCG64,smoke,equidistant,0.5,0.0,False,0.0,0,0.0,0.5,0.5,0.0,0.0,124.5,0.5,0.5,0.0,True,,0.7732696312514172,0.06209041355594355,0.429518392538757,56.59128241804954,True,12,0,CONVERGENCE: RELATIVE REDUCTION OF F <= FACTR*EPSMCH,3,3,3,1,56.59128241804954,0.0,1.5659128241804953e-08,euler,True,False,3,
d027970362028d74549356c73c879afd38c074871d61a476b5bb0b1d9032b642,250,0.5,0.5,0.0,1.0,0.0,0.5,1e-06,1.5,7,20260910,"[3492255491,1644334452,1418942151,1015519997,952136839,492938358,3048934173,2419242562,7]","[3492255491,1644334452,1418942151,1015519997,952136839,492938358,3048934173,2419242562,7,0]","[3492255491,1644334452,1418942151,1015519997,952136839,492938358,3048934173,2419242562,7,1]",PCG64,smoke,equidistant,0.5,0.0,False,0.0,0,0.0,0.5,0.5,0.0,0.0,124.5,0.5,0.5,0.0,True,,0.9683120257520286,0.08436713142856186,0.5223483505384535,49.86222107742063,True,13,0,CONVERGENCE: RELATIVE REDUCTION OF F <= FACTR*EPSMCH,3,3,3,1,49.86222107742063,0.0,1.4986222107742062e-08,exact,True,False,3,
d027970362028d74549356c73c879afd38c074871d61a476b5bb0b1d9032b642,250,0.5,0.5,0.0,1.0,0.0,0.5,1e-06,1.5,7,20260910,"[3492255491,1644334452,1418942151,1015519997,952136839,492938358,3048934173,2419242562,7]","[3492255491,1644334452,1418942151,1015519997,952136839,492938358,3048934173,2419242562,7,0]","[3492255491,1644334452,1418942151,1015519997,952136839,492938358,3048934173,2419242562,7,1]",PCG64,smoke,equidistant,0.5,0.0,False,0.0,0,0.0,0.5,0.5,0.0,0.0,124.5,0.5,0.5,0.0,True,,0.9683120257520286,0.08436713142856186,0.5223483505384535,49.86222107742063,True,13,0,CONVERGENCE: RELATIVE REDUCTION OF F <= FACTR*EPSMCH,3,3,3,1,49.86222107742063,0.0,1.4986222107742062e-08,pfml,True,False,3,
d027970362028d74549356c73c879afd38c074871d61a476b5bb0b1d9032b642,250,0.5,0.5,0.0,1.0,0.0,0.5,1e-06,1.5,7,20260910,"[3492255491,1644334452,1418942151,1015519997,952136839,492938358,3048934173,2419242562,7]","[3492255491,1644334452,1418942151,1015519997,952136839,492938358,3048934173,2419242562,7,0]","[3492255491,1644334452,1418942151,1015519997,952136839,492938358,3048934173,2419242562,7,1]",PCG64,smoke,equidistant,0.5,0.0,False,0.0,0,0.0,0.5,0.5,0.0,0.0,124.5,0.5,0.5,0.0,True,,0.7675659144015113,0.08436712154219088,0.41806638066607493,49.86222107742057,True,9,0,CONVERGENCE: RELATIVE REDUCTION OF F <= FACTR*EPSMCH,3,3,3,0,49.86222107742057,0.0,1.498622210774206e-08,euler,True,False,3,
d027970362028d74549356c73c879afd38c074871d61a476b5bb0b1d9032b642,250,0.5,0.5,0.0,1.0,0.0,0.5,1e-06,1.5,8,20260910,"[3492255491,1644334452,1418942151,1015519997,952136839,492938358,3048934173,2419242562,8]","[3492255491,1644334452,1418942151,1015519997,952136839,492938358,3048934173,2419242562,8,0]","[3492255491,1644334452,1418942151,1015519997,952136839,492938358,3048934173,2419242562,8,1]",PCG64,smoke,equidistant,0.5,0.0,False,0.0,0,0.0,0.5,0.5,0.0,0.0,124.5,0.5,0.5,0.0,True,,1.4455008197219719,-0.02844226698445268,0.5293035764733086,29.280783122148435,True,12,0,CONVERGENCE: RELATIVE REDUCTION OF F <= FACTR*EPSMCH,3,3,3,2,29.280783122148435,0.0,1.2928078312214844e-08,exact,True,False,3,
d027970362028d74549356c73c879afd38c074871d61a476b5bb0b1d9032b642,250,0.5,0.5,0.0,1.0,0.0,0.5,1e-06,1.5,8,20260910,"[3492255491,1644334452,1418942151,1015519997,952136839,492938358,3048934173,2419242562,8]","[3492255491,1644334452,1418942151,1015519997,952136839,492938358,3048934173,2419242562,8,0]","[3492255491,1644334452,1418942151,1015519997,952136839,492938358,3048934173,2419242562,8,1]",PCG64,smoke,equidistant,0.5,0.0,False,0.0,0,0.0,0.5,0.5,0.0,0.0,124.5,0.5,0.5,0.0,True,,1.4455008197219719,-0.02844226698445268,0.5293035764733086,29.280783122148435,True,12,0,CONVERGENCE: RELATIVE REDUCTION OF F <= FACTR*EPSMCH,3,3,3,2,29.280783122148435,0.0,1.2928078312214844e-08,pfml,True,False,3,
d027970362028d74549356c73c879afd38c074871d61a476b5bb0b1d9032b642,250,0.5,0.5,0.0,1.0,0.0,0.5,1e-06,1.5,8,20260910,"[3492255491,1644334452,1418942151,1015519997,952136839,492938358,3048934173,2419242562,8]","[3492255491,1644334452,1418942151,1015519997,952136839,492938358,3048934173,2419242562,8,0]","[3492255491,1644334452,1418942151,1015519997,952136839,492938358,3048934173,2419242562,8,1]",PCG64,smoke,equidistant,0.5,0.0,False,0.0,0,0.0,0.5,0.5,0.0,0.0,124.5,0.5,0.5,0.0,True,,1.0291693850765355,-0.028442268913472245,0.3849001050135687,29.280783122148428,True,9,0,CONVERGENCE: RELATIVE REDUCTION OF F <= FACTR*EPSMCH,3,3,3,1,29.280783122148428,0.0,1.2928078312214842e-08,euler,True,False,3,
d027970362028d74549356c73c879afd38c074871d61a476b5bb0b1d9032b642,250,0.5,0.5,0.0,1.0,0.0,0.5,1e-06,1.5,9,20260910,"[3492255491,1644334452,1418942151,1015519997,952136839,492938358,3048934173,2419242562,9]","[3492255491,1644334452,1418942151,1015519997,952136839,492938358,3048934173,2419242562,9,0]","[3492255491,1644334452,1418942151,1015519997,952136839,492938358,3048934173,2419242562,9,1]",PCG64,smoke,equidistant,0.5,0.0,False,0.0,0,0.0,0.5,0.5,0.0,0.0,124.5,0.5,0.5,0.0,True,,1.2311463220616623,0.02778761282957781,0.4913346161898245,21.19898459730375,True,12,0,CONVERGENCE: RELATIVE REDUCTION OF F <= FACTR*EPSMCH,3,3,3,1,21.19898459730375,0.0,1.2119898459730376e-08,exact,True,False,3,
d027970362028d74549356c73c879afd38c074871d61a476b5bb0b1d9032b642,250,0.5,0.5,0.0,1.0,0.0,0.5,1e-06,1.5,9,20260910,"[3492255491,1644334452,1418942151,1015519997,952136839,492938358,3048934173,2419242562,9]","[3492255491,1644334452,1418942151,1015519997,952136839,492938358,3048934173,2419242562,9,0]","[3492255491,1644334452,1418942151,1015519997,952136839,492938358,3048934173,2419242562,9,1]",PCG64,smoke,equidistant,0.5,0.0,False,0.0,0,0.0,0.5,0.5,0.0,0.0,124.5,0.5,0.5,0.0,True,,1.2311463220616623,0.02778761282957781,0.4913346161898245,21.19898459730375,True,12,0,CONVERGENCE: RELATIVE REDUCTION OF F <= FACTR*EPSMCH,3,3,3,1,21.19898459730375,0.0,1.2119898459730376e-08,pfml,True,False,3,
d027970362028d74549356c73c879afd38c074871d61a476b5bb0b1d9032b642,250,0.5,0.5,0.0,1.0,0.0,0.5,1e-06,1.5,9,20260910,"[3492255491,1644334452,1418942151,1015519997,952136839,492938358,3048934173,2419242562,9]","[3492255491,1644334452,1418942151,1015519997,952136839,492938358,3048934173,2419242562,9,0]","[3492255491,1644334452,1418942151,1015519997,952136839,492938358,3048934173,2419242562,9,1]",PCG64,smoke,equidistant,0.5,0.0,False,0.0,0,0.0,0.5,0.5,0.0,0.0,124.5,0.5,0.5,0.0,True,,0.9193377282209225,0.027787609613985454,0.3726079565627895,21.198984597303653,True,11,0,CONVERGENCE: RELATIVE REDUCTION OF F <= FACTR*EPSMCH,3,3,3,1,21.198984597303653,0.0,1.2119898459730366e-08,euler,True,False,3,
d027970362028d74549356c73c879afd38c074871d61a476b5bb0b1d9032b642,250,0.5,0.5,0.0,1.0,0.0,0.5,1e-06,1.5,10,20260910,"[3492255491,1644334452,1418942151,1015519997,952136839,492938358,3048934173,2419242562,10]","[3492255491,1644334452,1418942151,1015519997,952136839,492938358,3048934173,2419242562,10,0]","[3492255491,1644334452,1418942151,1015519997,952136839,492938358,3048934173,2419242562,10,1]",PCG64,smoke,equidistant,0.5,0.0,False,0.0,0,0.0,0.5,0.5,0.0,0.0,124.5,0.5,0.5,0.0,True,,1.4010815164929369,-0.006780837934475305,0.5544398152297063,42.963729756499994,True,9,0,CONVERGENCE: RELATIVE REDUCTION OF F <= FACTR*EPSMCH,3,3,3,0,42.963729756499994,0.0,1.429637297565e-08,exact,True,False,3,
d027970362028d74549356c73c879afd38c074871d61a476b5bb0b1d9032b642,250,0.5,0.5,0.0,1.0,0.0,0.5,1e-06,1.5,10,20260910,"[3492255491,1644334452,1418942151,1015519997,952136839,492938358,3048934173,2419242562,10]","[3492255491,1644334452,1418942151,1015519997,952136839,492938358,3048934173,2419242562,10,0]","[3492255491,1644334452,1418942151,1015519997,952136839,492938358,3048934173,2419242562,10,1]",PCG64,smoke,equidistant,0.5,0.0,False,0.0,0,0.0,0.5,0.5,0.0,0.0,124.5,0.5,0.5,0.0,True,,1.4010815164929369,-0.006780837934475305,0.5544398152297063,42.963729756499994,True,9,0,CONVERGENCE: RELATIVE REDUCTION OF F <= FACTR*EPSMCH,3,3,3,0,42.963729756499994,0.0,1.429637297565e-08,pfml,True,False,3,
d027970362028d74549356c73c879afd38c074871d61a476b5bb0b1d9032b642,250,0.5,0.5,0.0,1.0,0.0,0.5,1e-06,1.5,10,20260910,"[3492255491,1644334452,1418942151,1015519997,952136839,492938358,3048934173,2419242562,10]","[3492255491,1644334452,1418942151,1015519997,952136839,492938358,3048934173,2419242562,10,0]","[3492255491,1644334452,1418942151,1015519997,952136839,492938358,3048934173,2419242562,10,1]",PCG64,smoke,equidistant,0.5,0.0,False,0.0,0,0.0,0.5,0.5,0.0,0.0,124.5,0.5,0.5,0.0,True,,1.0073663356257303,-0.006780841012831894,0.4066429126820852,42.96372975649993,True,11,0,CONVERGENCE: RELATIVE REDUCTION OF F <= FACTR*EPSMCH,3,3,3,1,42.96372975649993,0.0,1.4296372975649994e-08,euler,True,False,3,
d027970362028d74549356c73c879afd38c074871d61a476b5bb0b1d9032b642,250,0.5,0.5,0.0,1.0,0.0,0.5,1e-06,1.5,11,20260910,"[3492255491,1644334452,1418942151,1015519997,952136839,492938358,3048934173,2419242562,11]","[3492255491,1644334452,1418942151,1015519997,952136839,492938358,3048934173,2419242562,11,0]","[3492255491,1644334452,1418942151,1015519997,952136839,492938358,3048934173,2419242562,11,1]",PCG64,smoke,equidistant,0.5,0.0,False,0.0,0,0.0,0.5,0.5,0.0,0.0,124.5,0.5,0.5,0.0,True,,1.2373939246285572,0.07611731016814832,0.5109665601047719,30.643622389939313,True,10,0,CONVERGENCE: RELATIVE REDUCTION OF F <= FACTR*EPSMCH,3,3,3,0,30.643622389939313,0.0,1.3064362238993933e-08,exact,True,False,3,
d027970362028d74549356c73c879afd38c074871d61a476b5bb0b1d9032b642,250,0.5,0.5,0.0,1.0,0.0,0.5,1e-06,1.5,11,20260910,"[3492255491,1644334452,1418942151,1015519997,952136839,492938358,3048934173,2419242562,11]","[3492255491,1644334452,1418942151,1015519997,952136839,492938358,3048934173,2419242562,11,0]","[3492255491,1644334452,1418942151,1015519997,952136839,492938358,3048934173,2419242562,11,1]",PCG64,smoke,equidistant,0.5,0.0,False,0.0,0,0.0,0.5,0.5,0.0,0.0,124.5,0.5,0.5,0.0,True,,1.2373939246285572,0.07611731016814832,0.5109665601047719,30.643622389939313,True,10,0,CONVERGENCE: RELATIVE REDUCTION OF F <= FACTR*EPSMCH,3,3,3,0,30.643622389939313,0.0,1.3064362238993933e-08,pfml,True,False,3,
d027970362028d74549356c73c879afd38c074871d61a476b5bb0b1d9032b642,250,0.5,0.5,0.0,1.0,0.0,0.5,1e-06,1.5,11,20260910,"[3492255491,1644334452,1418942151,1015519997,952136839,492938358,3048934173,2419242562,11]","[3492255491,1644334452,1418942151,1015519997,952136839,492938358,3048934173,2419242562,11,0]","[3492255491,1644334452,1418942151,1015519997,952136839,492938358,3048934173,2419242562,11,1]",PCG64,smoke,equidistant,0.5,0.0,False,0.0,0,0.0,0.5,0.5,0.0,0.0,124.5,0.5,0.5,0.0,True,,0.9227082810601581,0.07611730737738359,0.387012537043685,30.64362238993931,True,10,0,CONVERGENCE: RELATIVE REDUCTION OF F <= FACTR*EPSMCH,3,3,3,0,30.64362238993931,0.0,1.3064362238993931e-08,euler,True,False,3,
d027970362028d74549356c73c879afd38c074871d61a476b5bb0b1d9032b642,250,0.5,0.5,0.0,1.0,0.0,0.5,1e-06,1.5,12,20260910,"[3492255491,1644334452,1418942151,1015519997,952136839,492938358,3048934173,2419242562,12]","[3492255491,1644334452,1418942151,1015519997,952136839,492938358,3048934173,2419242562,12,0]","[3492255491,1644334452,1418942151,1015519997,952136839,492938358,3048934173,2419242562,12,1]",PCG64,smoke,equidistant,0.5,0.0,False,0.0,0,0.0,0.5,0.5,0.0,0.0,124.5,0.5,0.5,0.0,True,,1.1056977490769357,0.004051525784891558,0.5109721535255429,37.27926208148094,True,12,0,CONVERGENCE: RELATIVE REDUCTION OF F <= FACTR*EPSMCH,3,3,3,1,37.27926208148094,0.0,1.3727926208148095e-08,exact,True,False,3,
d027970362028d74549356c73c879afd38c074871d61a476b5bb0b1d9032b642,250,0.5,0.5,0.0,1.0,0.0,0.5,1e-06,1.5,12,20260910,"[3492255491,1644334452,1418942151,1015519997,952136839,492938358,3048934173,2419242562,12]","[3492255491,1644334452,1418942151,1015519997,952136839,492938358,3048934173,2419242562,12,0]","[3492255491,1644334452,1418942151,1015519997,952136839,492938358,3048934173,2419242562,12,1]",PCG64,smoke,equidistant,0.5,0.0,False,0.0,0,0.0,0.5,0.5,0.0,0.0,124.5,0.5,0.5,0.0,True,,1.1056977490769357,0.004051525784891558,0.5109721535255429,37.27926208148094,True,12,0,CONVERGENCE: RELATIVE REDUCTION OF F <= FACTR*EPSMCH,3,3,3,1,37.27926208148094,0.0,1.3727926208148095e-08,pfml,True,False,3,
d027970362028d74549356c73c879afd38c074871d61a476b5bb0b1d9032b642,250,0.5,0.5,0.0,1.0,0.0,0.5,1e-06,1.5,12,20260910,"[3492255491,1644334452,1418942151,1015519997,952136839,492938358,3048934173,2419242562,12]","[3492255491,1644334452,1418942151,1015519997,952136839,492938358,3048934173,2419242562,12,0]","[3492255491,1644334452,1418942151,1015519997,952136839,492938358,3048934173,2419242562,12,1]",PCG64,smoke,equidistant,0.5,0.0,False,0.0,0,0.0,0.5,0.5,0.0,0.0,124.5,0.5,0.5,0.0,True,,0.849382998971364,0.004051524688876871,0.39746474883978145,37.279262081480965,True,9,0,CONVERGENCE: NORM OF PROJECTED GRADIENT <= PGTOL,3,3,3,0,37.279262081480965,0.0,1.3727926208148097e-08,euler,True,False,3,
d027970362028d74549356c73c879afd38c074871d61a476b5bb0b1d9032b642,250,0.5,0.5,0.0,1.0,0.0,0.5,1e-06,1.5,13,20260910,"[3492255491,1644334452,1418942151,1015519997,952136839,492938358,3048934173,2419242562,13]","[3492255491,1644334452,1418942151,1015519997,952136839,492938358,3048934173,2419242562,13,0]","[3492255491,1644334452,1418942151,1015519997,952136839,492938358,3048934173,2419242562,13,1]",PCG64,smoke,equidistant,0.5,0.0,False,0.0,0,0.0,0.5,0.5,0.0,0.0,124.5,0.5,0.5,0.0,True,,0.9585158630766738,-0.06187969249908898,0.5153400062361809,47.012152063569474,True,13,0,CONVERGENCE: RELATIVE REDUCTION OF F <= FACTR*EPSMCH,3,3,3,1,47.012152063569474,0.0,1.4701215206356949e-08,exact,True,False,3,
d027970362028d74549356c73c879afd38c074871d61a476b5bb0b1d9032b642,250,0.5,0.5,0.0,1.0,0.0,0.5,1e-06,1.5,13,20260910,"[3492255491,1644334452,1418942151,1015519997,952136839,492938358,3048934173,2419242562,13]","[3492255491,1644334452,1418942151,1015519997,952136839,492938358,3048934173,2419242562,13,0]","[3492255491,1644334452,1418942151,1015519997,952136839,492938358,3048934173,2419242562,13,1]",PCG64,smoke,equidistant,0.5,0.0,False,0.0,0,0.0,0.5,0.5,0.0,0.0,124.5,0.5,0.5,0.0,True,,0.9585158630766738,-0.06187969249908898,0.5153400062361809,47.012152063569474,True,13,0,CONVERGENCE: RELATIVE REDUCTION OF F <= FACTR*EPSMCH,3,3,3,1,47.012152063569474,0.0,1.4701215206356949e-08,pfml,True,False,3,
d027970362028d74549356c73c879afd38c074871d61a476b5bb0b1d9032b642,250,0.5,0.5,0.0,1.0,0.0,0.5,1e-06,1.5,13,20260910,"[3492255491,1644334452,1418942151,1015519997,952136839,492938358,3048934173,2419242562,13]","[3492255491,1644334452,1418942151,1015519997,952136839,492938358,3048934173,2419242562,13,0]","[3492255491,1644334452,1418942151,1015519997,952136839,492938358,3048934173,2419242562,13,1]",PCG64,smoke,equidistant,0.5,0.0,False,0.0,0,0.0,0.5,0.5,0.0,0.0,124.5,0.5,0.5,0.0,True,,0.7615145433732051,-0.0618796915822996,0.41330844838852604,47.01215206356943,True,11,0,CONVERGENCE: RELATIVE REDUCTION OF F <= FACTR*EPSMCH,3,3,3,1,47.01215206356943,0.0,1.4701215206356944e-08,euler,True,False,3,
d027970362028d74549356c73c879afd38c074871d61a476b5bb0b1d9032b642,250,0.5,0.5,0.0,1.0,0.0,0.5,1e-06,1.5,14,20260910,"[3492255491,1644334452,1418942151,1015519997,952136839,492938358,3048934173,2419242562,14]","[3492255491,1644334452,1418942151,1015519997,952136839,492938358,3048934173,2419242562,14,0]","[3492255491,1644334452,1418942151,1015519997,952136839,492938358,3048934173,2419242562,14,1]",PCG64,smoke,equidistant,0.5,0.0,False,0.0,0,0.0,0.5,0.5,0.0,0.0,124.5,0.5,0.5,0.0,True,,0.6797708243283022,0.0031398443393652227,0.43913339501162285,22.176002312883067,True,13,0,CONVERGENCE: RELATIVE REDUCTION OF F <= FACTR*EPSMCH,3,3,3,1,22.176002312883067,0.0,1.2217600231288307e-08,exact,True,False,3,
d027970362028d74549356c73c879afd38c074871d61a476b5bb0b1d9032b642,250,0.5,0.5,0.0,1.0,0.0,0.5,1e-06,1.5,14,20260910,"[3492255491,1644334452,1418942151,1015519997,952136839,492938358,3048934173,2419242562,14]","[3492255491,1644334452,1418942151,1015519997,952136839,492938358,3048934173,2419242562,14,0]","[3492255491,1644334452,1418942151,1015519997,952136839,492938358,3048934173,2419242562,14,1]",PCG64,smoke,equidistant,0.5,0.0,False,0.0,0,0.0,0.5,0.5,0.0,0.0,124.5,0.5,0.5,0.0,True,,0.6797708243283022,0.0031398443393652227,0.43913339501162285,22.176002312883067,True,13,0,CONVERGENCE: RELATIVE REDUCTION OF F <= FACTR*EPSMCH,3,3,3,1,22.176002312883067,0.0,1.2217600231288307e-08,pfml,True,False,3,
d027970362028d74549356c73c879afd38c074871d61a476b5bb0b1d9032b642,250,0.5,0.5,0.0,1.0,0.0,0.5,1e-06,1.5,14,20260910,"[3492255491,1644334452,1418942151,1015519997,952136839,492938358,3048934173,2419242562,14]","[3492255491,1644334452,1418942151,1015519997,952136839,492938358,3048934173,2419242562,14,0]","[3492255491,1644334452,1418942151,1015519997,952136839,492938358,3048934173,2419242562,14,1]",PCG64,smoke,equidistant,0.5,0.0,False,0.0,0,0.0,0.5,0.5,0.0,0.0,124.5,0.5,0.5,0.0,True,,0.5762962264519341,0.0031398324794101227,0.37407285700342474,22.17600231288293,True,12,0,CONVERGENCE: RELATIVE REDUCTION OF F <= FACTR*EPSMCH,3,3,3,1,22.17600231288293,0.0,1.2217600231288294e-08,euler,True,False,3,
d027970362028d74549356c73c879afd38c074871d61a476b5bb0b1d9032b642,250,0.5,0.5,0.0,1.0,0.0,0.5,1e-06,1.5,15,20260910,"[3492255491,1644334452,1418942151,1015519997,952136839,492938358,3048934173,2419242562,15]","[3492255491,1644334452,1418942151,1015519997,952136839,492938358,3048934173,2419242562,15,0]","[3492255491,1644334452,1418942151,1015519997,952136839,492938358,3048934173,2419242562,15,1]",PCG64,smoke,equidistant,0.5,0.0,False,0.0,0,0.0,0.5,0.5,0.0,0.0,124.5,0.5,0.5,0.0,True,,0.8496943970118745,-0.07052386957414414,0.48058305110977273,35.39234022695592,True,12,0,CONVERGENCE: RELATIVE REDUCTION OF F <= FACTR*EPSMCH,3,3,3,1,35.39234022695592,0.0,1.3539234022695593e-08,exact,True,False,3,
d027970362028d74549356c73c879afd38c074871d61a476b5bb0b1d9032b642,250,0.5,0.5,0.0,1.0,0.0,0.5,1e-06,1.5,15,20260910,"[3492255491,1644334452,1418942151,1015519997,952136839,492938358,3048934173,2419242562,15]","[3492255491,1644334452,1418942151,1015519997,952136839,492938358,3048934173,2419242562,15,0]","[3492255491,1644334452,1418942151,1015519997,952136839,492938358,3048934173,2419242562,15,1]",PCG64,smoke,equidistant,0.5,0.0,False,0.0,0,0.0,0.5,0.5,0.0,0.0,124.5,0.5,0.5,0.0,True,,0.8496943970118745,-0.07052386957414414,0.48058305110977273,35.39234022695592,True,12,0,CONVERGENCE: RELATIVE REDUCTION OF F <= FACTR*EPSMCH,3,3,3,1,35.39234022695592,0.0,1.3539234022695593e-08,pfml,True,False,3,
d027970362028d74549356c73c879afd38c074871d61a476b5bb0b1d9032b642,250,0.5,0.5,0.0,1.0,0.0,0.5,1e-06,1.5,15,20260910,"[3492255491,1644334452,1418942151,1015519997,952136839,492938358,3048934173,2419242562,15]","[3492255491,1644334452,1418942151,1015519997,952136839,492938358,3048934173,2419242562,15,0]","[3492255491,1644334452,1418942151,1015519997,952136839,492938358,3048934173,2419242562,15,1]",PCG64,smoke,equidistant,0.5,0.0,False,0.0,0,0.0,0.5,0.5,0.0,0.0,124.5,0.5,0.5,0.0,True,,0.6922606378676968,-0.07052386821345286,0.39446414035600497,35.39234022695594,True,12,0,CONVERGENCE: RELATIVE REDUCTION OF F <= FACTR*EPSMCH,3,3,3,1,35.39234022695594,0.0,1.3539234022695594e-08,euler,True,False,3,
d027970362028d74549356c73c879afd38c074871d61a476b5bb0b1d9032b642,250,0.5,0.5,0.0,1.0,0.0,0.5,1e-06,1.5,16,20260910,"[3492255491,1644334452,1418942151,1015519997,952136839,492938358,3048934173,2419242562,16]","[3492255491,1644334452,1418942151,1015519997,952136839,492938358,3048934173,2419242562,16,0]","[3492255491,1644334452,1418942151,1015519997,952136839,492938358,3048934173,2419242562,16,1]",PCG64,smoke,equidistant,0.5,0.0,False,0.0,0,0.0,0.5,0.5,0.0,0.0,124.5,0.5,0.5,0.0,True,,1.4256691751926147,0.01145218558357484,0.5938449708731703,58.87858079414032,True,12,0,CONVERGENCE: RELATIVE REDUCTION OF F <= FACTR*EPSMCH,3,3,3,1,58.87858079414032,0.0,1.588785807941403e-08,exact,True,False,3,
d027970362028d74549356c73c879afd38c074871d61a476b5bb0b1d9032b642,250,0.5,0.5,0.0,1.0,0.0,0.5,1e-06,1.5,16,20260910,"[3492255491,1644334452,1418942151,1015519997,952136839,492938358,3048934173,2419242562,16]","[3492255491,1644334452,1418942151,1015519997,952136839,492938358,3048934173,2419242562,16,0]","[3492255491,1644334452,1418942151,1015519997,952136839,492938358,3048934173,2419242562,16,1]",PCG64,smoke,equidistant,0.5,0.0,False,0.0,0,0.0,0.5,0.5,0.0,0.0,124.5,0.5,0.5,0.0,True,,1.4256691751926147,0.01145218558357484,0.5938449708731703,58.87858079414032,True,12,0,CONVERGENCE: RELATIVE REDUCTION OF F <= FACTR*EPSMCH,3,3,3,1,58.87858079414032,0.0,1.588785807941403e-08,pfml,True,False,3,
d027970362028d74549356c73c879afd38c074871d61a476b5bb0b1d9032b642,250,0.5,0.5,0.0,1.0,0.0,0.5,1e-06,1.5,16,20260910,"[3492255491,1644334452,1418942151,1015519997,952136839,492938358,3048934173,2419242562,16]","[3492255491,1644334452,1418942151,1015519997,952136839,492938358,3048934173,2419242562,16,0]","[3492255491,1644334452,1418942151,1015519997,952136839,492938358,3048934173,2419242562,16,1]",PCG64,smoke,equidistant,0.5,0.0,False,0.0,0,0.0,0.5,0.5,0.0,0.0,124.5,0.5,0.5,0.0,True,,1.0194948853212369,0.011452183971951595,0.4334820954815552,58.878580794140326,True,10,0,CONVERGENCE: NORM OF PROJECTED GRADIENT <= PGTOL,3,3,3,2,58.878580794140326,0.0,1.5887858079414035e-08,euler,True,False,3,
d027970362028d74549356c73c879afd38c074871d61a476b5bb0b1d9032b642,250,0.5,0.5,0.0,1.0,0.0,0.5,1e-06,1.5,17,20260910,"[3492255491,1644334452,1418942151,1015519997,952136839,492938358,3048934173,2419242562,17]","[3492255491,1644334452,1418942151,1015519997,952136839,492938358,3048934173,2419242562,17,0]","[3492255491,1644334452,1418942151,1015519997,952136839,492938358,3048934173,2419242562,17,1]",PCG64,smoke,equidistant,0.5,0.0,False,0.0,0,0.0,0.5,0.5,0.0,0.0,124.5,0.5,0.5,0.0,True,,1.1831076466037609,0.04130868950294295,0.5369539397470726,45.709827502303696,True,9,0,CONVERGENCE: RELATIVE REDUCTION OF F <= FACTR*EPSMCH,3,3,3,0,45.709827502303696,0.0,1.457098275023037e-08,exact,True,False,3,
d027970362028d74549356c73c879afd38c074871d61a476b5bb0b1d9032b642,250,0.5,0.5,0.0,1.0,0.0,0.5,1e-06,1.5,17,20260910,"[3492255491,1644334452,1418942151,1015519997,952136839,492938358,3048934173,2419242562,17]","[3492255491,1644334452,1418942151,1015519997,952136839,492938358,3048934173,2419242562,17,0]","[3492255491,1644334452,1418942151,1015519997,952136839,492938358,3048934173,2419242562,17,1]",PCG64,smoke,equidistant,0.5,0.0,False,0.0,0,0.0,0.5,0.5,0.0,0.0,124.5,0.5,0.5,0.0,True,,1.1831076466037609,0.04130868950294295,0.5369539397470726,45.709827502303696,True,9,0,CONVERGENCE: RELATIVE REDUCTION OF F <= FACTR*EPSMCH,3,3,3,0,45.709827502303696,0.0,1.457098275023037e-08,pfml,True,False,3,
d027970362028d74549356c73c879afd38c074871d61a476b5bb0b1d9032b642,250,0.5,0.5,0.0,1.0,0.0,0.5,1e-06,1.5,17,20260910,"[3492255491,1644334452,1418942151,1015519997,952136839,492938358,3048934173,2419242562,17]","[3492255491,1644334452,1418942151,1015519997,952136839,492938358,3048934173,2419242562,17,0]","[3492255491,1644334452,1418942151,1015519997,952136839,492938358,3048934173,2419242562,17,1]",PCG64,smoke,equidistant,0.5,0.0,False,0.0,0,0.0,0.5,0.5,0.0,0.0,124.5,0.5,0.5,0.0,True,,0.8930667605941164,0.041308685892565374,0.41115239850166224,45.709827502303675,True,11,0,CONVERGENCE: RELATIVE REDUCTION OF F <= FACTR*EPSMCH,3,3,3,1,45.709827502303675,0.0,1.4570982750230369e-08,euler,True,False,3,
d027970362028d74549356c73c879afd38c074871d61a476b5bb0b1d9032b642,250,0.5,0.5,0.0,1.0,0.0,0.5,1e-06,1.5,18,20260910,"[3492255491,1644334452,1418942151,1015519997,952136839,492938358,3048934173,2419242562,18]","[3492255491,1644334452,1418942151,1015519997,952136839,492938358,3048934173,2419242562,18,0]","[3492255491,1644334452,1418942151,1015519997,952136839,492938358,3048934173,2419242562,18,1]",PCG64,smoke,equidistant,0.5,0.0,False,0.0,0,0.0,0.5,0.5,0.0,0.0,124.5,0.5,0.5,0.0,True,,1.3953231684621965,-0.01286727302785127,0.5238412762654966,29.105641665813828,True,11,0,CONVERGENCE: RELATIVE REDUCTION OF F <= FACTR*EPSMCH,3,3,3,2,29.105641665813828,0.0,1.2910564166581383e-08,exact,True,False,3,
d027970362028d74549356c73c879afd38c074871d61a476b5bb0b1d9032b642,250,0.5,0.5,0.0,1.0,0.0,0.5,1e-06,1.5,18,20260910,"[3492255491,1644334452,1418942151,1015519997,952136839,492938358,3048934173,2419242562,18]","[3492255491,1644334452,1418942151,1015519997,952136839,492938358,3048934173,2419242562,18,0]","[3492255491,1644334452,1418942151,1015519997,952136839,492938358,3048934173,2419242562,18,1]",PCG64,smoke,equidistant,0.5,0.0,False,0.0,0,0.0,0.5,0.5,0.0,0.0,124.5,0.5,0.5,0.0,True,,1.3953231684621965,-0.01286727302785127,0.5238412762654966,29.105641665813828,True,11,0,CONVERGENCE: RELATIVE REDUCTION OF F <= FACTR*EPSMCH,3,3,3,2,29.105641665813828,0.0,1.2910564166581383e-08,pfml,True,False,3,
d027970362028d74549356c73c879afd38c074871d61a476b5bb0b1d9032b642,250,0.5,0.5,0.0,1.0,0.0,0.5,1e-06,1.5,18,20260910,"[3492255491,1644334452,1418942151,1015519997,952136839,492938358,3048934173,2419242562,18]","[3492255491,1644334452,1418942151,1015519997,952136839,492938358,3048934173,2419242562,18,0]","[3492255491,1644334452,1418942151,1015519997,952136839,492938358,3048934173,2419242562,18,1]",PCG64,smoke,equidistant,0.5,0.0,False,0.0,0,0.0,0.5,0.5,0.0,0.0,124.5,0.5,0.5,0.0,True,,1.0045042996234546,-0.012867270540824292,0.38462947191108576,29.105641665813557,True,11,0,CONVERGENCE: RELATIVE REDUCTION OF F <= FACTR*EPSMCH,3,3,3,1,29.105641665813557,0.0,1.2910564166581356e-08,euler,True,False,3,
d027970362028d74549356c73c879afd38c074871d61a476b5bb0b1d9032b642,250,0.5,0.5,0.0,1.0,0.0,0.5,1e-06,1.5,19,20260910,"[3492255491,1644334452,1418942151,1015519997,952136839,492938358,3048934173,2419242562,19]","[3492255491,1644334452,1418942151,1015519997,952136839,492938358,3048934173,2419242562,19,0]","[3492255491,1644334452,1418942151,1015519997,952136839,492938358,3048934173,2419242562,19,1]",PCG64,smoke,equidistant,0.5,0.0,False,0.0,0,0.0,0.5,0.5,0.0,0.0,124.5,0.5,0.5,0.0,True,,0.7910094723961977,0.033510518721938116,0.45148042358733964,22.9969781882456,True,13,0,CONVERGENCE: RELATIVE REDUCTION OF F <= FACTR*EPSMCH,3,3,3,2,22.9969781882456,0.0,1.229969781882456e-08,exact,True,False,3,
d027970362028d74549356c73c879afd38c074871d61a476b5bb0b1d9032b642,250,0.5,0.5,0.0,1.0,0.0,0.5,1e-06,1.5,19,20260910,"[3492255491,1644334452,1418942151,1015519997,952136839,492938358,3048934173,2419242562,19]","[3492255491,1644334452,1418942151,1015519997,952136839,492938358,3048934173,2419242562,19,0]","[3492255491,1644334452,1418942151,1015519997,952136839,492938358,3048934173,2419242562,19,1]",PCG64,smoke,equidistant,0.5,0.0,False,0.0,0,0.0,0.5,0.5,0.0,0.0,124.5,0.5,0.5,0.0,True,,0.7910094723961977,0.033510518721938116,0.45148042358733964,22.9969781882456,True,13,0,CONVERGENCE: RELATIVE REDUCTION OF F <= FACTR*EPSMCH,3,3,3,2,22.9969781882456,0.0,1.229969781882456e-08,pfml,True,False,3,
d027970362028d74549356c73c879afd38c074871d61a476b5bb0b1d9032b642,250,0.5,0.5,0.0,1.0,0.0,0.5,1e-06,1.5,19,20260910,"[3492255491,1644334452,1418942151,1015519997,952136839,492938358,3048934173,2419242562,19]","[3492255491,1644334452,1418942151,1015519997,952136839,492938358,3048934173,2419242562,19,0]","[3492255491,1644334452,1418942151,1015519997,952136839,492938358,3048934173,2419242562,19,1]",PCG64,smoke,equidistant,0.5,0.0,False,0.0,0,0.0,0.5,0.5,0.0,0.0,124.5,0.5,0.5,0.0,True,,0.6533198281144412,0.033510526389634726,0.37530824879208097,22.996978188245595,True,10,0,CONVERGENCE: RELATIVE REDUCTION OF F <= FACTR*EPSMCH,3,3,3,0,22.996978188245595,0.0,1.229969781882456e-08,euler,True,False,3,
c9336ddbf5462c139a054699fef361ecbf08b537a70e8513696600b9ba442127,250,0.5,0.5,1.0,1.0,0.0,0.5,1e-06,1.5,0,20260910,"[3375590875,4115016723,2584037017,4277363180,3205018935,2802746643,1768292537,3125027111,0]","[3375590875,4115016723,2584037017,4277363180,3205018935,2802746643,1768292537,3125027111,0,0]","[3375590875,4115016723,2584037017,4277363180,3205018935,2802746643,1768292537,3125027111,0,1]",PCG64,smoke,exponential,0.5,1.0,False,0.0,0,0.0,0.5617282187349202,0.5617282187349197,1.0035743769679621,1.0035743769679635,139.87032646499503,7.867945157613576e-06,0.5,0.0,True,,0.7879030249179534,-0.061401403679661085,0.4523408271212088,-43.124195289776104,True,13,0,CONVERGENCE: RELATIVE REDUCTION OF F <= FACTR*EPSMCH,3,3,3,1,-43.124195289776104,0.0,1.4312419528977612e-08,exact,True,False,3,
c9336ddbf5462c139a054699fef361ecbf08b537a70e8513696600b9ba442127,250,0.5,0.5,1.0,1.0,0.0,0.5,1e-06,1.5,0,20260910,"[3375590875,4115016723,2584037017,4277363180,3205018935,2802746643,1768292537,3125027111,0]","[3375590875,4115016723,2584037017,4277363180,3205018935,2802746643,1768292537,3125027111,0,0]","[3375590875,4115016723,2584037017,4277363180,3205018935,2802746643,1768292537,3125027111,0,1]",PCG64,smoke,exponential,0.5,1.0,False,0.0,0,0.0,0.5617282187349202,0.5617282187349197,1.0035743769679621,1.0035743769679635,139.87032646499503,7.867945157613576e-06,0.5,0.0,True,,0.7564643404531085,-0.05464419713717645,0.4219929557549884,17.503960242150235,True,9,0,CONVERGENCE: RELATIVE REDUCTION OF F <= FACTR*EPSMCH,3,3,3,0,17.503960242150235,0.0,1.1750396024215024e-08,pfml,True,False,3,
c9336ddbf5462c139a054699fef361ecbf08b537a70e8513696600b9ba442127,250,0.5,0.5,1.0,1.0,0.0,0.5,1e-06,1.5,0,20260910,"[3375590875,4115016723,2584037017,4277363180,3205018935,2802746643,1768292537,3125027111,0]","[3375590875,4115016723,2584037017,4277363180,3205018935,2802746643,1768292537,3125027111,0,0]","[3375590875,4115016723,2584037017,4277363180,3205018935,2802746643,1768292537,3125027111,0,1]",PCG64,smoke,exponential,0.5,1.0,False,0.0,0,0.0,0.5617282187349202,0.5617282187349197,1.0035743769679621,1.0035743769679635,139.87032646499503,7.867945157613576e-06,0.5,0.0,True,,0.570907503910004,-0.05507673176253768,0.3827825795973002,-37.33019273635007,True,9,0,CONVERGENCE: RELATIVE REDUCTION OF F <= FACTR*EPSMCH,3,3,3,0,-37.33019273635007,0.0,1.3733019273635007e-08,euler,True,False,3,
c9336ddbf5462c139a054699fef361ecbf08b537a70e8513696600b9ba442127,250,0.5,0.5,1.0,1.0,0.0,0.5,1e-06,1.5,1,20260910,"[3375590875,4115016723,2584037017,4277363180,3205018935,2802746643,1768292537,3125027111,1]","[3375590875,4115016723,2584037017,4277363180,3205018935,2802746643,1768292537,3125027111,1,0]","[3375590875,4115016723,2584037017,4277363180,3205018935,2802746643,1768292537,3125027111,1,1]",PCG64,smoke,exponential,0.5,1.0,False,0.0,0,0.0,0.496442197430144,0.4964421974301444,0.9762828431548681,0.9762828431548679,123.61410716010596,0.0011086573759477858,0.5,0.0,True,,1.2184502259146996,-0.021868175542707858,0.521434864110211,-23.461683076957357,True,10,0,CONVERGENCE: RELATIVE REDUCTION OF F <= FACTR*EPSMCH,3,3,3,2,-23.461683076957357,0.0,1.2346168307695737e-08,exact,True,False,3,
c9336ddbf5462c139a054699fef361ecbf08b537a70e8513696600b9ba442127,250,0.5,0.5,1.0,1.0,0.0,0.5,1e-06,1.5,1,20260910,"[3375590875,4115016723,2584037017,4277363180,3205018935,2802746643,1768292537,3125027111,1]","[3375590875,4115016723,2584037017,4277363180,3205018935,2802746643,1768292537,3125027111,1,0]","[3375590875,4115016723,2584037017,4277363180,3205018935,2802746643,1768292537,3125027111,1,1]",PCG64,smoke,exponential,0.5,1.0,False,0.0,0,0.0,0.496442197430144,0.4964421974301444,0.9762828431548681,0.9762828431548679,123.61410716010596,0.0011086573759477858,0.5,0.0,True,,0.8448019094943955,-0.025399234572701743,0.44255125869357553,14.559152844187588,True,14,0,CONVERGENCE: RELATIVE REDUCTION OF F <= FACTR*EPSMCH,3,3,3,1,14.559152844187588,0.0,1.1455915284418759e-08,pfml,True,False,3,
c9336ddbf5462c139a054699fef361ecbf08b537a70e8513696600b9ba442127,250,0.5,0.5,1.0,1.0,0.0,0.5,1e-06,1.5,1,20260910,"[3375590875,4115016723,2584037017,4277363180,3205018935,2802746643,1768292537,3125027111,1]","[3375590875,4115016723,2584037017,4277363180,3205018935,2802746643,1768292537,3125027111,1,0]","[3375590875,4115016723,2584037017,4277363180,3205018935,2802746643,1768292537,3125027111,1,1]",PCG64,smoke,exponential,0.5,1.0,False,0.0,0,0.0,0.496442197430144,0.4964421974301444,0.9762828431548681,0.9762828431548679,123.61410716010596,0.0011086573759477858,0.5,0.0,True,,0.7582593007198571,-0.0066553572372422985,0.42699579331950754,-11.391679402712867,True,12,0,CONVERGENCE: RELATIVE REDUCTION OF F <= FACTR*EPSMCH,3,3,3,1,-11.391679402712867,0.0,1.1139167940271287e-08,euler,True,False,3,
c9336ddbf5462c139a054699fef361ecbf08b537a70e8513696600b9ba442127,250,0.5,0.5,1.0,1.0,0.0,0.5,1e-06,1.5,2,20260910,"[3375590875,4115016723,2584037017,4277363180,3205018935,2802746643,1768292537,3125027111,2]","[3375590875,4115016723,2584037017,4277363180,3205018935,2802746643,1768292537,3125027111,2,0]","[3375590875,4115016723,2584037017,4277363180,3205018935,2802746643,1768292537,3125027111,2,1]",PCG64,smoke,exponential,0.5,1.0,False,0.0,0,0.0,0.4964609687842038,0.4964609687842041,1.0578233397109789,1.0578233397109789,123.61878122726682,0.002529857808966085,0.5,0.0,True,,1.3398371008543724,0.012134069358485416,0.5446638510187432,-27.464036322818135,True,11,0,CONVERGENCE: RELATIVE REDUCTION OF F <= FACTR*EPSMCH,3,3,3,0,-27.464036322818135,0.0,1.2746403632281814e-08,exact,True,False,3,
c9336ddbf5462c139a054699fef361ecbf08b537a70e8513696600b9ba442127,250,0.5,0.5,1.0,1.0,0.0,0.5,1e-06,1.5,2,20260910,"[3375590875,4115016723,2584037017,4277363180,3205018935,2802746643,1768292537,3125027111,2]","[3375590875,4115016723,2584037017,4277363180,3205018935,2802746643,1768292537,3125027111,2,0]","[3375590875,4115016723,2584037017,4277363180,3205018935,2802746643,1768292537,3125027111,2,1]",PCG64,smoke,exponential,0.5,1.0,False,0.0,0,0.0,0.4964609687842038,0.4964609687842041,1.0578233397109789,1.0578233397109789,123.61878122726682,0.002529857808966085,0.5,0.0,True,,1.0573249055218106,0.0017983674896757764,0.4614653591532805,13.884062245234055,True,12,0,CONVERGENCE: RELATIVE REDUCTION OF F <= FACTR*EPSMCH,3,3,3,1,13.884062245234055,0.0,1.1388406224523407e-08,pfml,True,False,3,
c9336ddbf5462c139a054699fef361ecbf08b537a70e8513696600b9ba442127,250,0.5,0.5,1.0,1.0,0.0,0.5,1e-06,1.5,2,20260910,"[3375590875,4115016723,2584037017,4277363180,3205018935,2802746643,1768292537,3125027111,2]","[3375590875,4115016723,2584037017,4277363180,3205018935,2802746643,1768292537,3125027111,2,0]","[3375590875,4115016723,2584037017,4277363180,3205018935,2802746643,1768292537,3125027111,2,1]",PCG64,smoke,exponential,0.5,1.0,False,0.0,0,0.0,0.4964609687842038,0.4964609687842041,1.0578233397109789,1.0578233397109789,123.61878122726682,0.002529857808966085,0.5,0.0,True,,0.7748143360859256,0.032484522563421055,0.4426490208693865,-13.015110470941213,True,13,0,CONVERGENCE: RELATIVE REDUCTION OF F <= FACTR*EPSMCH,3,3,3,2,-13.015110470941213,0.0,1.1301511047094122e-08,euler,True,False,3,
c9336ddbf5462c139a054699fef361ecbf08b537a70e8513696600b9ba442127,250,0.5,0.5,1.0,1.0,0.0,0.5,1e-06,1.5,3,20260910,"[3375590875,4115016723,2584037017,4277363180,3205018935,2802746643,1768292537,3125027111,3]","[3375590875,4115016723,2584037017,4277363180,3205018935,2802746643,1768292537,3125027111,3,0]","[3375590875,4115016723,2584037017,4277363180,3205018935,2802746643,1768292537,3125027111,3,1]",PCG64,smoke,exponential,0.5,1.0,False,0.0,0,0.0,0.49696743252730924,0.49696743252730946,0.9633746236696412,0.9633746236696409,123.74489069930003,0.0037473107939129946,0.5,0.0,True,,1.0930314960546548,-0.0067569838587229454,0.48801486427932794,-38.244461986681756,True,10,0,CONVERGENCE: RELATIVE REDUCTION OF F <= FACTR*EPSMCH,3,3,3,0,-38.244461986681756,0.0,1.3824446198668175e-08,exact,True,False,3,
c9336ddbf5462c139a054699fef361ecbf08b537a70e8513696600b9ba442127,250,0.5,0.5,1.0,1.0,0.0,0.5,1e-06,1.5,3,20260910,"[3375590875,4115016723,2584037017,4277363180,3205018935,2802746643,1768292537,3125027111,3]","[3375590875,4115016723,2584037017,4277363180,3205018935,2802746643,1768292537,3125027111,3,0]","[3375590875,4115016723,2584037017,4277363180,3205018935,2802746643,1768292537,3125027111,3,1]",PCG64,smoke,exponential,0.5,1.0,False,0.0,0,0.0,0.49696743252730924,0.49696743252730946,0.9633746236696412,0.9633746236696409,123.74489069930003,0.0037473107939129946,0.5,0.0,True,,0.8956734121200605,-0.008894888182205336,0.4381921048321984,9.479012647201202,True,14,0,CONVERGENCE: RELATIVE REDUCTION OF F <= FACTR*EPSMCH,3,3,3,1,9.479012647201202,0.0,1.0947901264720121e-08,pfml,True,False,3,
c9336ddbf5462c139a054699fef361ecbf08b537a70e8513696600b9ba442127,250,0.5,0.5,1.0,1.0,0.0,0.5,1e-06,1.5,3,20260910,"[3375590875,4115016723,2584037017,4277363180,3205018935,2802746643,1768292537,3125027111,3]","[3375590875,4115016723,2584037017,4277363180,3205018935,2802746643,1768292537,3125027111,3,0]","[3375590875,4115016723,2584037017,4277363180,3205018935,2802746643,1768292537,3125027111,3,1]",PCG64,smoke,exponential,0.5,1.0,False,0.0,0,0.0,0.49696743252730924,0.49696743252730946,0.9633746236696412,0.9633746236696409,123.74489069930003,0.0037473107939129946,0.5,0.0,True,,0.7410458985354315,0.0030426795201159667,0.40213870019859826,-29.75170452049099,True,10,0,CONVERGENCE: RELATIVE REDUCTION OF F <= FACTR*EPSMCH,3,3,3,0,-29.75170452049099,0.0,1.29751704520491e-08,euler,True,False,3,
c9336ddbf5462c139a054699fef361ecbf08b537a70e8513696600b9ba442127,250,0.5,0.5,1.0,1.0,0.0,0.5,1e-06,1.5,4,20260910,"[3375590875,4115016723,2584037017,4277363180,3205018935,2802746643,1768292537,3125027111,4]","[3375590875,4115016723,2584037017,4277363180,3205018935,2802746643,1768292537,3125027111,4,0]","[3375590875,4115016723,2584037017,4277363180,3205018935,2802746643,1768292537,3125027111,4,1]",PCG64,smoke,exponential,0.5,1.0,False,0.0,0,0.0,0.4906132469772239,0.4906132469772237,1.0673799699573365,1.0673799699573365,122.16269849732869,0.002483211688920406,0.5,0.0,True,,1.205970298679795,0.00440397880206915,0.5427531203979435,-15.98886897578099,True,13,0,CONVERGENCE: RELATIVE REDUCTION OF F <= FACTR*EPSMCH,3,3,3,2,-15.98886897578099,0.0,1.15988868975781e-08,exact,True,False,3,
c9336ddbf5462c139a054699fef361ecbf08b537a70e8513696600b9ba442127,250,0.5,0.5,1.0,1.0,0.0,0.5,1e-06,1.5,4,20260910,"[3375590875,4115016723,2584037017,4277363180,3205018935,2802746643,1768292537,3125027111,4]","[3375590875,4115016723,2584037017,4277363180,3205018935,2802746643,1768292537,3125027111,4,0]","[3375590875,4115016723,2584037017,4277363180,3205018935,2802746643,1768292537,3125027111,4,1]",PCG64,smoke,exponential,0.5,1.0,False,0.0,0,0.0,0.4906132469772239,0.4906132469772237,1.0673799699573365,1.0673799699573365,122.16269849732869,0.002483211688920406,0.5,0.0,True,,1.3443355126946535,0.023125726843355135,0.5271267359988541,32.006234933038314,True,9,0,CONVERGENCE: RELATIVE REDUCTION OF F <= FACTR*EPSMCH,3,3,3,0,32.006234933038314,0.0,1.3200623493303832e-08,pfml,True,False,3,
c9336ddbf5462c139a054699fef361ecbf08b537a70e8513696600b9ba442127,250,0.5,0.5,1.0,1.0,0.0,0.5,1e-06,1.5,4,20260910,"[3375590875,4115016723,2584037017,4277363180,3205018935,2802746643,1768292537,3125027111,4]","[3375590875,4115016723,2584037017,4277363180,3205018935,2802746643,1768292537,3125027111,4,0]","[3375590875,4115016723,2584037017,4277363180,3205018935,2802746643,1768292537,3125027111,4,1]",PCG64,smoke,exponential,0.5,1.0,False,0.0,0,0.0,0.4906132469772239,0.4906132469772237,1.0673799699573365,1.0673799699573365,122.16269849732869,0.002483211688920406,0.5,0.0,True,,0.7790397506316965,0.02686862654581925,0.4389503112987034,-8.966390242289965,True,10,0,CONVERGENCE: RELATIVE REDUCTION OF F <= FACTR*EPSMCH,3,3,3,0,-8.966390242289965,0.0,1.0896639024228996e-08,euler,True,False,3,
c9336ddbf5462c139a054699fef361ecbf08b537a70e8513696600b9ba442127,250,0.5,0.5,1.0,1.0,0.0,0.5,1e-06,1.5,5,20260910,"[3375590875,4115016723,2584037017,4277363180,3205018935,2802746643,1768292537,3125027111,5]","[3375590875,4115016723,2584037017,4277363180,3205018935,2802746643,1768292537,3125027111,5,0]","[3375590875,4115016723,2584037017,4277363180,3205018935,2802746643,1768292537,3125027111,5,1]",PCG64,smoke,exponential,0.5,1.0,False,0.0,0,0.0,0.5262216733355316,0.5262216733355315,0.9525454379221671,0.9525454379221666,131.02919666054734,0.004243607203131106,0.5,0.0,True,,1.057619712386754,0.02910491910373583,0.5112316443373666,-17.780068310865254,True,10,0,CONVERGENCE: RELATIVE REDUCTION OF F <= FACTR*EPSMCH,3,3,3,0,-17.780068310865254,0.0,1.1778006831086526e-08,exact,True,False,3,
c9336ddbf5462c139a054699fef361ecbf08b537a70e8513696600b9ba442127,250,0.5,0.5,1.0,1.0,0.0,0.5,1e-06,1.5,5,20260910,"[3375590875,4115016723,2584037017,4277363180,3205018935,2802746643,1768292537,3125027111,5]","[3375590875,4115016723,2584037017,4277363180,3205018935,2802746643,1768292537,3125027111,5,0]","[3375590875,4115016723,2584037017,4277363180,3205018935,2802746643,1768292537,3125027111,5,1]",PCG64,smoke,exponential,0.5,1.0,False,0.0,0,0.0,0.5262216733355316,0.5262216733355315,0.9525454379221671,0.9525454379221666,131.02919666054734,0.004243607203131106,0.5,0.0,True,,0.8252978215539444,0.021172173929925365,0.44903096211809995,23.837661797919623,True,10,0,CONVERGENCE: RELATIVE REDUCTION OF F <= FACTR*EPSMCH,3,3,3,0,23.837661797919623,0.0,1.2383766179791963e-08,pfml,True,False,3,
c9336ddbf5462c139a054699fef361ecbf08b537a70e8513696600b9ba442127,250,0.5,0.5,1.0,1.0,0.0,0.5,1e-06,1.5,5,20260910,"[3375590875,4115016723,2584037017,4277363180,3205018935,2802746643,1768292537,3125027111,5]","[3375590875,4115016723,2584037017,4277363180,3205018935,2802746643,1768292537,3125027111,5,0]","[3375590875,4115016723,2584037017,4277363180,3205018935,2802746643,1768292537,3125027111,5,1]",PCG64,smoke,exponential,0.5,1.0,False,0.0,0,0.0,0.5262216733355316,0.5262216733355315,0.9525454379221671,0.9525454379221666,131.02919666054734,0.004243607203131106,0.5,0.0,True,,0.7053890223398047,0.04000391408795533,0.4206088373047924,-8.453302564296209,True,10,0,CONVERGENCE: RELATIVE REDUCTION OF F <= FACTR*EPSMCH,3,3,3,0,-8.453302564296209,0.0,1.0845330256429621e-08,euler,True,False,3,
c9336ddbf5462c139a054699fef361ecbf08b537a70e8513696600b9ba442127,250,0.5,0.5,1.0,1.0,0.0,0.5,1e-06,1.5,6,20260910,"[3375590875,4115016723,2584037017,4277363180,3205018935,2802746643,1768292537,3125027111,6]","[3375590875,4115016723,2584037017,4277363180,3205018935,2802746643,1768292537,3125027111,6,0]","[3375590875,4115016723,2584037017,4277363180,3205018935,2802746643,1768292537,3125027111,6,1]",PCG64,smoke,exponential,0.5,1.0,False,0.0,0,0.0,0.5735524172733183,0.5735524172733182,0.955968640008048,0.9559686400080484,142.81455190105623,1.960868189598841e-05,0.5,0.0,True,,1.018558510237896,-0.039567400050596446,0.5035389229281957,-23.02906859834789,True,10,0,CONVERGENCE: RELATIVE REDUCTION OF F <= FACTR*EPSMCH,3,3,3,0,-23.02906859834789,0.0,1.2302906859834789e-08,exact,True,False,3,
c9336ddbf5462c139a054699fef361ecbf08b537a70e8513696600b9ba442127,250,0.5,0.5,1.0,1.0,0.0,0.5,1e-06,1.5,6,20260910,"[3375590875,4115016723,2584037017,4277363180,3205018935,2802746643,1768292537,3125027111,6]","[3375590875,4115016723,2584037017,4277363180,3205018935,2802746643,1768292537,3125027111,6,0]","[3375590875,4115016723,2584037017,4277363180,3205018935,2802746643,1768292537,3125027111,6,1]",PCG64,smoke,exponential,0.5,1.0,False,0.0,0,0.0,0.5735524172733183,0.5735524172733182,0.955968640008048,0.9559686400080484,142.81455190105623,1.960868189598841e-05,0.5,0.0,True,,0.8225332971771708,-0.014038724869333509,0.455316070412275,34.05084740715027,True,13,0,CONVERGENCE: RELATIVE REDUCTION OF F <= FACTR*EPSMCH,3,3,3,1,34.05084740715027,0.0,1.3405084740715028e-08,pfml,True,False,3,
c9336ddbf5462c139a054699fef361ecbf08b537a70e8513696600b9ba442127,250,0.5,0.5,1.0,1.0,0.0,0.5,1e-06,1.5,6,20260910,"[3375590875,4115016723,2584037017,4277363180,3205018935,2802746643,1768292537,3125027111,6]","[3375590875,4115016723,2584037017,4277363180,3205018935,2802746643,1768292537,3125027111,6,0]","[3375590875,4115016723,2584037017,4277363180,3205018935,2802746643,1768292537,3125027111,6,1]",PCG64,smoke,exponential,0.5,1.0,False,0.0,0,0.0,0.5735524172733183,0.5735524172733182,0.955968640008048,0.9559686400080484,142.81455190105623,1.960868189598841e-05,0.5,0.0,True,,0.6232803437054125,-0.04164299010961683,0.4115332703469732,-12.99690236440155,True,9,0,CONVERGENCE: RELATIVE REDUCTION OF F <= FACTR*EPSMCH,3,3,3,0,-12.99690236440155,0.0,1.1299690236440156e-08,euler,True,False,3,
c9336ddbf5462c139a054699fef361ecbf08b537a70e8513696600b9ba442127,250,0.5,0.5,1.0,1.0,0.0,0.5,1e-06,1.5,7,20260910,"[3375590875,4115016723,2584037017,4277363180,3205018935,2802746643,1768292537,3125027111,7]","[3375590875,4115016723,2584037017,4277363180,3205018935,2802746643,1768292537,3125027111,7,0]","[3375590875,4115016723,2584037017,4277363180,3205018935,2802746643,1768292537,3125027111,7,1]",PCG64,smoke,exponential,0.5,1.0,False,0.0,0,0.0,0.47948084632624666,0.47948084632624627,0.9710818856587856,0.9710818856587866,119.39073073523534,0.0010297197945590142,0.5,0.0,True,,0.9311381353444299,-0.07924324577376497,0.4931970876700991,-29.327219667162282,True,11,0,CONVERGENCE: NORM OF PROJECTED GRADIENT <= PGTOL,3,3,3,0,-29.327219667162282,0.0,1.2932721966716229e-08,exact,True,False,3,
c9336ddbf5462c139a054699fef361ecbf08b537a70e8513696600b9ba442127,250,0.5,0.5,1.0,1.0,0.0,0.5,1e-06,1.5,7,20260910,"[3375590875,4115016723,2584037017,4277363180,3205018935,2802746643,1768292537,3125027111,7]","[3375590875,4115016723,2584037017,4277363180,3205018935,2802746643,1768292537,3125027111,7,0]","[3375590875,4115016723,2584037017,4277363180,3205018935,2802746643,1768292537,3125027111,7,1]",PCG64,smoke,exponential,0.5,1.0,False,0.0,0,0.0,0.47948084632624666,0.47948084632624627,0.9710818856587856,0.9710818856587866,119.39073073523534,0.0010297197945590142,0.5,0.0,True,,0.8520018305520077,-0.07459069489885879,0.46370384687003974,23.026308243189504,True,9,0,CONVERGENCE: RELATIVE REDUCTION OF F <= FACTR*EPSMCH,3,3,3,0,23.026308243189504,0.0,1.230263082431895e-08,pfml,True,False,3,
c9336ddbf5462c139a054699fef361ecbf08b537a70e8513696600b9ba442127,250,0.5,0.5,1.0,1.0,0.0,0.5,1e-06,1.5,7,20260910,"[3375590875,4115016723,2584037017,4277363180,3205018935,2802746643,1768292537,3125027111,7]","[3375590875,4115016723,2584037017,4277363180,3205018935,2802746643,1768292537,3125027111,7,0]","[3375590875,4115016723,2584037017,4277363180,3205018935,2802746643,1768292537,3125027111,7,1]",PCG64,smoke,exponential,0.5,1.0,False,0.0,0,0.0,0.47948084632624666,0.47948084632624627,0.9710818856587856,0.9710818856587866,119.39073073523534,0.0010297197945590142,0.5,0.0,True,,0.7006931588165703,-0.09334942577007237,0.4138960327172471,-24.920509556556382,True,9,0,CONVERGENCE: NORM OF PROJECTED GRADIENT <= PGTOL,3,3,3,0,-24.920509556556382,0.0,1.2492050955655638e-08,euler,True,False,3,
c9336ddbf5462c139a054699fef361ecbf08b537a70e8513696600b9ba442127,250,0.5,0.5,1.0,1.0,0.0,0.5,1e-06,1.5,8,20260910,"[3375590875,4115016723,2584037017,4277363180,3205018935,2802746643,1768292537,3125027111,8]","[3375590875,4115016723,2584037017,4277363180,3205018935,2802746643,1768292537,3125027111,8,0]","[3375590875,4115016723,2584037017,4277363180,3205018935,2802746643,1768292537,3125027111,8,1]",PCG64,smoke,exponential,0.5,1.0,False,0.0,0,0.0,0.5270191655860047,0.5270191655860046,0.9732708540554837,0.9732708540554841,131.22777223091515,0.0018083658798673241,0.5,0.0,True,,1.242703212809547,-0.009424432550893038,0.507355370459736,-39.062000243576065,True,10,0,CONVERGENCE: NORM OF PROJECTED GRADIENT <= PGTOL,3,3,3,0,-39.062000243576065,0.0,1.3906200024357607e-08,exact,True,False,3,
c9336ddbf5462c139a054699fef361ecbf08b537a70e8513696600b9ba442127,250,0.5,0.5,1.0,1.0,0.0,0.5,1e-06,1.5,8,20260910,"[3375590875,4115016723,2584037017,4277363180,3205018935,2802746643,1768292537,3125027111,8]","[3375590875,4115016723,2584037017,4277363180,3205018935,2802746643,1768292537,3125027111,8,0]","[3375590875,4115016723,2584037017,4277363180,3205018935,2802746643,1768292537,3125027111,8,1]",PCG64,smoke,exponential,0.5,1.0,False,0.0,0,0.0,0.5270191655860047,0.5270191655860046,0.9732708540554837,0.9732708540554841,131.22777223091515,0.0018083658798673241,0.5,0.0,True,,1.0233710249676555,0.019148202649872617,0.4633794556850965,20.86913187444639,True,8,0,CONVERGENCE: RELATIVE REDUCTION OF F <= FACTR*EPSMCH,3,3,3,0,20.86913187444639,0.0,1.2086913187444639e-08,pfml,True,False,3,
c9336ddbf5462c139a054699fef361ecbf08b537a70e8513696600b9ba442127,250,0.5,0.5,1.0,1.0,0.0,0.5,1e-06,1.5,8,20260910,"[3375590875,4115016723,2584037017,4277363180,3205018935,2802746643,1768292537,3125027111,8]","[3375590875,4115016723,2584037017,4277363180,3205018935,2802746643,1768292537,3125027111,8,0]","[3375590875,4115016723,2584037017,4277363180,3205018935,2802746643,1768292537,3125027111,8,1]",PCG64,smoke,exponential,0.5,1.0,False,0.0,0,0.0,0.5270191655860047,0.5270191655860046,0.9732708540554837,0.9732708540554841,131.22777223091515,0.0018083658798673241,0.5,0.0,True,,0.8365204318043078,-0.0021287167906204733,0.40298770306333515,-30.67714974359776,True,9,0,CONVERGENCE: RELATIVE REDUCTION OF F <= FACTR*EPSMCH,3,3,3,0,-30.67714974359776,0.0,1.3067714974359777e-08,euler,True,False,3,
c9336ddbf5462c139a054699fef361ecbf08b537a70e8513696600b9ba442127,250,0.5,0.5,1.0,1.0,0.0,0.5,1e-06,1.5,9,20260910,"[3375590875,4115016723,2584037017,4277363180,3205018935,2802746643,1768292537,3125027111,9]","[3375590875,4115016723,2584037017,4277363180,3205018935,2802746643,1768292537,3125027111,9,0]","[3375590875,4115016723,2584037017,4277363180,3205018935,2802746643,1768292537,3125027111,9,1]",PCG64,smoke,exponential,0.5,1.0,False,0.0,0,0.0,0.4944752282437678,0.4944752282437679,0.9835024400524364,0.9835024400524361,123.12433183269819,0.0020970033051135317,0.5,0.0,True,,1.2452575848650784,-0.019320835406740233,0.5134396463787108,-29.96060573738623,True,10,0,CONVERGENCE: RELATIVE REDUCTION OF F <= FACTR*EPSMCH,3,3,3,0,-29.96060573738623,0.0,1.2996060573738622e-08,exact,True,False,3,
c9336ddbf5462c139a054699fef361ecbf08b537a70e8513696600b9ba442127,250,0.5,0.5,1.0,1.0,0.0,0.5,1e-06,1.5,9,20260910,"[3375590875,4115016723,2584037017,4277363180,3205018935,2802746643,1768292537,3125027111,9]","[3375590875,4115016723,2584037017,4277363180,3205018935,2802746643,1768292537,3125027111,9,0]","[3375590875,4115016723,2584037017,4277363180,3205018935,2802746643,1768292537,3125027111,9,1]",PCG64,smoke,exponential,0.5,1.0,False,0.0,0,0.0,0.4944752282437678,0.4944752282437679,0.9835024400524364,0.9835024400524361,123.12433183269819,0.0020970033051135317,0.5,0.0,True,,1.0382642545788217,-0.027945319082388464,0.4544358382072365,10.753739466288893,True,9,0,CONVERGENCE: RELATIVE REDUCTION OF F <= FACTR*EPSMCH,3,3,3,0,10.753739466288893,0.0,1.1075373946628889e-08,pfml,True,False,3,
c9336ddbf5462c139a054699fef361ecbf08b537a70e8513696600b9ba442127,250,0.5,0.5,1.0,1.0,0.0,0.5,1e-06,1.5,9,20260910,"[3375590875,4115016723,2584037017,4277363180,3205018935,2802746643,1768292537,3125027111,9]","[3375590875,4115016723,2584037017,4277363180,3205018935,2802746643,1768292537,3125027111,9,0]","[3375590875,4115016723,2584037017,4277363180,3205018935,2802746643,1768292537,3125027111,9,1]",PCG64,smoke,exponential,0.5,1.0,False,0.0,0,0.0,0.4944752282437678,0.4944752282437679,0.9835024400524364,0.9835024400524361,123.12433183269819,0.0020970033051135317,0.5,0.0,True,,0.7246561684025478,-0.01751590254959024,0.4196241869455308,-17.550354260809975,True,12,0,CONVERGENCE: RELATIVE REDUCTION OF F <= FACTR*EPSMCH,3,3,3,1,-17.550354260809975,0.0,1.1755035426080998e-08,euler,True,False,3,
c9336ddbf5462c139a054699fef361ecbf08b537a70e8513696600b9ba442127,250,0.5,0.5,1.0,1.0,0.0,0.5,1e-06,1.5,10,20260910,"[3375590875,4115016723,2584037017,4277363180,3205018935,2802746643,1768292537,3125027111,10]","[3375590875,4115016723,2584037017,4277363180,3205018935,2802746643,1768292537,3125027111,10,0]","[3375590875,4115016723,2584037017,4277363180,3205018935,2802746643,1768292537,3125027111,10,1]",PCG64,smoke,exponential,0.5,1.0,False,0.0,0,0.0,0.49098306986841517,0.49098306986841495,0.9967171100427457,0.9967171100427454,122.25478439723534,0.002486761741508303,0.5,0.0,True,,0.8392484950959188,0.029214076909859873,0.5018222893340037,-16.215853259187718,True,14,0,CONVERGENCE: RELATIVE REDUCTION OF F <= FACTR*EPSMCH,3,3,3,1,-16.215853259187718,0.0,1.1621585325918771e-08,exact,True,False,3,
c9336ddbf5462c139a054699fef361ecbf08b537a70e8513696600b9ba442127,250,0.5,0.5,1.0,1.0,0.0,0.5,1e-06,1.5,10,20260910,"[3375590875,4115016723,2584037017,4277363180,3205018935,2802746643,1768292537,3125027111,10]","[3375590875,4115016723,2584037017,4277363180,3205018935,2802746643,1768292537,3125027111,10,0]","[3375590875,4115016723,2584037017,4277363180,3205018935,2802746643,1768292537,3125027111,10,1]",PCG64,smoke,exponential,0.5,1.0,False,0.0,0,0.0,0.49098306986841517,0.49098306986841495,0.9967171100427457,0.9967171100427454,122.25478439723534,0.002486761741508303,0.5,0.0,True,,0.5577326996346004,0.027844786843092835,0.4354601535016411,25.205880489639476,True,10,0,CONVERGENCE: RELATIVE REDUCTION OF F <= FACTR*EPSMCH,3,3,3,0,25.205880489639476,0.0,1.2520588048963948e-08,pfml,True,False,3,
c9336ddbf5462c139a054699fef361ecbf08b537a70e8513696600b9ba442127,250,0.5,0.5,1.0,1.0,0.0,0.5,1e-06,1.5,10,20260910,"[3375590875,4115016723,2584037017,4277363180,3205018935,2802746643,1768292537,3125027111,10]","[3375590875,4115016723,2584037017,4277363180,3205018935,2802746643,1768292537,3125027111,10,0]","[3375590875,4115016723,2584037017,4277363180,3205018935,2802746643,1768292537,3125027111,10,1]",PCG64,smoke,exponential,0.5,1.0,False,0.0,0,0.0,0.49098306986841517,0.49098306986841495,0.9967171100427457,0.9967171100427454,122.25478439723534,0.002486761741508303,0.5,0.0,True,,0.5543496388461359,0.018473073800963764,0.4339977976592824,-7.702808326110451,True,8,0,CONVERGENCE: RELATIVE REDUCTION OF F <= FACTR*EPSMCH,3,3,3,0,-7.702808326110451,0.0,1.0770280832611045e-08,euler,True,False,3,
c9336ddbf5462c139a054699fef361ecbf08b537a70e8513696600b9ba442127,250,0.5,0.5,1.0,1.0,0.0,0.5,1e-06,1.5,11,20260910,"[3375590875,4115016723,2584037017,4277363180,3205018935,2802746643,1768292537,3125027111,11]","[3375590875,4115016723,2584037017,4277363180,3205018935,2802746643,1768292537,3125027111,11,0]","[3375590875,4115016723,2584037017,4277363180,3205018935,2802746643,1768292537,3125027111,11,1]",PCG64,smoke,exponential,0.5,1.0,False,0.0,0,0.0,0.4172163037660871,0.417216303766087,1.0357403502812583,1.0357403502812585,103.88685963775565,3.218299945828562e-05,0.5,0.0,True,,1.0701242000922984,0.018741630877120732,0.46640046213628567,-66.78595248417224,True,13,0,CONVERGENCE: RELATIVE REDUCTION OF F <= FACTR*EPSMCH,3,3,3,1,-66.78595248417224,0.0,1.6678595248417224e-08,exact,True,False,3,
c9336ddbf5462c139a054699fef361ecbf08b537a70e8513696600b9ba442127,250,0.5,0.5,1.0,1.0,0.0,0.5,1e-06,1.5,11,20260910,"[3375590875,4115016723,2584037017,4277363180,3205018935,2802746643,1768292537,3125027111,11]","[3375590875,4115016723,2584037017,4277363180,3205018935,2802746643,1768292537,3125027111,11,0]","[3375590875,4115016723,2584037017,4277363180,3205018935,2802746643,1768292537,3125027111,11,1]",PCG64,smoke,exponential,0.5,1.0,False,0.0,0,0.0,0.4172163037660871,0.417216303766087,1.0357403502812583,1.0357403502812585,103.88685963775565,3.218299945828562e-05,0.5,0.0,True,,0.7145487309057249,0.0040513248323015855,0.3905462490157549,-24.905409064166296,True,12,0,CONVERGENCE: RELATIVE REDUCTION OF F <= FACTR*EPSMCH,3,3,3,2,-24.905409064166296,0.0,1.249054090641663e-08,pfml,True,False,3,
c9336ddbf5462c139a054699fef361ecbf08b537a70e8513696600b9ba442127,250,0.5,0.5,1.0,1.0,0.0,0.5,1e-06,1.5,11,20260910,"[3375590875,4115016723,2584037017,4277363180,3205018935,2802746643,1768292537,3125027111,11]","[3375590875,4115016723,2584037017,4277363180,3205018935,2802746643,1768292537,3125027111,11,0]","[3375590875,4115016723,2584037017,4277363180,3205018935,2802746643,1768292537,3125027111,11,1]",PCG64,smoke,exponential,0.5,1.0,False,0.0,0,0.0,0.4172163037660871,0.417216303766087,1.0357403502812583,1.0357403502812585,103.88685963775565,3.218299945828562e-05,0.5,0.0,True,,0.7132280906920867,0.03384780511352154,0.4007262393908137,-56.968244980218884,True,13,0,CONVERGENCE: RELATIVE REDUCTION OF F <= FACTR*EPSMCH,3,3,3,1,-56.968244980218884,0.0,1.569682449802189e-08,euler,True,False,3,
c9336ddbf5462c139a054699fef361ecbf08b537a70e8513696600b9ba442127,250,0.5,0.5,1.0,1.0,0.0,0.5,1e-06,1.5,12,20260910,"[3375590875,4115016723,2584037017,4277363180,3205018935,2802746643,1768292537,3125027111,12]","[3375590875,4115016723,2584037017,4277363180,3205018935,2802746643,1768292537,3125027111,12,0]","[3375590875,4115016723,2584037017,4277363180,3205018935,2802746643,1768292537,3125027111,12,1]",PCG64,smoke,exponential,0.5,1.0,False,0.0,0,0.0,0.5128167501999684,0.5128167501999684,1.0344515858867944,1.0344515858867944,127.69137079979214,0.0019844481992095098,0.5,0.0,True,,0.8326396292499004,-0.042679462999278786,0.48499045055414114,-28.566952041393883,True,11,0,CONVERGENCE: RELATIVE REDUCTION OF F <= FACTR*EPSMCH,3,3,3,2,-28.566952041393883,0.0,1.2856695204139388e-08,exact,True,False,3,
c9336ddbf5462c139a054699fef361ecbf08b537a70e8513696600b9ba442127,250,0.5,0.5,1.0,1.0,0.0,0.5,1e-06,1.5,12,20260910,"[3375590875,4115016723,2584037017,4277363180,3205018935,2802746643,1768292537,3125027111,12]","[3375590875,4115016723,2584037017,4277363180,3205018935,2802746643,1768292537,3125027111,12,0]","[3375590875,4115016723,2584037017,4277363180,3205018935,2802746643,1768292537,3125027111,12,1]",PCG64,smoke,exponential,0.5,1.0,False,0.0,0,0.0,0.5128167501999684,0.5128167501999684,1.0344515858867944,1.0344515858867944,127.69137079979214,0.0019844481992095098,0.5,0.0,True,,0.7294044212262842,-0.036440034920967666,0.44519276365015065,24.98776460717891,True,8,0,CONVERGENCE: RELATIVE REDUCTION OF F <= FACTR*EPSMCH,3,3,3,0,24.98776460717891,0.0,1.249877646071789e-08,pfml,True,False,3,
c9336ddbf5462c139a054699fef361ecbf08b537a70e8513696600b9ba442127,250,0.5,0.5,1.0,1.0,0.0,0.5,1e-06,1.5,12,20260910,"[3375590875,4115016723,2584037017,4277363180,3205018935,2802746643,1768292537,3125027111,12]","[3375590875,4115016723,2584037017,4277363180,3205018935,2802746643,1768292537,3125027111,12,0]","[3375590875,4115016723,2584037017,4277363180,3205018935,2802746643,1768292537,3125027111,12,1]",PCG64,smoke,exponential,0.5,1.0,False,0.0,0,0.0,0.5128167501999684,0.5128167501999684,1.0344515858867944,1.0344515858867944,127.69137079979214,0.0019844481992095098,0.5,0.0,True,,0.5531277891440844,-0.04054114918472142,0.415307770973175,-21.380482739908324,True,9,0,CONVERGENCE: RELATIVE REDUCTION OF F <= FACTR*EPSMCH,3,3,3,0,-21.380482739908324,0.0,1.2138048273990832e-08,euler,True,False,3,
c9336ddbf5462c139a054699fef361ecbf08b537a70e8513696600b9ba442127,250,0.5,0.5,1.0,1.0,0.0,0.5,1e-06,1.5,13,20260910,"[3375590875,4115016723,2584037017,4277363180,3205018935,2802746643,1768292537,3125027111,13]","[3375590875,4115016723,2584037017,4277363180,3205018935,2802746643,1768292537,3125027111,13,0]","[3375590875,4115016723,2584037017,4277363180,3205018935,2802746643,1768292537,3125027111,13,1]",PCG64,smoke,exponential,0.5,1.0,False,0.0,0,0.0,0.48755911633691024,0.4875591163369103,1.0295246387754275,1.0295246387754278,121.40221996789064,0.0015862271954176776,0.5,0.0,True,,1.3380953579266226,-0.04320822232667056,0.5090938532691844,-42.312542458136605,True,10,0,CONVERGENCE: RELATIVE REDUCTION OF F <= FACTR*EPSMCH,3,3,3,0,-42.312542458136605,0.0,1.4231254245813661e-08,exact,True,False,3,
c9336ddbf5462c139a054699fef361ecbf08b537a70e8513696600b9ba442127,250,0.5,0.5,1.0,1.0,0.0,0.5,1e-06,1.5,13,20260910,"[3375590875,4115016723,2584037017,4277363180,3205018935,2802746643,1768292537,3125027111,13]","[3375590875,4115016723,2584037017,4277363180,3205018935,2802746643,1768292537,3125027111,13,0]","[3375590875,4115016723,2584037017,4277363180,3205018935,2802746643,1768292537,3125027111,13,1]",PCG64,smoke,exponential,0.5,1.0,False,0.0,0,0.0,0.48755911633691024,0.4875591163369103,1.0295246387754275,1.0295246387754278,121.40221996789064,0.0015862271954176776,0.5,0.0,True,,0.9435602108254209,-0.06751620054313222,0.43609644541789966,4.324595348053145,True,9,0,CONVERGENCE: RELATIVE REDUCTION OF F <= FACTR*EPSMCH,3,3,3,0,4.324595348053145,0.0,1.0432459534805315e-08,pfml,True,False,3,
c9336ddbf5462c139a054699fef361ecbf08b537a70e8513696600b9ba442127,250,0.5,0.5,1.0,1.0,0.0,0.5,1e-06,1.5,13,20260910,"[3375590875,4115016723,2584037017,4277363180,3205018935,2802746643,1768292537,3125027111,13]","[3375590875,4115016723,2584037017,4277363180,3205018935,2802746643,1768292537,3125027111,13,0]","[3375590875,4115016723,2584037017,4277363180,3205018935,2802746643,1768292537,3125027111,13,1]",PCG64,smoke,exponential,0.5,1.0,False,0.0,0,0.0,0.48755911633691024,0.4875591163369103,1.0295246387754275,1.0295246387754278,121.40221996789064,0.0015862271954176776,0.5,0.0,True,,0.8027463129579112,-0.05058640050272632,0.41245869044238853,-29.318766470061547,True,12,0,CONVERGENCE: RELATIVE REDUCTION OF F <= FACTR*EPSMCH,3,3,3,1,-29.318766470061547,0.0,1.2931876647006155e-08,euler,True,False,3,
c9336ddbf5462c139a054699fef361ecbf08b537a70e8513696600b9ba442127,250,0.5,0.5,1.0,1.0,0.0,0.5,1e-06,1.5,14,20260910,"[3375590875,4115016723,2584037017,4277363180,3205018935,2802746643,1768292537,3125027111,14]","[3375590875,4115016723,2584037017,4277363180,3205018935,2802746643,1768292537,3125027111,14,0]","[3375590875,4115016723,2584037017,4277363180,3205018935,2802746643,1768292537,3125027111,14,1]",PCG64,smoke,exponential,0.5,1.0,False,0.0,0,0.0,0.4952689791053425,0.4952689791053427,1.0212945000696252,1.021294500069624,123.32197579723034,0.0020333803061873823,0.5,0.0,True,,1.1684749032375243,0.01979118767438659,0.5133294031765621,-39.59164105613781,True,10,0,CONVERGENCE: RELATIVE REDUCTION OF F <= FACTR*EPSMCH,3,3,3,1,-39.59164105613781,0.0,1.3959164105613781e-08,exact,True,False,3,
c9336ddbf5462c139a054699fef361ecbf08b537a70e8513696600b9ba442127,250,0.5,0.5,1.0,1.0,0.0,0.5,1e-06,1.5,14,20260910,"[3375590875,4115016723,2584037017,4277363180,3205018935,2802746643,1768292537,3125027111,14]","[3375590875,4115016723,2584037017,4277363180,3205018935,2802746643,1768292537,3125027111,14,0]","[3375590875,4115016723,2584037017,4277363180,3205018935,2802746643,1768292537,3125027111,14,1]",PCG64,smoke,exponential,0.5,1.0,False,0.0,0,0.0,0.4952689791053425,0.4952689791053427,1.0212945000696252,1.021294500069624,123.32197579723034,0.0020333803061873823,0.5,0.0,True,,0.8752738832893516,0.00852920575293474,0.44276803293289113,12.877555228931076,True,8,0,CONVERGENCE: RELATIVE REDUCTION OF F <= FACTR*EPSMCH,3,3,3,0,12.877555228931076,0.0,1.1287755522893108e-08,pfml,True,False,3,
c9336ddbf5462c139a054699fef361ecbf08b537a70e8513696600b9ba442127,250,0.5,0.5,1.0,1.0,0.0,0.5,1e-06,1.5,14,20260910,"[3375590875,4115016723,2584037017,4277363180,3205018935,2802746643,1768292537,3125027111,14]","[3375590875,4115016723,2584037017,4277363180,3205018935,2802746643,1768292537,3125027111,14,0]","[3375590875,4115016723,2584037017,4277363180,3205018935,2802746643,1768292537,3125027111,14,1]",PCG64,smoke,exponential,0.5,1.0,False,0.0,0,0.0,0.4952689791053425,0.4952689791053427,1.0212945000696252,1.021294500069624,123.32197579723034,0.0020333803061873823,0.5,0.0,True,,0.7256843518075943,0.01346347967791961,0.4245164329192121,-27.76154764657702,True,12,0,CONVERGENCE: RELATIVE REDUCTION OF F <= FACTR*EPSMCH,3,3,3,1,-27.76154764657702,0.0,1.2776154764657702e-08,euler,True,False,3,
c9336ddbf5462c139a054699fef361ecbf08b537a70e8513696600b9ba442127,250,0.5,0.5,1.0,1.0,0.0,0.5,1e-06,1.5,15,20260910,"[3375590875,4115016723,2584037017,4277363180,3205018935,2802746643,1768292537,3125027111,15]","[3375590875,4115016723,2584037017,4277363180,3205018935,2802746643,1768292537,3125027111,15,0]","[3375590875,4115016723,2584037017,4277363180,3205018935,2802746643,1768292537,3125027111,15,1]",PCG64,smoke,exponential,0.5,1.0,False,0.0,0,0.0,0.49528250780353433,0.4952825078035343,1.0055930672701134,1.005593067270113,123.32534444308004,2.578082224147238e-05,0.5,0.0,True,,0.7810754657521658,0.023421768759797634,0.48416775497497816,-33.25788609234985,True,12,0,CONVERGENCE: RELATIVE REDUCTION OF F <= FACTR*EPSMCH,3,3,3,1,-33.25788609234985,0.0,1.3325788609234985e-08,exact,True,False,3,
c9336ddbf5462c139a054699fef361ecbf08b537a70e8513696600b9ba442127,250,0.5,0.5,1.0,1.0,0.0,0.5,1e-06,1.5,15,20260910,"[3375590875,4115016723,2584037017,4277363180,3205018935,2802746643,1768292537,3125027111,15]","[3375590875,4115016723,2584037017,4277363180,3205018935,2802746643,1768292537,3125027111,15,0]","[3375590875,4115016723,2584037017,4277363180,3205018935,2802746643,1768292537,3125027111,15,1]",PCG64,smoke,exponential,0.5,1.0,False,0.0,0,0.0,0.49528250780353433,0.4952825078035343,1.0055930672701134,1.005593067270113,123.32534444308004,2.578082224147238e-05,0.5,0.0,True,,0.7957970153306585,0.0589649478072716,0.4689190808790672,31.40070783110423,True,13,0,CONVERGENCE: RELATIVE REDUCTION OF F <= FACTR*EPSMCH,3,3,3,1,31.40070783110423,0.0,1.3140070783110424e-08,pfml,True,False,3,
c9336ddbf5462c139a054699fef361ecbf08b537a70e8513696600b9ba442127,250,0.5,0.5,1.0,1.0,0.0,0.5,1e-06,1.5,15,20260910,"[3375590875,4115016723,2584037017,4277363180,3205018935,2802746643,1768292537,3125027111,15]","[3375590875,4115016723,2584037017,4277363180,3205018935,2802746643,1768292537,3125027111,15,0]","[3375590875,4115016723,2584037017,4277363180,3205018935,2802746643,1768292537,3125027111,15,1]",PCG64,smoke,exponential,0.5,1.0,False,0.0,0,0.0,0.49528250780353433,0.4952825078035343,1.0055930672701134,1.005593067270113,123.32534444308004,2.578082224147238e-05,0.5,0.0,True,,0.5597039580755553,0.03126011371542171,0.4158436194626689,-28.924644993334685,True,11,0,CONVERGENCE: RELATIVE REDUCTION OF F <= FACTR*EPSMCH,3,3,3,2,-28.924644993334685,0.0,1.289246449933347e-08,euler,True,False,3,
c9336ddbf5462c139a054699fef361ecbf08b537a70e8513696600b9ba442127,250,0.5,0.5,1.0,1.0,0.0,0.5,1e-06,1.5,16,20260910,"[3375590875,4115016723,2584037017,4277363180,3205018935,2802746643,1768292537,3125027111,16]","[3375590875,4115016723,2584037017,4277363180,3205018935,2802746643,1768292537,3125027111,16,0]","[3375590875,4115016723,2584037017,4277363180,3205018935,2802746643,1768292537,3125027111,16,1]",PCG64,smoke,exponential,0.5,1.0,False,0.0,0,0.0,0.48756873910950915,0.48756873910950926,0.97288603559463,0.9728860355946298,121.40461603826778,0.00048126648255930604,0.5,0.0,True,,1.0366495140927456,-0.057299376281479124,0.509491130166624,-26.190602228191892,True,11,0,CONVERGENCE: RELATIVE REDUCTION OF F <= FACTR*EPSMCH,3,3,3,2,-26.190602228191892,0.0,1.261906022281919e-08,exact,True,False,3,
c9336ddbf5462c139a054699fef361ecbf08b537a70e8513696600b9ba442127,250,0.5,0.5,1.0,1.0,0.0,0.5,1e-06,1.5,16,20260910,"[3375590875,4115016723,2584037017,4277363180,3205018935,2802746643,1768292537,3125027111,16]","[3375590875,4115016723,2584037017,4277363180,3205018935,2802746643,1768292537,3125027111,16,0]","[3375590875,4115016723,2584037017,4277363180,3205018935,2802746643,1768292537,3125027111,16,1]",PCG64,smoke,exponential,0.5,1.0,False,0.0,0,0.0,0.48756873910950915,0.48756873910950926,0.97288603559463,0.9728860355946298,121.40461603826778,0.00048126648255930604,0.5,0.0,True,,0.8898951801108556,-0.054952185740767844,0.47330018560820036,27.48942612885969,True,7,0,CONVERGENCE: RELATIVE REDUCTION OF F <= FACTR*EPSMCH,3,3,3,0,27.48942612885969,0.0,1.2748942612885969e-08,pfml,True,False,3,
c9336ddbf5462c139a054699fef361ecbf08b537a70e8513696600b9ba442127,250,0.5,0.5,1.0,1.0,0.0,0.5,1e-06,1.5,16,20260910,"[3375590875,4115016723,2584037017,4277363180,3205018935,2802746643,1768292537,3125027111,16]","[3375590875,4115016723,2584037017,4277363180,3205018935,2802746643,1768292537,3125027111,16,0]","[3375590875,4115016723,2584037017,4277363180,3205018935,2802746643,1768292537,3125027111,16,1]",PCG64,smoke,exponential,0.5,1.0,False,0.0,0,0.0,0.48756873910950915,0.48756873910950926,0.97288603559463,0.9728860355946298,121.40461603826778,0.00048126648255930604,0.5,0.0,True,,0.7198076323959433,-0.03981347250302023,0.4219498969123915,-19.775926395959686,True,9,0,CONVERGENCE: RELATIVE REDUCTION OF F <= FACTR*EPSMCH,3,3,3,0,-19.775926395959686,0.0,1.1977592639595969e-08,euler,True,False,3,
c9336ddbf5462c139a054699fef361ecbf08b537a70e8513696600b9ba442127,250,0.5,0.5,1.0,1.0,0.0,0.5,1e-06,1.5,17,20260910,"[3375590875,4115016723,2584037017,4277363180,3205018935,2802746643,1768292537,3125027111,17]","[3375590875,4115016723,2584037017,4277363180,3205018935,2802746643,1768292537,3125027111,17,0]","[3375590875,4115016723,2584037017,4277363180,3205018935,2802746643,1768292537,3125027111,17,1]",PCG64,smoke,exponential,0.5,1.0,False,0.0,0,0.0,0.5647736085226539,0.5647736085226539,0.9771780763692608,0.9771780763692606,140.62862852214081,0.006204298372495032,0.5,0.0,True,,1.1743687520512947,-0.05475524235918748,0.5111684739054787,-20.18059764380665,True,11,0,CONVERGENCE: NORM OF PROJECTED GRADIENT <= PGTOL,3,3,3,0,-20.18059764380665,0.0,1.2018059764380664e-08,exact,True,False,3,
c9336ddbf5462c139a054699fef361ecbf08b537a70e8513696600b9ba442127,250,0.5,0.5,1.0,1.0,0.0,0.5,1e-06,1.5,17,20260910,"[3375590875,4115016723,2584037017,4277363180,3205018935,2802746643,1768292537,3125027111,17]","[3375590875,4115016723,2584037017,4277363180,3205018935,2802746643,1768292537,3125027111,17,0]","[3375590875,4115016723,2584037017,4277363180,3205018935,2802746643,1768292537,3125027111,17,1]",PCG64,smoke,exponential,0.5,1.0,False,0.0,0,0.0,0.5647736085226539,0.5647736085226539,0.9771780763692608,0.9771780763692606,140.62862852214081,0.006204298372495032,0.5,0.0,True,,0.9508602876151251,-0.044762132751696895,0.4250771931340666,8.237968870410217,True,12,0,CONVERGENCE: RELATIVE REDUCTION OF F <= FACTR*EPSMCH,3,3,3,1,8.237968870410217,0.0,1.0823796887041023e-08,pfml,True,False,3,
c9336ddbf5462c139a054699fef361ecbf08b537a70e8513696600b9ba442127,250,0.5,0.5,1.0,1.0,0.0,0.5,1e-06,1.5,17,20260910,"[3375590875,4115016723,2584037017,4277363180,3205018935,2802746643,1768292537,3125027111,17]","[3375590875,4115016723,2584037017,4277363180,3205018935,2802746643,1768292537,3125027111,17,0]","[3375590875,4115016723,2584037017,4277363180,3205018935,2802746643,1768292537,3125027111,17,1]",PCG64,smoke,exponential,0.5,1.0,False,0.0,0,0.0,0.5647736085226539,0.5647736085226539,0.9771780763692608,0.9771780763692606,140.62862852214081,0.006204298372495032,0.5,0.0,True,,0.675104207757851,-0.04640719633047616,0.4162573798641088,-4.8645834844063085,True,12,0,CONVERGENCE: RELATIVE REDUCTION OF F <= FACTR*EPSMCH,3,3,2,1,-4.864583484406323,1.4210854715202004e-14,1.0486458348440632e-08,euler,True,False,3,
c9336ddbf5462c139a054699fef361ecbf08b537a70e8513696600b9ba442127,250,0.5,0.5,1.0,1.0,0.0,0.5,1e-06,1.5,18,20260910,"[3375590875,4115016723,2584037017,4277363180,3205018935,2802746643,1768292537,3125027111,18]","[3375590875,4115016723,2584037017,4277363180,3205018935,2802746643,1768292537,3125027111,18,0]","[3375590875,4115016723,2584037017,4277363180,3205018935,2802746643,1768292537,3125027111,18,1]",PCG64,smoke,exponential,0.5,1.0,False,0.0,0,0.0,0.5396425034611123,0.5396425034611124,1.0665701643161032,1.0665701643161027,134.37098336181697,4.0640708078854004e-05,0.5,0.0,True,,1.026261551550359,-0.08184264239894366,0.5080878673679606,-32.058027785053014,True,10,0,CONVERGENCE: RELATIVE REDUCTION OF F <= FACTR*EPSMCH,3,3,3,2,-32.058027785053014,0.0,1.32058027785053e-08,exact,True,False,3,
c9336ddbf5462c139a054699fef361ecbf08b537a70e8513696600b9ba442127,250,0.5,0.5,1.0,1.0,0.0,0.5,1e-06,1.5,18,20260910,"[3375590875,4115016723,2584037017,4277363180,3205018935,2802746643,1768292537,3125027111,18]","[3375590875,4115016723,2584037017,4277363180,3205018935,2802746643,1768292537,3125027111,18,0]","[3375590875,4115016723,2584037017,4277363180,3205018935,2802746643,1768292537,3125027111,18,1]",PCG64,smoke,exponential,0.5,1.0,False,0.0,0,0.0,0.5396425034611123,0.5396425034611124,1.0665701643161032,1.0665701643161027,134.37098336181697,4.0640708078854004e-05,0.5,0.0,True,,0.7063446667017736,-0.08362047504867859,0.4200338151868495,16.074729164569902,True,13,0,CONVERGENCE: RELATIVE REDUCTION OF F <= FACTR*EPSMCH,3,3,3,1,16.074729164569902,0.0,1.1607472916456991e-08,pfml,True,False,3,
c9336ddbf5462c139a054699fef361ecbf08b537a70e8513696600b9ba442127,250,0.5,0.5,1.0,1.0,0.0,0.5,1e-06,1.5,18,20260910,"[3375590875,4115016723,2584037017,4277363180,3205018935,2802746643,1768292537,3125027111,18]","[3375590875,4115016723,2584037017,4277363180,3205018935,2802746643,1768292537,3125027111,18,0]","[3375590875,4115016723,2584037017,4277363180,3205018935,2802746643,1768292537,3125027111,18,1]",PCG64,smoke,exponential,0.5,1.0,False,0.0,0,0.0,0.5396425034611123,0.5396425034611124,1.0665701643161032,1.0665701643161027,134.37098336181697,4.0640708078854004e-05,0.5,0.0,True,,0.5733271900142108,-0.07595873895688501,0.42853341606635875,-17.77565900347518,True,12,0,CONVERGENCE: NORM OF PROJECTED GRADIENT <= PGTOL,3,3,3,1,-17.77565900347518,0.0,1.1777565900347519e-08,euler,True,False,3,
c9336ddbf5462c139a054699fef361ecbf08b537a70e8513696600b9ba442127,250,0.5,0.5,1.0,1.0,0.0,0.5,1e-06,1.5,19,20260910,"[3375590875,4115016723,2584037017,4277363180,3205018935,2802746643,1768292537,3125027111,19]","[3375590875,4115016723,2584037017,4277363180,3205018935,2802746643,1768292537,3125027111,19,0]","[3375590875,4115016723,2584037017,4277363180,3205018935,2802746643,1768292537,3125027111,19,1]",PCG64,smoke,exponential,0.5,1.0,False,0.0,0,0.0,0.487049177483058,0.4870491774830578,0.9863413620417831,0.9863413620417844,121.27524519328138,0.0003289541968172216,0.5,0.0,True,,1.0033977719601126,0.05688336250179559,0.4956096140793621,-40.62457736956917,True,10,0,CONVERGENCE: RELATIVE REDUCTION OF F <= FACTR*EPSMCH,3,3,3,2,-40.62457736956917,0.0,1.4062457736956917e-08,exact,True,False,3,
c9336ddbf5462c139a054699fef361ecbf08b537a70e8513696600b9ba442127,250,0.5,0.5,1.0,1.0,0.0,0.5,1e-06,1.5,19,20260910,"[3375590875,4115016723,2584037017,4277363180,3205018935,2802746643,1768292537,3125027111,19]","[3375590875,4115016723,2584037017,4277363180,3205018935,2802746643,1768292537,3125027111,19,0]","[3375590875,4115016723,2584037017,4277363180,3205018935,2802746643,1768292537,3125027111,19,1]",PCG64,smoke,exponential,0.5,1.0,False,0.0,0,0.0,0.487049177483058,0.4870491774830578,0.9863413620417831,0.9863413620417844,121.27524519328138,0.0003289541968172216,0.5,0.0,True,,0.6627181108398597,0.00571461327985015,0.4228602419810687,11.402663756205461,True,13,0,CONVERGENCE: RELATIVE REDUCTION OF F <= FACTR*EPSMCH,3,3,3,1,11.402663756205461,0.0,1.1140266375620547e-08,pfml,True,False,3,
c9336ddbf5462c139a054699fef361ecbf08b537a70e8513696600b9ba442127,250,0.5,0.5,1.0,1.0,0.0,0.5,1e-06,1.5,19,20260910,"[3375590875,4115016723,2584037017,4277363180,3205018935,2802746643,1768292537,3125027111,19]","[3375590875,4115016723,2584037017,4277363180,3205018935,2802746643,1768292537,3125027111,19,0]","[3375590875,4115016723,2584037017,4277363180,3205018935,2802746643,1768292537,3125027111,19,1]",PCG64,smoke,exponential,0.5,1.0,False,0.0,0,0.0,0.487049177483058,0.4870491774830578,0.9863413620417831,0.9863413620417844,121.27524519328138,0.0003289541968172216,0.5,0.0,True,,0.632153828264429,0.067155085838263,0.419729475667282,-30.31143952658496,True,12,0,CONVERGENCE: RELATIVE REDUCTION OF F <= FACTR*EPSMCH,3,3,3,2,-30.31143952658496,0.0,1.3031143952658497e-08,euler,True,False,3,
f8d4e4a0284815907238717ce73c66fe15dbe632869f978cfd54f905b681ba41,250,0.5,0.5,2.0,1.0,0.0,0.5,1e-06,1.5,0,20260910,"[4174701728,675812752,1916301692,3879495422,366732850,2258605964,4250204421,3061955137,0]","[4174701728,675812752,1916301692,3879495422,366732850,2258605964,4250204421,3061955137,0,0]","[4174701728,675812752,1916301692,3879495422,366732850,2258605964,4250204421,3061955137,0,1]",PCG64,smoke,gamma,0.5,2.0,True,5e-07,4,0.01606425702811245,0.4962035928012428,0.49620360062516733,2.1495267159534768,2.1495266747253012,123.55469655566668,4.999999987376214e-07,0.5000000098678808,0.024669701620415353,True,,1.260668750073763,-0.017686819150261945,0.49389569308982,-297.5683245463001,True,13,0,CONVERGENCE: RELATIVE REDUCTION OF F <= FACTR*EPSMCH,3,3,3,1,-297.5683245463001,0.0,3.9756832454630015e-08,exact,True,False,3,
f8d4e4a0284815907238717ce73c66fe15dbe632869f978cfd54f905b681ba41,250,0.5,0.5,2.0,1.0,0.0,0.5,1e-06,1.5,0,20260910,"[4174701728,675812752,1916301692,3879495422,366732850,2258605964,4250204421,3061955137,0]","[4174701728,675812752,1916301692,3879495422,366732850,2258605964,4250204421,3061955137,0,0]","[4174701728,675812752,1916301692,3879495422,366732850,2258605964,4250204421,3061955137,0,1]",PCG64,smoke,gamma,0.5,2.0,True,5e-07,4,0.01606425702811245,0.4962035928012428,0.49620360062516733,2.1495267159534768,2.1495266747253012,123.55469655566668,4.999999987376214e-07,0.5000000098678808,0.024669701620415353,True,,0.6397301705021827,-0.04938593331898336,0.32496424097325316,-51.252950314489325,True,13,0,CONVERGENCE: RELATIVE REDUCTION OF F <= FACTR*EPSMCH,3,3,3,1,-51.252950314489325,0.0,1.5125295031448933e-08,pfml,True,False,3,
f8d4e4a0284815907238717ce73c66fe15dbe632869f978cfd54f905b681ba41,250,0.5,0.5,2.0,1.0,0.0,0.5,1e-06,1.5,0,20260910,"[4174701728,675812752,1916301692,3879495422,366732850,2258605964,4250204421,3061955137,0]","[4174701728,675812752,1916301692,3879495422,366732850,2258605964,4250204421,3061955137,0,0]","[4174701728,675812752,1916301692,3879495422,366732850,2258605964,4250204421,3061955137,0,1]",PCG64,smoke,gamma,0.5,2.0,True,5e-07,4,0.01606425702811245,0.4962035928012428,0.49620360062516733,2.1495267159534768,2.1495266747253012,123.55469655566668,4.999999987376214e-07,0.5000000098678808,0.024669701620415353,True,,0.4211224367117965,0.011481182044671055,0.44029068210116346,-276.2590617170483,True,15,0,CONVERGENCE: RELATIVE REDUCTION OF F <= FACTR*EPSMCH,3,3,3,1,-276.2590617170483,0.0,3.7625906171704833e-08,euler,True,False,3,
f8d4e4a0284815907238717ce73c66fe15dbe632869f978cfd54f905b681ba41,250,0.5,0.5,2.0,1.0,0.0,0.5,1e-06,1.5,1,20260910,"[4174701728,675812752,1916301692,3879495422,366732850,2258605964,4250204421,3061955137,1]","[4174701728,675812752,1916301692,3879495422,366732850,2258605964,4250204421,3061955137,1,0]","[4174701728,675812752,1916301692,3879495422,366732850,2258605964,4250204421,3061955137,1,1]",PCG64,smoke,gamma,0.5,2.0,True,5e-07,6,0.024096385542168676,0.4834952876065929,0.4834952979349116,2.0533228698104784,2.053322815544344,120.390329185793,4.999999987376214e-07,0.5000000098678808,0.024669701620415353,True,,1.140931159427571,-0.022905056582888664,0.5127093769908566,-272.55721409764647,True,14,0,CONVERGENCE: RELATIVE REDUCTION OF F <= FACTR*EPSMCH,3,3,3,1,-272.55721409764647,0.0,3.725572140976465e-08,exact,True,False,3,
f8d4e4a0284815907238717ce73c66fe15dbe632869f978cfd54f905b681ba41,250,0.5,0.5,2.0,1.0,0.0,0.5,1e-06,1.5,1,20260910,"[4174701728,675812752,1916301692,3879495422,366732850,2258605964,4250204421,3061955137,1]","[4174701728,675812752,1916301692,3879495422,366732850,2258605964,4250204421,3061955137,1,0]","[4174701728,675812752,1916301692,3879495422,366732850,2258605964,4250204421,3061955137,1,1]",PCG64,smoke,gamma,0.5,2.0,True,5e-07,6,0.024096385542168676,0.4834952876065929,0.4834952979349116,2.0533228698104784,2.053322815544344,120.390329185793,4.999999987376214e-07,0.5000000098678808,0.024669701620415353,True,,0.7835422913668468,-0.02469297321880811,0.4151161578382533,-0.2817429636927731,True,12,0,CONVERGENCE: RELATIVE REDUCTION OF F <= FACTR*EPSMCH,3,3,3,2,-0.2817429636927731,0.0,1.0028174296369277e-08,pfml,True,False,3,
f8d4e4a0284815907238717ce73c66fe15dbe632869f978cfd54f905b681ba41,250,0.5,0.5,2.0,1.0,0.0,0.5,1e-06,1.5,1,20260910,"[4174701728,675812752,1916301692,3879495422,366732850,2258605964,4250204421,3061955137,1]","[4174701728,675812752,1916301692,3879495422,366732850,2258605964,4250204421,3061955137,1,0]","[4174701728,675812752,1916301692,3879495422,366732850,2258605964,4250204421,3061955137,1,1]",PCG64,smoke,gamma,0.5,2.0,True,5e-07,6,0.024096385542168676,0.4834952876065929,0.4834952979349116,2.0533228698104784,2.053322815544344,120.390329185793,4.999999987376214e-07,0.5000000098678808,0.024669701620415353,True,,0.6673124708089219,-0.025370544566163344,0.4456301027593473,-261.23827440150717,True,11,0,CONVERGENCE: RELATIVE REDUCTION OF F <= FACTR*EPSMCH,3,3,3,2,-261.23827440150717,0.0,3.612382744015072e-08,euler,True,False,3,
f8d4e4a0284815907238717ce73c66fe15dbe632869f978cfd54f905b681ba41,250,0.5,0.5,2.0,1.0,0.0,0.5,1e-06,1.5,2,20260910,"[4174701728,675812752,1916301692,3879495422,366732850,2258605964,4250204421,3061955137,2]","[4174701728,675812752,1916301692,3879495422,366732850,2258605964,4250204421,3061955137,2,0]","[4174701728,675812752,1916301692,3879495422,366732850,2258605964,4250204421,3061955137,2,1]",PCG64,smoke,gamma,0.5,2.0,True,5e-07,6,0.024096385542168676,0.5761135124954082,0.5761135213116829,1.7422319771459305,1.7422319417009602,143.4522668066091,4.999999987376214e-07,0.5000000098678808,0.024669701620415353,True,,1.306956357691451,-0.023182617459184523,0.5170786787593769,-261.6185355509619,True,10,0,CONVERGENCE: RELATIVE REDUCTION OF F <= FACTR*EPSMCH,3,3,3,2,-261.6185355509619,0.0,3.616185355509619e-08,exact,True,False,3,
f8d4e4a0284815907238717ce73c66fe15dbe632869f978cfd54f905b681ba41,250,0.5,0.5,2.0,1.0,0.0,0.5,1e-06,1.5,2,20260910,"[4174701728,675812752,1916301692,3879495422,366732850,2258605964,4250204421,3061955137,2]","[4174701728,675812752,1916301692,3879495422,366732850,2258605964,4250204421,3061955137,2,0]","[4174701728,675812752,1916301692,3879495422,366732850,2258605964,4250204421,3061955137,2,1]",PCG64,smoke,gamma,0.5,2.0,True,5e-07,6,0.024096385542168676,0.5761135124954082,0.5761135213116829,1.7422319771459305,1.7422319417009602,143.4522668066091,4.999999987376214e-07,0.5000000098678808,0.024669701620415353,True,,0.9567695392676636,-0.054543547770904185,0.41376993759625014,2.5477050543105313,True,13,0,CONVERGENCE: RELATIVE REDUCTION OF F <= FACTR*EPSMCH,3,3,3,1,2.5477050543105313,0.0,1.0254770505431054e-08,pfml,True,False,3,
f8d4e4a0284815907238717ce73c66fe15dbe632869f978cfd54f905b681ba41,250,0.5,0.5,2.0,1.0,0.0,0.5,1e-06,1.5,2,20260910,"[4174701728,675812752,1916301692,3879495422,366732850,2258605964,4250204421,3061955137,2]","[4174701728,675812752,1916301692,3879495422,366732850,2258605964,4250204421,3061955137,2,0]","[4174701728,675812752,1916301692,3879495422,366732850,2258605964,4250204421,3061955137,2,1]",PCG64,smoke,gamma,0.5,2.0,True,5e-07,6,0.024096385542168676,0.5761135124954082,0.5761135213116829,1.7422319771459305,1.7422319417009602,143.4522668066091,4.999999987376214e-07,0.5000000098678808,0.024669701620415353,True,,0.5608487201677343,-0.032801925695977945,0.4368708053339273,-242.56088693679888,True,11,0,CONVERGENCE: RELATIVE REDUCTION OF F <= FACTR*EPSMCH,3,3,3,0,-242.56088693679888,0.0,3.425608869367989e-08,euler,True,False,3,
f8d4e4a0284815907238717ce73c66fe15dbe632869f978cfd54f905b681ba41,250,0.5,0.5,2.0,1.0,0.0,0.5,1e-06,1.5,3,20260910,"[4174701728,675812752,1916301692,3879495422,366732850,2258605964,4250204421,3061955137,3]","[4174701728,675812752,1916301692,3879495422,366732850,2258605964,4250204421,3061955137,3,0]","[4174701728,675812752,1916301692,3879495422,366732850,2258605964,4250204421,3061955137,3,1]",PCG64,smoke,gamma,0.5,2.0,True,5e-07,8,0.0321285140562249,0.5071442657994153,0.5071442788889994,2.149796028171199,2.1497959606782,126.27892544336085,4.999999987376214e-07,0.5000000098678808,0.024669701620415353,True,,1.1957236854164053,0.06511096392924971,0.536512543933651,-313.7801367577605,True,11,0,CONVERGENCE: RELATIVE REDUCTION OF F <= FACTR*EPSMCH,3,3,3,2,-313.7801367577605,0.0,4.137801367577605e-08,exact,True,False,3,
f8d4e4a0284815907238717ce73c66fe15dbe632869f978cfd54f905b681ba41,250,0.5,0.5,2.0,1.0,0.0,0.5,1e-06,1.5,3,20260910,"[4174701728,675812752,1916301692,3879495422,366732850,2258605964,4250204421,3061955137,3]","[4174701728,675812752,1916301692,3879495422,366732850,2258605964,4250204421,3061955137,3,0]","[4174701728,675812752,1916301692,3879495422,366732850,2258605964,4250204421,3061955137,3,1]",PCG64,smoke,gamma,0.5,2.0,True,5e-07,8,0.0321285140562249,0.5071442657994153,0.5071442788889994,2.149796028171199,2.1497959606782,126.27892544336085,4.999999987376214e-07,0.5000000098678808,0.024669701620415353,True,,0.42887698630317106,0.032013488427325036,0.34480971848235803,-22.439646458514353,True,10,0,CONVERGENCE: RELATIVE REDUCTION OF F <= FACTR*EPSMCH,3,3,3,2,-22.439646458514353,0.0,1.2243964645851436e-08,pfml,True,False,3,
f8d4e4a0284815907238717ce73c66fe15dbe632869f978cfd54f905b681ba41,250,0.5,0.5,2.0,1.0,0.0,0.5,1e-06,1.5,3,20260910,"[4174701728,675812752,1916301692,3879495422,366732850,2258605964,4250204421,3061955137,3]","[4174701728,675812752,1916301692,3879495422,366732850,2258605964,4250204421,3061955137,3,0]","[4174701728,675812752,1916301692,3879495422,366732850,2258605964,4250204421,3061955137,3,1]",PCG64,smoke,gamma,0.5,2.0,True,5e-07,8,0.0321285140562249,0.5071442657994153,0.5071442788889994,2.149796028171199,2.1497959606782,126.27892544336085,4.999999987376214e-07,0.5000000098678808,0.024669701620415353,True,,0.4296494080659005,0.04300767264625125,0.48086203500006075,-293.3897839986224,True,16,0,CONVERGENCE: RELATIVE REDUCTION OF F <= FACTR*EPSMCH,3,3,3,1,-293.3897839986224,0.0,3.9338978399862243e-08,euler,True,False,3,
f8d4e4a0284815907238717ce73c66fe15dbe632869f978cfd54f905b681ba41,250,0.5,0.5,2.0,1.0,0.0,0.5,1e-06,1.5,4,20260910,"[4174701728,675812752,1916301692,3879495422,366732850,2258605964,4250204421,3061955137,4]","[4174701728,675812752,1916301692,3879495422,366732850,2258605964,4250204421,3061955137,4,0]","[4174701728,675812752,1916301692,3879495422,366732850,2258605964,4250204421,3061955137,4,1]",PCG64,smoke,gamma,0.5,2.0,True,5e-07,6,0.024096385542168676,0.6141679593908131,0.6141679688729387,1.8380027094749978,1.838002672698252,152.92782424936175,4.999999987376214e-07,0.5000000098678808,0.024669701620415353,True,,1.366423646488803,-0.070659647366064,0.5370283290959494,-232.3915804193611,True,14,0,CONVERGENCE: RELATIVE REDUCTION OF F <= FACTR*EPSMCH,3,3,3,1,-232.3915804193611,0.0,3.323915804193611e-08,exact,True,False,3,
f8d4e4a0284815907238717ce73c66fe15dbe632869f978cfd54f905b681ba41,250,0.5,0.5,2.0,1.0,0.0,0.5,1e-06,1.5,4,20260910,"[4174701728,675812752,1916301692,3879495422,366732850,2258605964,4250204421,3061955137,4]","[4174701728,675812752,1916301692,3879495422,366732850,2258605964,4250204421,3061955137,4,0]","[4174701728,675812752,1916301692,3879495422,366732850,2258605964,4250204421,3061955137,4,1]",PCG64,smoke,gamma,0.5,2.0,True,5e-07,6,0.024096385542168676,0.6141679593908131,0.6141679688729387,1.8380027094749978,1.838002672698252,152.92782424936175,4.999999987376214e-07,0.5000000098678808,0.024669701620415353,True,,0.5889995834732983,-0.042935515266857724,0.3493525258891638,-11.576811453036637,True,12,0,CONVERGENCE: RELATIVE REDUCTION OF F <= FACTR*EPSMCH,3,3,3,2,-11.576811453036637,0.0,1.1157681145303664e-08,pfml,True,False,3,
f8d4e4a0284815907238717ce73c66fe15dbe632869f978cfd54f905b681ba41,250,0.5,0.5,2.0,1.0,0.0,0.5,1e-06,1.5,4,20260910,"[4174701728,675812752,1916301692,3879495422,366732850,2258605964,4250204421,3061955137,4]","[4174701728,675812752,1916301692,3879495422,366732850,2258605964,4250204421,3061955137,4,0]","[4174701728,675812752,1916301692,3879495422,366732850,2258605964,4250204421,3061955137,4,1]",PCG64,smoke,gamma,0.5,2.0,True,5e-07,6,0.024096385542168676,0.6141679593908131,0.6141679688729387,1.8380027094749978,1.838002672698252,152.92782424936175,4.999999987376214e-07,0.5000000098678808,0.024669701620415353,True,,0.49578368520299465,-0.11330241097218419,0.4568447398111119,-207.24230656345645,True,13,0,CONVERGENCE: RELATIVE REDUCTION OF F <= FACTR*EPSMCH,3,3,3,0,-207.24230656345645,0.0,3.0724230656345646e-08,euler,True,False,3,
f8d4e4a0284815907238717ce73c66fe15dbe632869f978cfd54f905b681ba41,250,0.5,0.5,2.0,1.0,0.0,0.5,1e-06,1.5,5,20260910,"[4174701728,675812752,1916301692,3879495422,366732850,2258605964,4250204421,3061955137,5]","[4174701728,675812752,1916301692,3879495422,366732850,2258605964,4250204421,3061955137,5,0]","[4174701728,675812752,1916301692,3879495422,366732850,2258605964,4250204421,3061955137,5,1]",PCG64,smoke,gamma,0.5,2.0,True,5e-07,2,0.008032128514056224,0.5309369046861819,0.5309369081739284,2.1512117840148997,2.151211766829855,132.20329013530815,4.999999987376214e-07,0.5000000098678808,0.024669701620415353,True,,0.8932297280700574,0.02594029926163519,0.4785784504114055,-265.8360401863407,True,11,0,CONVERGENCE: RELATIVE REDUCTION OF F <= FACTR*EPSMCH,3,3,3,0,-265.8360401863407,0.0,3.6583604018634074e-08,exact,True,False,3,
f8d4e4a0284815907238717ce73c66fe15dbe632869f978cfd54f905b681ba41,250,0.5,0.5,2.0,1.0,0.0,0.5,1e-06,1.5,5,20260910,"[4174701728,675812752,1916301692,3879495422,366732850,2258605964,4250204421,3061955137,5]","[4174701728,675812752,1916301692,3879495422,366732850,2258605964,4250204421,3061955137,5,0]","[4174701728,675812752,1916301692,3879495422,366732850,2258605964,4250204421,3061955137,5,1]",PCG64,smoke,gamma,0.5,2.0,True,5e-07,2,0.008032128514056224,0.5309369046861819,0.5309369081739284,2.1512117840148997,2.151211766829855,132.20329013530815,4.999999987376214e-07,0.5000000098678808,0.024669701620415353,True,,0.5312610332861886,0.08264984620170018,0.3672624090915156,-8.395435662465342,True,9,0,CONVERGENCE: RELATIVE REDUCTION OF F <= FACTR*EPSMCH,3,3,3,0,-8.395435662465342,0.0,1.0839543566246534e-08,pfml,True,False,3,
f8d4e4a0284815907238717ce73c66fe15dbe632869f978cfd54f905b681ba41,250,0.5,0.5,2.0,1.0,0.0,0.5,1e-06,1.5,5,20260910,"[4174701728,675812752,1916301692,3879495422,366732850,2258605964,4250204421,3061955137,5]","[4174701728,675812752,1916301692,3879495422,366732850,2258605964,4250204421,3061955137,5,0]","[4174701728,675812752,1916301692,3879495422,366732850,2258605964,4250204421,3061955137,5,1]",PCG64,smoke,gamma,0.5,2.0,True,5e-07,2,0.008032128514056224,0.5309369046861819,0.5309369081739284,2.1512117840148997,2.151211766829855,132.20329013530815,4.999999987376214e-07,0.5000000098678808,0.024669701620415353,True,,0.5089524752040262,0.035470014424343936,0.426128401246012,-253.22183066180372,True,11,0,CONVERGENCE: RELATIVE REDUCTION OF F <= FACTR*EPSMCH,3,3,3,2,-253.22183066180372,0.0,3.532218306618037e-08,euler,True,False,3,
f8d4e4a0284815907238717ce73c66fe15dbe632869f978cfd54f905b681ba41,250,0.5,0.5,2.0,1.0,0.0,0.5,1e-06,1.5,6,20260910,"[4174701728,675812752,1916301692,3879495422,366732850,2258605964,4250204421,3061955137,6]","[4174701728,675812752,1916301692,3879495422,366732850,2258605964,4250204421,3061955137,6,0]","[4174701728,675812752,1916301692,3879495422,366732850,2258605964,4250204421,3061955137,6,1]",PCG64,smoke,gamma,0.5,2.0,True,5e-07,6,0.024096385542168676,0.5775432859038865,0.5775432942442642,1.9163884042293093,1.9163883690189023,143.8082802668218,4.999999987376214e-07,0.5000000098678808,0.024669701620415353,True,,1.221379351075657,0.017027459457427032,0.49527688901292927,-299.66677768754624,True,10,0,CONVERGENCE: RELATIVE REDUCTION OF F <= FACTR*EPSMCH,3,3,3,2,-299.66677768754624,0.0,3.996667776875463e-08,exact,True,False,3,
f8d4e4a0284815907238717ce73c66fe15dbe632869f978cfd54f905b681ba41,250,0.5,0.5,2.0,1.0,0.0,0.5,1e-06,1.5,6,20260910,"[4174701728,675812752,1916301692,3879495422,366732850,2258605964,4250204421,3061955137,6]","[4174701728,675812752,1916301692,3879495422,366732850,2258605964,4250204421,3061955137,6,0]","[4174701728,675812752,1916301692,3879495422,366732850,2258605964,4250204421,3061955137,6,1]",PCG64,smoke,gamma,0.5,2.0,True,5e-07,6,0.024096385542168676,0.5775432859038865,0.5775432942442642,1.9163884042293093,1.9163883690189023,143.8082802668218,4.999999987376214e-07,0.5000000098678808,0.024669701620415353,True,,0.5505137455884436,-0.02699215795565471,0.35582027952073253,-9.823986552170371,True,12,0,CONVERGENCE: RELATIVE REDUCTION OF F <= FACTR*EPSMCH,3,3,3,2,-9.823986552170371,0.0,1.0982398655217037e-08,pfml,True,False,3,
f8d4e4a0284815907238717ce73c66fe15dbe632869f978cfd54f905b681ba41,250,0.5,0.5,2.0,1.0,0.0,0.5,1e-06,1.5,6,20260910,"[4174701728,675812752,1916301692,3879495422,366732850,2258605964,4250204421,3061955137,6]","[4174701728,675812752,1916301692,3879495422,366732850,2258605964,4250204421,3061955137,6,0]","[4174701728,675812752,1916301692,3879495422,366732850,2258605964,4250204421,3061955137,6,1]",PCG64,smoke,gamma,0.5,2.0,True,5e-07,6,0.024096385542168676,0.5775432859038865,0.5775432942442642,1.9163884042293093,1.9163883690189023,143.8082802668218,4.999999987376214e-07,0.5000000098678808,0.024669701620415353,True,,0.547640847982479,0.0028589632752042482,0.4286801030781536,-279.5525152388635,True,11,0,CONVERGENCE: RELATIVE REDUCTION OF F <= FACTR*EPSMCH,3,3,3,0,-279.5525152388635,0.0,3.795525152388635e-08,euler,True,False,3,
f8d4e4a0284815907238717ce73c66fe15dbe632869f978cfd54f905b681ba41,250,0.5,0.5,2.0,1.0,0.0,0.5,1e-06,1.5,7,20260910,"[4174701728,675812752,1916301692,3879495422,366732850,2258605964,4250204421,3061955137,7]","[4174701728,675812752,1916301692,3879495422,366732850,2258605964,4250204421,3061955137,7,0]","[4174701728,675812752,1916301692,3879495422,366732850,2258605964,4250204421,3061955137,7,1]",PCG64,smoke,gamma,0.5,2.0,True,5e-07,5,0.020080321285140562,0.44207453341372377,0.4420745393274419,2.023341955541246,2.0233419218631705,110.07656029253303,4.999999987376214e-07,0.5000000098678808,0.024669701620415353,True,,1.0035931440567725,-0.053876092155985156,0.4943502390575258,-301.43597779980837,True,14,0,CONVERGENCE: RELATIVE REDUCTION OF F <= FACTR*EPSMCH,3,3,3,1,-301.43597779980837,0.0,4.014359777998084e-08,exact,True,False,3,
f8d4e4a0284815907238717ce73c66fe15dbe632869f978cfd54f905b681ba41,250,0.5,0.5,2.0,1.0,0.0,0.5,1e-06,1.5,7,20260910,"[4174701728,675812752,1916301692,3879495422,366732850,2258605964,4250204421,3061955137,7]","[4174701728,675812752,1916301692,3879495422,366732850,2258605964,4250204421,3061955137,7,0]","[4174701728,675812752,1916301692,3879495422,366732850,2258605964,4250204421,3061955137,7,1]",PCG64,smoke,gamma,0.5,2.0,True,5e-07,5,0.020080321285140562,0.44207453341372377,0.4420745393274419,2.023341955541246,2.0233419218631705,110.07656029253303,4.999999987376214e-07,0.5000000098678808,0.024669701620415353,True,,0.3411550649207656,-0.02261708736674978,0.3023161943311123,-64.4899091212164,True,9,0,CONVERGENCE: RELATIVE REDUCTION OF F <= FACTR*EPSMCH,3,3,3,0,-64.4899091212164,0.0,1.644899091212164e-08,pfml,True,False,3,
f8d4e4a0284815907238717ce73c66fe15dbe632869f978cfd54f905b681ba41,250,0.5,0.5,2.0,1.0,0.0,0.5,1e-06,1.5,7,20260910,"[4174701728,675812752,1916301692,3879495422,366732850,2258605964,4250204421,3061955137,7]","[4174701728,675812752,1916301692,3879495422,366732850,2258605964,4250204421,3061955137,7,0]","[4174701728,675812752,1916301692,3879495422,366732850,2258605964,4250204421,3061955137,7,1]",PCG64,smoke,gamma,0.5,2.0,True,5e-07,5,0.020080321285140562,0.44207453341372377,0.4420745393274419,2.023341955541246,2.0233419218631705,110.07656029253303,4.999999987376214e-07,0.5000000098678808,0.024669701620415353,True,,0.37458139520533845,-0.06806323629578839,0.4527236738888141,-283.7599210523223,True,13,0,CONVERGENCE: RELATIVE REDUCTION OF F <= FACTR*EPSMCH,3,3,3,2,-283.7599210523223,0.0,3.837599210523223e-08,euler,True,False,3,
f8d4e4a0284815907238717ce73c66fe15dbe632869f978cfd54f905b681ba41,250,0.5,0.5,2.0,1.0,0.0,0.5,1e-06,1.5,8,20260910,"[4174701728,675812752,1916301692,3879495422,366732850,2258605964,4250204421,3061955137,8]","[4174701728,675812752,1916301692,3879495422,366732850,2258605964,4250204421,3061955137,8,0]","[4174701728,675812752,1916301692,3879495422,366732850,2258605964,4250204421,3061955137,8,1]",PCG64,smoke,gamma,0.5,2.0,True,5e-07,7,0.028112449799196786,0.4460585316636074,0.44605854384829213,1.962710104981271,1.9627100374495703,111.06857741822475,4.999999987376214e-07,0.5000000098678808,0.024669701620415353,True,,0.9647115771057595,0.033765269972666746,0.5078757214475952,-314.40215265214226,True,11,0,CONVERGENCE: RELATIVE REDUCTION OF F <= FACTR*EPSMCH,3,3,3,0,-314.40215265214226,0.0,4.1440215265214226e-08,exact,True,False,3,
f8d4e4a0284815907238717ce73c66fe15dbe632869f978cfd54f905b681ba41,250,0.5,0.5,2.0,1.0,0.0,0.5,1e-06,1.5,8,20260910,"[4174701728,675812752,1916301692,3879495422,366732850,2258605964,4250204421,3061955137,8]","[4174701728,675812752,1916301692,3879495422,366732850,2258605964,4250204421,3061955137,8,0]","[4174701728,675812752,1916301692,3879495422,366732850,2258605964,4250204421,3061955137,8,1]",PCG64,smoke,gamma,0.5,2.0,True,5e-07,7,0.028112449799196786,0.4460585316636074,0.44605854384829213,1.962710104981271,1.9627100374495703,111.06857741822475,4.999999987376214e-07,0.5000000098678808,0.024669701620415353,True,,0.5760406603034791,0.03898211328200976,0.39870521009458926,-6.780539559428669,True,13,0,CONVERGENCE: RELATIVE REDUCTION OF F <= FACTR*EPSMCH,3,3,3,1,-6.780539559428669,0.0,1.0678053955942867e-08,pfml,True,False,3,
f8d4e4a0284815907238717ce73c66fe15dbe632869f978cfd54f905b681ba41,250,0.5,0.5,2.0,1.0,0.0,0.5,1e-06,1.5,8,20260910,"[4174701728,675812752,1916301692,3879495422,366732850,2258605964,4250204421,3061955137,8]","[4174701728,675812752,1916301692,3879495422,366732850,2258605964,4250204421,3061955137,8,0]","[4174701728,675812752,1916301692,3879495422,366732850,2258605964,4250204421,3061955137,8,1]",PCG64,smoke,gamma,0.5,2.0,True,5e-07,7,0.028112449799196786,0.4460585316636074,0.44605854384829213,1.962710104981271,1.9627100374495703,111.06857741822475,4.999999987376214e-07,0.5000000098678808,0.024669701620415353,True,,0.49974150419881097,0.026371620762900973,0.4556473996743296,-302.69001344603464,True,16,0,CONVERGENCE: RELATIVE REDUCTION OF F <= FACTR*EPSMCH,3,3,3,1,-302.69001344603464,0.0,4.026900134460346e-08,euler,True,False,3,
f8d4e4a0284815907238717ce73c66fe15dbe632869f978cfd54f905b681ba41,250,0.5,0.5,2.0,1.0,0.0,0.5,1e-06,1.5,9,20260910,"[4174701728,675812752,1916301692,3879495422,366732850,2258605964,4250204421,3061955137,9]","[4174701728,675812752,1916301692,3879495422,366732850,2258605964,4250204421,3061955137,9,0]","[4174701728,675812752,1916301692,3879495422,366732850,2258605964,4250204421,3061955137,9,1]",PCG64,smoke,gamma,0.5,2.0,True,5e-07,5,0.020080321285140562,0.5619167773355804,0.5619167866015728,2.1359189525319207,2.1359189095903615,139.91727986379163,4.999999987376214e-07,0.5000000098678808,0.024669701620415353,True,,0.9898716685682327,0.051001101566850934,0.48739019282372376,-302.4153194485568,True,13,0,CONVERGENCE: RELATIVE REDUCTION OF F <= FACTR*EPSMCH,3,3,3,0,-302.4153194485568,0.0,4.0241531944855674e-08,exact,True,False,3,
f8d4e4a0284815907238717ce73c66fe15dbe632869f978cfd54f905b681ba41,250,0.5,0.5,2.0,1.0,0.0,0.5,1e-06,1.5,9,20260910,"[4174701728,675812752,1916301692,3879495422,366732850,2258605964,4250204421,3061955137,9]","[4174701728,675812752,1916301692,3879495422,366732850,2258605964,4250204421,3061955137,9,0]","[4174701728,675812752,1916301692,3879495422,366732850,2258605964,4250204421,3061955137,9,1]",PCG64,smoke,gamma,0.5,2.0,True,5e-07,5,0.020080321285140562,0.5619167773355804,0.5619167866015728,2.1359189525319207,2.1359189095903615,139.91727986379163,4.999999987376214e-07,0.5000000098678808,0.024669701620415353,True,,0.3446536230842169,0.026849811592657234,0.3212342225541582,-24.54110025979411,True,11,0,CONVERGENCE: RELATIVE REDUCTION OF F <= FACTR*EPSMCH,3,3,3,2,-24.54110025979411,0.0,1.2454110025979411e-08,pfml,True,False,3,
f8d4e4a0284815907238717ce73c66fe15dbe632869f978cfd54f905b681ba41,250,0.5,0.5,2.0,1.0,0.0,0.5,1e-06,1.5,9,20260910,"[4174701728,675812752,1916301692,3879495422,366732850,2258605964,4250204421,3061955137,9]","[4174701728,675812752,1916301692,3879495422,366732850,2258605964,4250204421,3061955137,9,0]","[4174701728,675812752,1916301692,3879495422,366732850,2258605964,4250204421,3061955137,9,1]",PCG64,smoke,gamma,0.5,2.0,True,5e-07,5,0.020080321285140562,0.5619167773355804,0.5619167866015728,2.1359189525319207,2.1359189095903615,139.91727986379163,4.999999987376214e-07,0.5000000098678808,0.024669701620415353,True,,0.45896277068697044,0.09044299164865627,0.43671543507341676,-284.1198481019244,True,11,0,CONVERGENCE: RELATIVE REDUCTION OF F <= FACTR*EPSMCH,3,3,3,2,-284.1198481019244,0.0,3.8411984810192435e-08,euler,True,False,3,
f8d4e4a0284815907238717ce73c66fe15dbe632869f978cfd54f905b681ba41,250,0.5,0.5,2.0,1.0,0.0,0.5,1e-06,1.5,10,20260910,"[4174701728,675812752,1916301692,3879495422,366732850,2258605964,4250204421,3061955137,10]","[4174701728,675812752,1916301692,3879495422,366732850,2258605964,4250204421,3061955137,10,0]","[4174701728,675812752,1916301692,3879495422,366732850,2258605964,4250204421,3061955137,10,1]",PCG64,smoke,gamma,0.5,2.0,True,5e-07,8,0.0321285140562249,0.5026908099161407,0.5026908211060688,1.886783035899237,1.886782982101449,125.17001445541109,4.999999987376214e-07,0.5000000098678808,0.024669701620415353,True,,1.0418931047251452,-0.04664078625444823,0.48859897830154875,-297.40234761784717,True,11,0,CONVERGENCE: RELATIVE REDUCTION OF F <= FACTR*EPSMCH,3,3,3,0,-297.40234761784717,0.0,3.974023476178472e-08,exact,True,False,3,
f8d4e4a0284815907238717ce73c66fe15dbe632869f978cfd54f905b681ba41,250,0.5,0.5,2.0,1.0,0.0,0.5,1e-06,1.5,10,20260910,"[4174701728,675812752,1916301692,3879495422,366732850,2258605964,4250204421,3061955137,10]","[4174701728,675812752,1916301692,3879495422,366732850,2258605964,4250204421,3061955137,10,0]","[4174701728,675812752,1916301692,3879495422,366732850,2258605964,4250204421,3061955137,10,1]",PCG64,smoke,gamma,0.5,2.0,True,5e-07,8,0.0321285140562249,0.5026908099161407,0.5026908211060688,1.886783035899237,1.886782982101449,125.17001445541109,4.999999987376214e-07,0.5000000098678808,0.024669701620415353,True,,0.902045663671749,-0.0673939090056383,0.4441884126388213,13.405134113707545,True,12,0,CONVERGENCE: RELATIVE REDUCTION OF F <= FACTR*EPSMCH,3,3,3,1,13.405134113707545,0.0,1.1340513411370755e-08,pfml,True,False,3,
f8d4e4a0284815907238717ce73c66fe15dbe632869f978cfd54f905b681ba41,250,0.5,0.5,2.0,1.0,0.0,0.5,1e-06,1.5,10,20260910,"[4174701728,675812752,1916301692,3879495422,366732850,2258605964,4250204421,3061955137,10]","[4174701728,675812752,1916301692,3879495422,366732850,2258605964,4250204421,3061955137,10,0]","[4174701728,675812752,1916301692,3879495422,366732850,2258605964,4250204421,3061955137,10,1]",PCG64,smoke,gamma,0.5,2.0,True,5e-07,8,0.0321285140562249,0.5026908099161407,0.5026908211060688,1.886783035899237,1.886782982101449,125.17001445541109,4.999999987376214e-07,0.5000000098678808,0.024669701620415353,True,,0.6022986077554303,-0.017656072712740948,0.42148802200062807,-288.0456147365164,True,11,0,CONVERGENCE: RELATIVE REDUCTION OF F <= FACTR*EPSMCH,3,3,3,0,-288.0456147365164,0.0,3.8804561473651644e-08,euler,True,False,3,
f8d4e4a0284815907238717ce73c66fe15dbe632869f978cfd54f905b681ba41,250,0.5,0.5,2.0,1.0,0.0,0.5,1e-06,1.5,11,20260910,"[4174701728,675812752,1916301692,3879495422,366732850,2258605964,4250204421,3061955137,11]","[4174701728,675812752,1916301692,3879495422,366732850,2258605964,4250204421,3061955137,11,0]","[4174701728,675812752,1916301692,3879495422,366732850,2258605964,4250204421,3061955137,11,1]",PCG64,smoke,gamma,0.5,2.0,True,5e-07,11,0.04417670682730924,0.46582268878479705,0.4658227067854297,1.8937658274673967,1.893765733882044,115.98985398957201,4.999999987376214e-07,0.5000000098678808,0.024669701620415353,True,,0.7356776995714088,0.04013451269399113,0.4703341708527191,-327.0635439459086,True,11,0,CONVERGENCE: RELATIVE REDUCTION OF F <= FACTR*EPSMCH,3,3,3,0,-327.0635439459086,0.0,4.2706354394590853e-08,exact,True,False,3,
f8d4e4a0284815907238717ce73c66fe15dbe632869f978cfd54f905b681ba41,250,0.5,0.5,2.0,1.0,0.0,0.5,1e-06,1.5,11,20260910,"[4174701728,675812752,1916301692,3879495422,366732850,2258605964,4250204421,3061955137,11]","[4174701728,675812752,1916301692,3879495422,366732850,2258605964,4250204421,3061955137,11,0]","[4174701728,675812752,1916301692,3879495422,366732850,2258605964,4250204421,3061955137,11,1]",PCG64,smoke,gamma,0.5,2.0,True,5e-07,11,0.04417670682730924,0.46582268878479705,0.4658227067854297,1.8937658274673967,1.893765733882044,115.98985398957201,4.999999987376214e-07,0.5000000098678808,0.024669701620415353,True,,0.5975641378546553,0.07808661100848305,0.42761374380020234,13.617659298608665,True,11,0,CONVERGENCE: RELATIVE REDUCTION OF F <= FACTR*EPSMCH,3,3,3,2,13.617659298608665,0.0,1.1361765929860867e-08,pfml,True,False,3,
f8d4e4a0284815907238717ce73c66fe15dbe632869f978cfd54f905b681ba41,250,0.5,0.5,2.0,1.0,0.0,0.5,1e-06,1.5,11,20260910,"[4174701728,675812752,1916301692,3879495422,366732850,2258605964,4250204421,3061955137,11]","[4174701728,675812752,1916301692,3879495422,366732850,2258605964,4250204421,3061955137,11,0]","[4174701728,675812752,1916301692,3879495422,366732850,2258605964,4250204421,3061955137,11,1]",PCG64,smoke,gamma,0.5,2.0,True,5e-07,11,0.04417670682730924,0.46582268878479705,0.4658227067854297,1.8937658274673967,1.893765733882044,115.98985398957201,4.999999987376214e-07,0.5000000098678808,0.024669701620415353,True,,0.5380924852162824,0.03609559363478179,0.4193230292838474,-322.4718616269923,True,13,0,CONVERGENCE: RELATIVE REDUCTION OF F <= FACTR*EPSMCH,3,3,3,1,-322.4718616269923,0.0,4.2247186162699234e-08,euler,True,False,3,
f8d4e4a0284815907238717ce73c66fe15dbe632869f978cfd54f905b681ba41,250,0.5,0.5,2.0,1.0,0.0,0.5,1e-06,1.5,12,20260910,"[4174701728,675812752,1916301692,3879495422,366732850,2258605964,4250204421,3061955137,12]","[4174701728,675812752,1916301692,3879495422,366732850,2258605964,4250204421,3061955137,12,0]","[4174701728,675812752,1916301692,3879495422,366732850,2258605964,4250204421,3061955137,12,1]",PCG64,smoke,gamma,0.5,2.0,True,5e-07,6,0.024096385542168676,0.5451810379109612,0.5451810467480542,2.072283932635084,2.0722838912224444,135.75008064026554,4.999999987376214e-07,0.5000000098678808,0.024669701620415353,True,,1.1860650060510705,-0.0005809575003356567,0.5059090100292069,-298.46874288892127,True,13,0,CONVERGENCE: RELATIVE REDUCTION OF F <= FACTR*EPSMCH,3,3,3,0,-298.46874288892127,0.0,3.984687428889213e-08,exact,True,False,3,
f8d4e4a0284815907238717ce73c66fe15dbe632869f978cfd54f905b681ba41,250,0.5,0.5,2.0,1.0,0.0,0.5,1e-06,1.5,12,20260910,"[4174701728,675812752,1916301692,3879495422,366732850,2258605964,4250204421,3061955137,12]","[4174701728,675812752,1916301692,3879495422,366732850,2258605964,4250204421,3061955137,12,0]","[4174701728,675812752,1916301692,3879495422,366732850,2258605964,4250204421,3061955137,12,1]",PCG64,smoke,gamma,0.5,2.0,True,5e-07,6,0.024096385542168676,0.5451810379109612,0.5451810467480542,2.072283932635084,2.0722838912224444,135.75008064026554,4.999999987376214e-07,0.5000000098678808,0.024669701620415353,True,,0.5373722589219787,-0.0010275891997798346,0.3482723408779971,-19.546800829618284,True,9,0,CONVERGENCE: RELATIVE REDUCTION OF F <= FACTR*EPSMCH,3,3,3,0,-19.546800829618284,0.0,1.1954680082961829e-08,pfml,True,False,3,
f8d4e4a0284815907238717ce73c66fe15dbe632869f978cfd54f905b681ba41,250,0.5,0.5,2.0,1.0,0.0,0.5,1e-06,1.5,12,20260910,"[4174701728,675812752,1916301692,3879495422,366732850,2258605964,4250204421,3061955137,12]","[4174701728,675812752,1916301692,3879495422,366732850,2258605964,4250204421,3061955137,12,0]","[4174701728,675812752,1916301692,3879495422,366732850,2258605964,4250204421,3061955137,12,1]",PCG64,smoke,gamma,0.5,2.0,True,5e-07,6,0.024096385542168676,0.5451810379109612,0.5451810467480542,2.072283932635084,2.0722838912224444,135.75008064026554,4.999999987376214e-07,0.5000000098678808,0.024669701620415353,True,,0.5514539773926768,0.006996520492117247,0.44213313357563355,-279.7679230926743,True,10,0,CONVERGENCE: RELATIVE REDUCTION OF F <= FACTR*EPSMCH,3,3,3,0,-279.7679230926743,0.0,3.7976792309267435e-08,euler,True,False,3,
f8d4e4a0284815907238717ce73c66fe15dbe632869f978cfd54f905b681ba41,250,0.5,0.5,2.0,1.0,0.0,0.5,1e-06,1.5,13,20260910,"[4174701728,675812752,1916301692,3879495422,366732850,2258605964,4250204421,3061955137,13]","[4174701728,675812752,1916301692,3879495422,366732850,2258605964,4250204421,3061955137,13,0]","[4174701728,675812752,1916301692,3879495422,366732850,2258605964,4250204421,3061955137,13,1]",PCG64,smoke,gamma,0.5,2.0,True,5e-07,6,0.024096385542168676,0.48196701679832404,0.48196702784364004,1.9041903319125575,1.9041902762388065,120.00978993306637,4.999999987376214e-07,0.5000000098678808,0.024669701620415353,True,,0.8448970091039322,-0.03097240698829899,0.48467532975984434,-276.1078422350022,True,11,0,CONVERGENCE: RELATIVE REDUCTION OF F <= FACTR*EPSMCH,3,3,3,0,-276.1078422350022,0.0,3.761078422350022e-08,exact,True,False,3,
f8d4e4a0284815907238717ce73c66fe15dbe632869f978cfd54f905b681ba41,250,0.5,0.5,2.0,1.0,0.0,0.5,1e-06,1.5,13,20260910,"[4174701728,675812752,1916301692,3879495422,366732850,2258605964,4250204421,3061955137,13]","[4174701728,675812752,1916301692,3879495422,366732850,2258605964,4250204421,3061955137,13,0]","[4174701728,675812752,1916301692,3879495422,366732850,2258605964,4250204421,3061955137,13,1]",PCG64,smoke,gamma,0.5,2.0,True,5e-07,6,0.024096385542168676,0.48196701679832404,0.48196702784364004,1.9041903319125575,1.9041902762388065,120.00978993306637,4.999999987376214e-07,0.5000000098678808,0.024669701620415353,True,,0.698212893343484,-0.05215094104548575,0.40856664569251,0.010520459951657735,True,12,0,CONVERGENCE: RELATIVE REDUCTION OF F <= FACTR*EPSMCH,3,3,3,2,0.010520459951657735,0.0,1.0001052045995166e-08,pfml,True,False,3,
f8d4e4a0284815907238717ce73c66fe15dbe632869f978cfd54f905b681ba41,250,0.5,0.5,2.0,1.0,0.0,0.5,1e-06,1.5,13,20260910,"[4174701728,675812752,1916301692,3879495422,366732850,2258605964,4250204421,3061955137,13]","[4174701728,675812752,1916301692,3879495422,366732850,2258605964,4250204421,3061955137,13,0]","[4174701728,675812752,1916301692,3879495422,366732850,2258605964,4250204421,3061955137,13,1]",PCG64,smoke,gamma,0.5,2.0,True,5e-07,6,0.024096385542168676,0.48196701679832404,0.48196702784364004,1.9041903319125575,1.9041902762388065,120.00978993306637,4.999999987376214e-07,0.5000000098678808,0.024669701620415353,True,,0.5339076061301211,-0.058591472679990056,0.43081740228088056,-267.2523479599531,True,9,0,CONVERGENCE: RELATIVE REDUCTION OF F <= FACTR*EPSMCH,3,3,3,0,-267.2523479599531,0.0,3.6725234795995316e-08,euler,True,False,3,
f8d4e4a0284815907238717ce73c66fe15dbe632869f978cfd54f905b681ba41,250,0.5,0.5,2.0,1.0,0.0,0.5,1e-06,1.5,14,20260910,"[4174701728,675812752,1916301692,3879495422,366732850,2258605964,4250204421,3061955137,14]","[4174701728,675812752,1916301692,3879495422,366732850,2258605964,4250204421,3061955137,14,0]","[4174701728,675812752,1916301692,3879495422,366732850,2258605964,4250204421,3061955137,14,1]",PCG64,smoke,gamma,0.5,2.0,True,5e-07,11,0.04417670682730924,0.5672109311771393,0.5672109513647763,1.9640018181351782,1.9640017301125843,141.23552688982932,4.999999987376214e-07,0.5000000098678808,0.024669701620415353,True,,1.0420494852013027,-0.0043383934587089504,0.5179461823309918,-299.13502137343244,True,13,0,CONVERGENCE: RELATIVE REDUCTION OF F <= FACTR*EPSMCH,3,3,3,1,-299.13502137343244,0.0,3.9913502137343245e-08,exact,True,False,3,
f8d4e4a0284815907238717ce73c66fe15dbe632869f978cfd54f905b681ba41,250,0.5,0.5,2.0,1.0,0.0,0.5,1e-06,1.5,14,20260910,"[4174701728,675812752,1916301692,3879495422,366732850,2258605964,4250204421,3061955137,14]","[4174701728,675812752,1916301692,3879495422,366732850,2258605964,4250204421,3061955137,14,0]","[4174701728,675812752,1916301692,3879495422,366732850,2258605964,4250204421,3061955137,14,1]",PCG64,smoke,gamma,0.5,2.0,True,5e-07,11,0.04417670682730924,0.5672109311771393,0.5672109513647763,1.9640018181351782,1.9640017301125843,141.23552688982932,4.999999987376214e-07,0.5000000098678808,0.024669701620415353,True,,0.7736819498170256,0.019003116232451114,0.44337085383131525,29.532406135748573,True,12,0,CONVERGENCE: RELATIVE REDUCTION OF F <= FACTR*EPSMCH,3,3,3,2,29.532406135748573,0.0,1.2953240613574859e-08,pfml,True,False,3,
f8d4e4a0284815907238717ce73c66fe15dbe632869f978cfd54f905b681ba41,250,0.5,0.5,2.0,1.0,0.0,0.5,1e-06,1.5,14,20260910,"[4174701728,675812752,1916301692,3879495422,366732850,2258605964,4250204421,3061955137,14]","[4174701728,675812752,1916301692,3879495422,366732850,2258605964,4250204421,3061955137,14,0]","[4174701728,675812752,1916301692,3879495422,366732850,2258605964,4250204421,3061955137,14,1]",PCG64,smoke,gamma,0.5,2.0,True,5e-07,11,0.04417670682730924,0.5672109311771393,0.5672109513647763,1.9640018181351782,1.9640017301125843,141.23552688982932,4.999999987376214e-07,0.5000000098678808,0.024669701620415353,True,,0.5952030892582592,-0.004363200226706176,0.44592777900167074,-287.71746790126497,True,12,0,CONVERGENCE: RELATIVE REDUCTION OF F <= FACTR*EPSMCH,3,3,3,1,-287.71746790126497,0.0,3.87717467901265e-08,euler,True,False,3,
f8d4e4a0284815907238717ce73c66fe15dbe632869f978cfd54f905b681ba41,250,0.5,0.5,2.0,1.0,0.0,0.5,1e-06,1.5,15,20260910,"[4174701728,675812752,1916301692,3879495422,366732850,2258605964,4250204421,3061955137,15]","[4174701728,675812752,1916301692,3879495422,366732850,2258605964,4250204421,3061955137,15,0]","[4174701728,675812752,1916301692,3879495422,366732850,2258605964,4250204421,3061955137,15,1]",PCG64,smoke,gamma,0.5,2.0,True,5e-07,5,0.020080321285140562,0.5414130912614017,0.5414130994214338,1.9489781582403989,1.9489781211327848,134.811861755937,4.999999987376214e-07,0.5000000098678808,0.024669701620415353,True,,0.9406183077518776,-0.04808220366300418,0.5046878141423249,-278.3321487901727,True,10,0,CONVERGENCE: RELATIVE REDUCTION OF F <= FACTR*EPSMCH,3,3,3,2,-278.3321487901727,0.0,3.783321487901727e-08,exact,True,False,3,
f8d4e4a0284815907238717ce73c66fe15dbe632869f978cfd54f905b681ba41,250,0.5,0.5,2.0,1.0,0.0,0.5,1e-06,1.5,15,20260910,"[4174701728,675812752,1916301692,3879495422,366732850,2258605964,4250204421,3061955137,15]","[4174701728,675812752,1916301692,3879495422,366732850,2258605964,4250204421,3061955137,15,0]","[4174701728,675812752,1916301692,3879495422,366732850,2258605964,4250204421,3061955137,15,1]",PCG64,smoke,gamma,0.5,2.0,True,5e-07,5,0.020080321285140562,0.5414130912614017,0.5414130994214338,1.9489781582403989,1.9489781211327848,134.811861755937,4.999999987376214e-07,0.5000000098678808,0.024669701620415353,True,,0.528490246587314,-0.03922429466194572,0.37953797400332884,1.7653780563705954,True,10,0,CONVERGENCE: RELATIVE REDUCTION OF F <= FACTR*EPSMCH,3,3,3,0,1.7653780563705954,0.0,1.017653780563706e-08,pfml,True,False,3,
f8d4e4a0284815907238717ce73c66fe15dbe632869f978cfd54f905b681ba41,250,0.5,0.5,2.0,1.0,0.0,0.5,1e-06,1.5,15,20260910,"[4174701728,675812752,1916301692,3879495422,366732850,2258605964,4250204421,3061955137,15]","[4174701728,675812752,1916301692,3879495422,366732850,2258605964,4250204421,3061955137,15,0]","[4174701728,675812752,1916301692,3879495422,366732850,2258605964,4250204421,3061955137,15,1]",PCG64,smoke,gamma,0.5,2.0,True,5e-07,5,0.020080321285140562,0.5414130912614017,0.5414130994214338,1.9489781582403989,1.9489781211327848,134.811861755937,4.999999987376214e-07,0.5000000098678808,0.024669701620415353,True,,0.5056894592815651,-0.00677201866445521,0.4470791579229879,-264.0652205536353,True,12,0,CONVERGENCE: RELATIVE REDUCTION OF F <= FACTR*EPSMCH,3,3,3,0,-264.0652205536353,0.0,3.640652205536353e-08,euler,True,False,3,
f8d4e4a0284815907238717ce73c66fe15dbe632869f978cfd54f905b681ba41,250,0.5,0.5,2.0,1.0,0.0,0.5,1e-06,1.5,16,20260910,"[4174701728,675812752,1916301692,3879495422,366732850,2258605964,4250204421,3061955137,16]","[4174701728,675812752,1916301692,3879495422,366732850,2258605964,4250204421,3061955137,16,0]","[4174701728,675812752,1916301692,3879495422,366732850,2258605964,4250204421,3061955137,16,1]",PCG64,smoke,gamma,0.5,2.0,True,5e-07,2,0.008032128514056224,0.46177481644825313,0.46177482044063334,1.8734308430828372,1.8734308222707445,114.9819302897177,4.999999987376214e-07,0.5000000098678808,0.024669701620415353,True,,1.205425816136319,0.03263228851810306,0.5389443500537221,-282.5975386034693,True,10,0,CONVERGENCE: RELATIVE REDUCTION OF F <= FACTR*EPSMCH,3,3,3,2,-282.5975386034693,0.0,3.825975386034693e-08,exact,True,False,3,
f8d4e4a0284815907238717ce73c66fe15dbe632869f978cfd54f905b681ba41,250,0.5,0.5,2.0,1.0,0.0,0.5,1e-06,1.5,16,20260910,"[4174701728,675812752,1916301692,3879495422,366732850,2258605964,4250204421,3061955137,16]","[4174701728,675812752,1916301692,3879495422,366732850,2258605964,4250204421,3061955137,16,0]","[4174701728,675812752,1916301692,3879495422,366732850,2258605964,4250204421,3061955137,16,1]",PCG64,smoke,gamma,0.5,2.0,True,5e-07,2,0.008032128514056224,0.46177481644825313,0.46177482044063334,1.8734308430828372,1.8734308222707445,114.9819302897177,4.999999987376214e-07,0.5000000098678808,0.024669701620415353,True,,0.7644906777072014,-0.0007017519403333054,0.40864360926291743,-7.09175924704218,True,12,0,CONVERGENCE: RELATIVE REDUCTION OF F <= FACTR*EPSMCH,3,3,3,2,-7.09175924704218,0.0,1.0709175924704219e-08,pfml,True,False,3,
f8d4e4a0284815907238717ce73c66fe15dbe632869f978cfd54f905b681ba41,250,0.5,0.5,2.0,1.0,0.0,0.5,1e-06,1.5,16,20260910,"[4174701728,675812752,1916301692,3879495422,366732850,2258605964,4250204421,3061955137,16]","[4174701728,675812752,1916301692,3879495422,366732850,2258605964,4250204421,3061955137,16,0]","[4174701728,675812752,1916301692,3879495422,366732850,2258605964,4250204421,3061955137,16,1]",PCG64,smoke,gamma,0.5,2.0,True,5e-07,2,0.008032128514056224,0.46177481644825313,0.46177482044063334,1.8734308430828372,1.8734308222707445,114.9819302897177,4.999999987376214e-07,0.5000000098678808,0.024669701620415353,True,,0.6444859946288494,0.00858986659501762,0.47347546017426256,-267.10975067055074,True,14,0,CONVERGENCE: RELATIVE REDUCTION OF F <= FACTR*EPSMCH,3,3,3,1,-267.10975067055074,0.0,3.671097506705508e-08,euler,True,False,3,
f8d4e4a0284815907238717ce73c66fe15dbe632869f978cfd54f905b681ba41,250,0.5,0.5,2.0,1.0,0.0,0.5,1e-06,1.5,17,20260910,"[4174701728,675812752,1916301692,3879495422,366732850,2258605964,4250204421,3061955137,17]","[4174701728,675812752,1916301692,3879495422,366732850,2258605964,4250204421,3061955137,17,0]","[4174701728,675812752,1916301692,3879495422,366732850,2258605964,4250204421,3061955137,17,1]",PCG64,smoke,gamma,0.5,2.0,True,5e-07,4,0.01606425702811245,0.4332447763741483,0.4332447842573587,2.3636529557541532,2.3636529050475934,107.87795128008231,4.999999987376214e-07,0.5000000098678808,0.024669701620415353,True,,0.9074970571770082,-0.041080463403492876,0.4922888518894712,-331.2684544310046,True,13,0,CONVERGENCE: RELATIVE REDUCTION OF F <= FACTR*EPSMCH,3,3,3,0,-331.2684544310046,0.0,4.3126845443100464e-08,exact,True,False,3,
f8d4e4a0284815907238717ce73c66fe15dbe632869f978cfd54f905b681ba41,250,0.5,0.5,2.0,1.0,0.0,0.5,1e-06,1.5,17,20260910,"[4174701728,675812752,1916301692,3879495422,366732850,2258605964,4250204421,3061955137,17]","[4174701728,675812752,1916301692,3879495422,366732850,2258605964,4250204421,3061955137,17,0]","[4174701728,675812752,1916301692,3879495422,366732850,2258605964,4250204421,3061955137,17,1]",PCG64,smoke,gamma,0.5,2.0,True,5e-07,4,0.01606425702811245,0.4332447763741483,0.4332447842573587,2.3636529557541532,2.3636529050475934,107.87795128008231,4.999999987376214e-07,0.5000000098678808,0.024669701620415353,True,,0.48897231885961034,0.0019967849930372715,0.35977167223900736,-30.816597434805495,True,13,0,CONVERGENCE: RELATIVE REDUCTION OF F <= FACTR*EPSMCH,3,3,3,1,-30.816597434805495,0.0,1.308165974348055e-08,pfml,True,False,3,
f8d4e4a0284815907238717ce73c66fe15dbe632869f978cfd54f905b681ba41,250,0.5,0.5,2.0,1.0,0.0,0.5,1e-06,1.5,17,20260910,"[4174701728,675812752,1916301692,3879495422,366732850,2258605964,4250204421,3061955137,17]","[4174701728,675812752,1916301692,3879495422,366732850,2258605964,4250204421,3061955137,17,0]","[4174701728,675812752,1916301692,3879495422,366732850,2258605964,4250204421,3061955137,17,1]",PCG64,smoke,gamma,0.5,2.0,True,5e-07,4,0.01606425702811245,0.4332447763741483,0.4332447842573587,2.3636529557541532,2.3636529050475934,107.87795128008231,4.999999987376214e-07,0.5000000098678808,0.024669701620415353,True,,0.43212480906246764,-0.027557409960582965,0.44985395877982176,-319.38564502137876,True,12,0,CONVERGENCE: RELATIVE REDUCTION OF F <= FACTR*EPSMCH,3,3,3,2,-319.38564502137876,0.0,4.193856450213788e-08,euler,True,False,3,
f8d4e4a0284815907238717ce73c66fe15dbe632869f978cfd54f905b681ba41,250,0.5,0.5,2.0,1.0,0.0,0.5,1e-06,1.5,18,20260910,"[4174701728,675812752,1916301692,3879495422,366732850,2258605964,4250204421,3061955137,18]","[4174701728,675812752,1916301692,3879495422,366732850,2258605964,4250204421,3061955137,18,0]","[4174701728,675812752,1916301692,3879495422,366732850,2258605964,4250204421,3061955137,18,1]",PCG64,smoke,gamma,0.5,2.0,True,5e-07,3,0.012048192771084338,0.4621472029137732,0.46214720710138013,1.8301869042738526,1.8301868827392034,115.07465456824363,4.999999987376214e-07,0.5000000098678808,0.024669701620415353,True,,0.9012316708409409,0.043276908968947314,0.48903715988579866,-298.4511325328966,True,15,0,CONVERGENCE: RELATIVE REDUCTION OF F <= FACTR*EPSMCH,3,3,3,1,-298.4511325328966,0.0,3.984511325328966e-08,exact,True,False,3,
f8d4e4a0284815907238717ce73c66fe15dbe632869f978cfd54f905b681ba41,250,0.5,0.5,2.0,1.0,0.0,0.5,1e-06,1.5,18,20260910,"[4174701728,675812752,1916301692,3879495422,366732850,2258605964,4250204421,3061955137,18]","[4174701728,675812752,1916301692,3879495422,366732850,2258605964,4250204421,3061955137,18,0]","[4174701728,675812752,1916301692,3879495422,366732850,2258605964,4250204421,3061955137,18,1]",PCG64,smoke,gamma,0.5,2.0,True,5e-07,3,0.012048192771084338,0.4621472029137732,0.46214720710138013,1.8301869042738526,1.8301868827392034,115.07465456824363,4.999999987376214e-07,0.5000000098678808,0.024669701620415353,True,,0.5358914629867941,0.07575047029998684,0.36139375371104054,-25.774988876469543,True,14,0,CONVERGENCE: RELATIVE REDUCTION OF F <= FACTR*EPSMCH,3,3,3,1,-25.774988876469543,0.0,1.2577498887646955e-08,pfml,True,False,3,
f8d4e4a0284815907238717ce73c66fe15dbe632869f978cfd54f905b681ba41,250,0.5,0.5,2.0,1.0,0.0,0.5,1e-06,1.5,18,20260910,"[4174701728,675812752,1916301692,3879495422,366732850,2258605964,4250204421,3061955137,18]","[4174701728,675812752,1916301692,3879495422,366732850,2258605964,4250204421,3061955137,18,0]","[4174701728,675812752,1916301692,3879495422,366732850,2258605964,4250204421,3061955137,18,1]",PCG64,smoke,gamma,0.5,2.0,True,5e-07,3,0.012048192771084338,0.4621472029137732,0.46214720710138013,1.8301869042738526,1.8301868827392034,115.07465456824363,4.999999987376214e-07,0.5000000098678808,0.024669701620415353,True,,0.44144547799756,0.054643772726173524,0.4415838060694418,-284.877852783504,True,16,0,CONVERGENCE: RELATIVE REDUCTION OF F <= FACTR*EPSMCH,3,3,3,1,-284.877852783504,0.0,3.84877852783504e-08,euler,True,False,3,
f8d4e4a0284815907238717ce73c66fe15dbe632869f978cfd54f905b681ba41,250,0.5,0.5,2.0,1.0,0.0,0.5,1e-06,1.5,19,20260910,"[4174701728,675812752,1916301692,3879495422,366732850,2258605964,4250204421,3061955137,19]","[4174701728,675812752,1916301692,3879495422,366732850,2258605964,4250204421,3061955137,19,0]","[4174701728,675812752,1916301692,3879495422,366732850,2258605964,4250204421,3061955137,19,1]",PCG64,smoke,gamma,0.5,2.0,True,5e-07,6,0.024096385542168676,0.4786551428885703,0.478655150844481,2.170753036868801,2.170752993130921,119.18513256027578,4.999999987376214e-07,0.5000000098678808,0.024669701620415353,True,,0.8710915387561128,-0.00031295369002726865,0.4913393642540583,-329.4305179308062,True,12,0,CONVERGENCE: RELATIVE REDUCTION OF F <= FACTR*EPSMCH,3,3,3,0,-329.4305179308062,0.0,4.294305179308062e-08,exact,True,False,3,
f8d4e4a0284815907238717ce73c66fe15dbe632869f978cfd54f905b681ba41,250,0.5,0.5,2.0,1.0,0.0,0.5,1e-06,1.5,19,20260910,"[4174701728,675812752,1916301692,3879495422,366732850,2258605964,4250204421,3061955137,19]","[4174701728,675812752,1916301692,3879495422,366732850,2258605964,4250204421,3061955137,19,0]","[4174701728,675812752,1916301692,3879495422,366732850,2258605964,4250204421,3061955137,19,1]",PCG64,smoke,gamma,0.5,2.0,True,5e-07,6,0.024096385542168676,0.4786551428885703,0.478655150844481,2.170753036868801,2.170752993130921,119.18513256027578,4.999999987376214e-07,0.5000000098678808,0.024669701620415353,True,,0.39712138561858457,0.005327173037275146,0.340741950827205,-29.410249588230037,True,13,0,CONVERGENCE: RELATIVE REDUCTION OF F <= FACTR*EPSMCH,3,3,3,1,-29.410249588230037,0.0,1.2941024958823003e-08,pfml,True,False,3,
f8d4e4a0284815907238717ce73c66fe15dbe632869f978cfd54f905b681ba41,250,0.5,0.5,2.0,1.0,0.0,0.5,1e-06,1.5,19,20260910,"[4174701728,675812752,1916301692,3879495422,366732850,2258605964,4250204421,3061955137,19]","[4174701728,675812752,1916301692,3879495422,366732850,2258605964,4250204421,3061955137,19,0]","[4174701728,675812752,1916301692,3879495422,366732850,2258605964,4250204421,3061955137,19,1]",PCG64,smoke,gamma,0.5,2.0,True,5e-07,6,0.024096385542168676,0.4786551428885703,0.478655150844481,2.170753036868801,2.170752993130921,119.18513256027578,4.999999987376214e-07,0.5000000098678808,0.024669701620415353,True,,0.40409788857447954,-0.06688702811064086,0.44865449518554135,-315.608852085428,True,18,0,CONVERGENCE: RELATIVE REDUCTION OF F <= FACTR*EPSMCH,3,3,3,1,-315.608852085428,0.0,4.15608852085428e-08,euler,True,False,3,
d3c988ccf3b1c6f6ba26e4c48ce46e756f6cb4287b026d0c8093d233344837da,250,1.0,1.0,0.0,1.0,0.0,0.5,1e-06,1.5,0,20260910,"[3553200332,4088514294,3123111108,2363780725,1869394984,2063756556,2157171251,877148122,0]","[3553200332,4088514294,3123111108,2363780725,1869394984,2063756556,2157171251,877148122,0,0]","[3553200332,4088514294,3123111108,2363780725,1869394984,2063756556,2157171251,877148122,0,1]",PCG64,smoke,equidistant,1.0,0.0,False,0.0,0,0.0,1.0,1.0,0.0,0.0,249.0,1.0,1.0,0.0,True,,1.1495233851508888,0.019092143253188473,0.5346685392742957,80.6027314108989,True,8,0,CONVERGENCE: RELATIVE REDUCTION OF F <= FACTR*EPSMCH,3,3,3,2,80.6027314108989,0.0,1.806027314108989e-08,exact,True,False,3,
d3c988ccf3b1c6f6ba26e4c48ce46e756f6cb4287b026d0c8093d233344837da,250,1.0,1.0,0.0,1.0,0.0,0.5,1e-06,1.5,0,20260910,"[3553200332,4088514294,3123111108,2363780725,1869394984,2063756556,2157171251,877148122,0]","[3553200332,4088514294,3123111108,2363780725,1869394984,2063756556,2157171251,877148122,0,0]","[3553200332,4088514294,3123111108,2363780725,1869394984,2063756556,2157171251,877148122,0,1]",PCG64,smoke,equidistant,1.0,0.0,False,0.0,0,0.0,1.0,1.0,0.0,0.0,249.0,1.0,1.0,0.0,True,,1.1495233851508888,0.019092143253188473,0.5346685392742957,80.6027314108989,True,8,0,CONVERGENCE: RELATIVE REDUCTION OF F <= FACTR*EPSMCH,3,3,3,2,80.6027314108989,0.0,1.806027314108989e-08,pfml,True,False,3,
d3c988ccf3b1c6f6ba26e4c48ce46e756f6cb4287b026d0c8093d233344837da,250,1.0,1.0,0.0,1.0,0.0,0.5,1e-06,1.5,0,20260910,"[3553200332,4088514294,3123111108,2363780725,1869394984,2063756556,2157171251,877148122,0]","[3553200332,4088514294,3123111108,2363780725,1869394984,2063756556,2157171251,877148122,0,0]","[3553200332,4088514294,3123111108,2363780725,1869394984,2063756556,2157171251,877148122,0,1]",PCG64,smoke,equidistant,1.0,0.0,False,0.0,0,0.0,1.0,1.0,0.0,0.0,249.0,1.0,1.0,0.0,True,,0.683212289892642,0.01909214567275646,0.334461736898204,80.6027314108989,True,9,0,CONVERGENCE: RELATIVE REDUCTION OF F <= FACTR*EPSMCH,3,3,3,1,80.6027314108989,0.0,1.806027314108989e-08,euler,True,False,3,
d3c988ccf3b1c6f6ba26e4c48ce46e756f6cb4287b026d0c8093d233344837da,250,1.0,1.0,0.0,1.0,0.0,0.5,1e-06,1.5,1,20260910,"[3553200332,4088514294,3123111108,2363780725,1869394984,2063756556,2157171251,877148122,1]","[3553200332,4088514294,3123111108,2363780725,1869394984,2063756556,2157171251,877148122,1,0]","[3553200332,4088514294,3123111108,2363780725,1869394984,2063756556,2157171251,877148122,1,1]",PCG64,smoke,equidistant,1.0,0.0,False,0.0,0,0.0,1.0,1.0,0.0,0.0,249.0,1.0,1.0,0.0,True,,0.8844990118546748,0.02210690376167428,0.482802555831523,77.7168967383929,True,12,0,CONVERGENCE: RELATIVE REDUCTION OF F <= FACTR*EPSMCH,3,3,3,1,77.7168967383929,0.0,1.7771689673839292e-08,exact,True,False,3,
d3c988ccf3b1c6f6ba26e4c48ce46e756f6cb4287b026d0c8093d233344837da,250,1.0,1.0,0.0,1.0,0.0,0.5,1e-06,1.5,1,20260910,"[3553200332,4088514294,3123111108,2363780725,1869394984,2063756556,2157171251,877148122,1]","[3553200332,4088514294,3123111108,2363780725,1869394984,2063756556,2157171251,877148122,1,0]","[3553200332,4088514294,3123111108,2363780725,1869394984,2063756556,2157171251,877148122,1,1]",PCG64,smoke,equidistant,1.0,0.0,False,0.0,0,0.0,1.0,1.0,0.0,0.0,249.0,1.0,1.0,0.0,True,,0.8844990118546748,0.02210690376167428,0.482802555831523,77.7168967383929,True,12,0,CONVERGENCE: RELATIVE REDUCTION OF F <= FACTR*EPSMCH,3,3,3,1,77.7168967383929,0.0,1.7771689673839292e-08,pfml,True,False,3,
d3c988ccf3b1c6f6ba26e4c48ce46e756f6cb4287b026d0c8093d233344837da,250,1.0,1.0,0.0,1.0,0.0,0.5,1e-06,1.5,1,20260910,"[3553200332,4088514294,3123111108,2363780725,1869394984,2063756556,2157171251,877148122,1]","[3553200332,4088514294,3123111108,2363780725,1869394984,2063756556,2157171251,877148122,1,0]","[3553200332,4088514294,3123111108,2363780725,1869394984,2063756556,2157171251,877148122,1,1]",PCG64,smoke,equidistant,1.0,0.0,False,0.0,0,0.0,1.0,1.0,0.0,0.0,249.0,1.0,1.0,0.0,True,,0.587079047351098,0.022106900707044932,0.3306078052916859,77.71689673839266,True,8,0,CONVERGENCE: RELATIVE REDUCTION OF F <= FACTR*EPSMCH,3,3,3,1,77.71689673839266,0.0,1.7771689673839266e-08,euler,True,False,3,
d3c988ccf3b1c6f6ba26e4c48ce46e756f6cb4287b026d0c8093d233344837da,250,1.0,1.0,0.0,1.0,0.0,0.5,1e-06,1.5,2,20260910,"[3553200332,4088514294,3123111108,2363780725,1869394984,2063756556,2157171251,877148122,2]","[3553200332,4088514294,3123111108,2363780725,1869394984,2063756556,2157171251,877148122,2,0]","[3553200332,4088514294,3123111108,2363780725,1869394984,2063756556,2157171251,877148122,2,1]",PCG64,smoke,equidistant,1.0,0.0,False,0.0,0,0.0,1.0,1.0,0.0,0.0,249.0,1.0,1.0,0.0,True,,0.8344151460027652,0.0038558958302539292,0.48947620693211147,85.66652688623702,True,9,0,CONVERGENCE: RELATIVE REDUCTION OF F <= FACTR*EPSMCH,3,3,3,0,85.66652688623702,0.0,1.8566652688623703e-08,exact,True,False,3,
d3c988ccf3b1c6f6ba26e4c48ce46e756f6cb4287b026d0c8093d233344837da,250,1.0,1.0,0.0,1.0,0.0,0.5,1e-06,1.5,2,20260910,"[3553200332,4088514294,3123111108,2363780725,1869394984,2063756556,2157171251,877148122,2]","[3553200332,4088514294,3123111108,2363780725,1869394984,2063756556,2157171251,877148122,2,0]","[3553200332,4088514294,3123111108,2363780725,1869394984,2063756556,2157171251,877148122,2,1]",PCG64,smoke,equidistant,1.0,0.0,False,0.0,0,0.0,1.0,1.0,0.0,0.0,249.0,1.0,1.0,0.0,True,,0.8344151460027652,0.0038558958302539292,0.48947620693211147,85.66652688623702,True,9,0,CONVERGENCE: RELATIVE REDUCTION OF F <= FACTR*EPSMCH,3,3,3,0,85.66652688623702,0.0,1.8566652688623703e-08,pfml,True,False,3,
d3c988ccf3b1c6f6ba26e4c48ce46e756f6cb4287b026d0c8093d233344837da,250,1.0,1.0,0.0,1.0,0.0,0.5,1e-06,1.5,2,20260910,"[3553200332,4088514294,3123111108,2363780725,1869394984,2063756556,2157171251,877148122,2]","[3553200332,4088514294,3123111108,2363780725,1869394984,2063756556,2157171251,877148122,2,0]","[3553200332,4088514294,3123111108,2363780725,1869394984,2063756556,2157171251,877148122,2,1]",PCG64,smoke,equidistant,1.0,0.0,False,0.0,0,0.0,1.0,1.0,0.0,0.0,249.0,1.0,1.0,0.0,True,,0.5658716917813239,0.00385588926581286,0.341333164118462,85.66652688623701,True,10,0,CONVERGENCE: RELATIVE REDUCTION OF F <= FACTR*EPSMCH,3,3,3,2,85.66652688623701,0.0,1.8566652688623703e-08,euler,True,False,3,
d3c988ccf3b1c6f6ba26e4c48ce46e756f6cb4287b026d0c8093d233344837da,250,1.0,1.0,0.0,1.0,0.0,0.5,1e-06,1.5,3,20260910,"[3553200332,4088514294,3123111108,2363780725,1869394984,2063756556,2157171251,877148122,3]","[3553200332,4088514294,3123111108,2363780725,1869394984,2063756556,2157171251,877148122,3,0]","[3553200332,4088514294,3123111108,2363780725,1869394984,2063756556,2157171251,877148122,3,1]",PCG64,smoke,equidistant,1.0,0.0,False,0.0,0,0.0,1.0,1.0,0.0,0.0,249.0,1.0,1.0,0.0,True,,0.9800888126036518,0.030628715621001713,0.4927777498667803,74.4081110657377,True,10,0,CONVERGENCE: RELATIVE REDUCTION OF F <= FACTR*EPSMCH,3,3,3,2,74.4081110657377,0.0,1.744081110657377e-08,exact,True,False,3,
d3c988ccf3b1c6f6ba26e4c48ce46e756f6cb4287b026d0c8093d233344837da,250,1.0,1.0,0.0,1.0,0.0,0.5,1e-06,1.5,3,20260910,"[3553200332,4088514294,3123111108,2363780725,1869394984,2063756556,2157171251,877148122,3]","[3553200332,4088514294,3123111108,2363780725,1869394984,2063756556,2157171251,877148122,3,0]","[3553200332,4088514294,3123111108,2363780725,1869394984,2063756556,2157171251,877148122,3,1]",PCG64,smoke,equidistant,1.0,0.0,False,0.0,0,0.0,1.0,1.0,0.0,0.0,249.0,1.0,1.0,0.0,True,,0.9800888126036518,0.030628715621001713,0.4927777498667803,74.4081110657377,True,10,0,CONVERGENCE: RELATIVE REDUCTION OF F <= FACTR*EPSMCH,3,3,3,2,74.4081110657377,0.0,1.744081110657377e-08,pfml,True,False,3,
d3c988ccf3b1c6f6ba26e4c48ce46e756f6cb4287b026d0c8093d233344837da,250,1.0,1.0,0.0,1.0,0.0,0.5,1e-06,1.5,3,20260910,"[3553200332,4088514294,3123111108,2363780725,1869394984,2063756556,2157171251,877148122,3]","[3553200332,4088514294,3123111108,2363780725,1869394984,2063756556,2157171251,877148122,3,0]","[3553200332,4088514294,3123111108,2363780725,1869394984,2063756556,2157171251,877148122,3,1]",PCG64,smoke,equidistant,1.0,0.0,False,0.0,0,0.0,1.0,1.0,0.0,0.0,249.0,1.0,1.0,0.0,True,,0.6247222586674169,0.030628719221012898,0.326243651428975,74.40811106573756,True,11,0,CONVERGENCE: RELATIVE REDUCTION OF F <= FACTR*EPSMCH,3,3,3,2,74.40811106573756,0.0,1.7440811106573758e-08,euler,True,False,3,
d3c988ccf3b1c6f6ba26e4c48ce46e756f6cb4287b026d0c8093d233344837da,250,1.0,1.0,0.0,1.0,0.0,0.5,1e-06,1.5,4,20260910,"[3553200332,4088514294,3123111108,2363780725,1869394984,2063756556,2157171251,877148122,4]","[3553200332,4088514294,3123111108,2363780725,1869394984,2063756556,2157171251,877148122,4,0]","[3553200332,4088514294,3123111108,2363780725,1869394984,2063756556,2157171251,877148122,4,1]",PCG64,smoke,equidistant,1.0,0.0,False,0.0,0,0.0,1.0,1.0,0.0,0.0,249.0,1.0,1.0,0.0,True,,0.9480337868009142,0.019041555844936404,0.49142449218647105,76.50479022225451,True,9,0,CONVERGENCE: RELATIVE REDUCTION OF F <= FACTR*EPSMCH,3,3,3,0,76.50479022225451,0.0,1.765047902222545e-08,exact,True,False,3,
d3c988ccf3b1c6f6ba26e4c48ce46e756f6cb4287b026d0c8093d233344837da,250,1.0,1.0,0.0,1.0,0.0,0.5,1e-06,1.5,4,20260910,"[3553200332,4088514294,3123111108,2363780725,1869394984,2063756556,2157171251,877148122,4]","[3553200332,4088514294,3123111108,2363780725,1869394984,2063756556,2157171251,877148122,4,0]","[3553200332,4088514294,3123111108,2363780725,1869394984,2063756556,2157171251,877148122,4,1]",PCG64,smoke,equidistant,1.0,0.0,False,0.0,0,0.0,1.0,1.0,0.0,0.0,249.0,1.0,1.0,0.0,True,,0.9480337868009142,0.019041555844936404,0.49142449218647105,76.50479022225451,True,9,0,CONVERGENCE: RELATIVE REDUCTION OF F <= FACTR*EPSMCH,3,3,3,0,76.50479022225451,0.0,1.765047902222545e-08,pfml,True,False,3,
d3c988ccf3b1c6f6ba26e4c48ce46e756f6cb4287b026d0c8093d233344837da,250,1.0,1.0,0.0,1.0,0.0,0.5,1e-06,1.5,4,20260910,"[3553200332,4088514294,3123111108,2363780725,1869394984,2063756556,2157171251,877148122,4]","[3553200332,4088514294,3123111108,2363780725,1869394984,2063756556,2157171251,877148122,4,0]","[3553200332,4088514294,3123111108,2363780725,1869394984,2063756556,2157171251,877148122,4,1]",PCG64,smoke,equidistant,1.0,0.0,False,0.0,0,0.0,1.0,1.0,0.0,0.0,249.0,1.0,1.0,0.0,True,,0.6124978245344268,0.019041565819494344,0.32900235335166284,76.50479022225448,True,9,0,CONVERGENCE: RELATIVE REDUCTION OF F <= FACTR*EPSMCH,3,3,3,2,76.50479022225448,0.0,1.765047902222545e-08,euler,True,False,3,
d3c988ccf3b1c6f6ba26e4c48ce46e756f6cb4287b026d0c8093d233344837da,250,1.0,1.0,0.0,1.0,0.0,0.5,1e-06,1.5,5,20260910,"[3553200332,4088514294,3123111108,2363780725,1869394984,2063756556,2157171251,877148122,5]","[3553200332,4088514294,3123111108,2363780725,1869394984,2063756556,2157171251,877148122,5,0]","[3553200332,4088514294,3123111108,2363780725,1869394984,2063756556,2157171251,877148122,5,1]",PCG64,smoke,equidistant,1.0,0.0,False,0.0,0,0.0,1.0,1.0,0.0,0.0,249.0,1.0,1.0,0.0,True,,0.8139642981436818,-0.011675361930546262,0.4545452064677827,69.1073408136333,True,8,0,CONVERGENCE: RELATIVE REDUCTION OF F <= FACTR*EPSMCH,3,3,3,0,69.1073408136333,0.0,1.691073408136333e-08,exact,True,False,3,
d3c988ccf3b1c6f6ba26e4c48ce46e756f6cb4287b026d0c8093d233344837da,250,1.0,1.0,0.0,1.0,0.0,0.5,1e-06,1.5,5,20260910,"[3553200332,4088514294,3123111108,2363780725,1869394984,2063756556,2157171251,877148122,5]","[3553200332,4088514294,3123111108,2363780725,1869394984,2063756556,2157171251,877148122,5,0]","[3553200332,4088514294,3123111108,2363780725,1869394984,2063756556,2157171251,877148122,5,1]",PCG64,smoke,equidistant,1.0,0.0,False,0.0,0,0.0,1.0,1.0,0.0,0.0,249.0,1.0,1.0,0.0,True,,0.8139642981436818,-0.011675361930546262,0.4545452064677827,69.1073408136333,True,8,0,CONVERGENCE: RELATIVE REDUCTION OF F <= FACTR*EPSMCH,3,3,3,0,69.1073408136333,0.0,1.691073408136333e-08,pfml,True,False,3,
d3c988ccf3b1c6f6ba26e4c48ce46e756f6cb4287b026d0c8093d233344837da,250,1.0,1.0,0.0,1.0,0.0,0.5,1e-06,1.5,5,20260910,"[3553200332,4088514294,3123111108,2363780725,1869394984,2063756556,2157171251,877148122,5]","[3553200332,4088514294,3123111108,2363780725,1869394984,2063756556,2157171251,877148122,5,0]","[3553200332,4088514294,3123111108,2363780725,1869394984,2063756556,2157171251,877148122,5,1]",PCG64,smoke,equidistant,1.0,0.0,False,0.0,0,0.0,1.0,1.0,0.0,0.0,249.0,1.0,1.0,0.0,True,,0.5569019994455274,-0.011675352274896276,0.31937190514993585,69.10734081363321,True,9,0,CONVERGENCE: RELATIVE REDUCTION OF F <= FACTR*EPSMCH,3,3,3,2,69.10734081363321,0.0,1.691073408136332e-08,euler,True,False,3,
d3c988ccf3b1c6f6ba26e4c48ce46e756f6cb4287b026d0c8093d233344837da,250,1.0,1.0,0.0,1.0,0.0,0.5,1e-06,1.5,6,20260910,"[3553200332,4088514294,3123111108,2363780725,1869394984,2063756556,2157171251,877148122,6]","[3553200332,4088514294,3123111108,2363780725,1869394984,2063756556,2157171251,877148122,6,0]","[3553200332,4088514294,3123111108,2363780725,1869394984,2063756556,2157171251,877148122,6,1]",PCG64,smoke,equidistant,1.0,0.0,False,0.0,0,0.0,1.0,1.0,0.0,0.0,249.0,1.0,1.0,0.0,True,,1.063174358009322,0.08303429665920008,0.5134922240331814,77.61623258286224,True,11,0,CONVERGENCE: RELATIVE REDUCTION OF F <= FACTR*EPSMCH,3,3,3,1,77.61623258286224,0.0,1.7761623258286226e-08,exact,True,False,3,
d3c988ccf3b1c6f6ba26e4c48ce46e756f6cb4287b026d0c8093d233344837da,250,1.0,1.0,0.0,1.0,0.0,0.5,1e-06,1.5,6,20260910,"[3553200332,4088514294,3123111108,2363780725,1869394984,2063756556,2157171251,877148122,6]","[3553200332,4088514294,3123111108,2363780725,1869394984,2063756556,2157171251,877148122,6,0]","[3553200332,4088514294,3123111108,2363780725,1869394984,2063756556,2157171251,877148122,6,1]",PCG64,smoke,equidistant,1.0,0.0,False,0.0,0,0.0,1.0,1.0,0.0,0.0,249.0,1.0,1.0,0.0,True,,1.063174358009322,0.08303429665920008,0.5134922240331814,77.61623258286224,True,11,0,CONVERGENCE: RELATIVE REDUCTION OF F <= FACTR*EPSMCH,3,3,3,1,77.61623258286224,0.0,1.7761623258286226e-08,pfml,True,False,3,
d3c988ccf3b1c6f6ba26e4c48ce46e756f6cb4287b026d0c8093d233344837da,250,1.0,1.0,0.0,1.0,0.0,0.5,1e-06,1.5,6,20260910,"[3553200332,4088514294,3123111108,2363780725,1869394984,2063756556,2157171251,877148122,6]","[3553200332,4088514294,3123111108,2363780725,1869394984,2063756556,2157171251,877148122,6,0]","[3553200332,4088514294,3123111108,2363780725,1869394984,2063756556,2157171251,877148122,6,1]",PCG64,smoke,equidistant,1.0,0.0,False,0.0,0,0.0,1.0,1.0,0.0,0.0,249.0,1.0,1.0,0.0,True,,0.6546422227238156,0.08303429810589873,0.3304741750033421,77.61623258286227,True,9,0,CONVERGENCE: RELATIVE REDUCTION OF F <= FACTR*EPSMCH,3,3,3,1,77.61623258286227,0.0,1.7761623258286226e-08,euler,True,False,3,
d3c988ccf3b1c6f6ba26e4c48ce46e756f6cb4287b026d0c8093d233344837da,250,1.0,1.0,0.0,1.0,0.0,0.5,1e-06,1.5,7,20260910,"[3553200332,4088514294,3123111108,2363780725,1869394984,2063756556,2157171251,877148122,7]","[3553200332,4088514294,3123111108,2363780725,1869394984,2063756556,2157171251,877148122,7,0]","[3553200332,4088514294,3123111108,2363780725,1869394984,2063756556,2157171251,877148122,7,1]",PCG64,smoke,equidistant,1.0,0.0,False,0.0,0,0.0,1.0,1.0,0.0,0.0,249.0,1.0,1.0,0.0,True,,0.8714210140476031,0.05422889767641526,0.49229842709718513,83.74127473749822,True,11,0,CONVERGENCE: RELATIVE REDUCTION OF F <= FACTR*EPSMCH,3,3,3,1,83.74127473749822,0.0,1.8374127473749823e-08,exact,True,False,3,
d3c988ccf3b1c6f6ba26e4c48ce46e756f6cb4287b026d0c8093d233344837da,250,1.0,1.0,0.0,1.0,0.0,0.5,1e-06,1.5,7,20260910,"[3553200332,4088514294,3123111108,2363780725,1869394984,2063756556,2157171251,877148122,7]","[3553200332,4088514294,3123111108,2363780725,1869394984,2063756556,2157171251,877148122,7,0]","[3553200332,4088514294,3123111108,2363780725,1869394984,2063756556,2157171251,877148122,7,1]",PCG64,smoke,equidistant,1.0,0.0,False,0.0,0,0.0,1.0,1.0,0.0,0.0,249.0,1.0,1.0,0.0,True,,0.8714210140476031,0.05422889767641526,0.49229842709718513,83.74127473749822,True,11,0,CONVERGENCE: RELATIVE REDUCTION OF F <= FACTR*EPSMCH,3,3,3,1,83.74127473749822,0.0,1.8374127473749823e-08,pfml,True,False,3,
d3c988ccf3b1c6f6ba26e4c48ce46e756f6cb4287b026d0c8093d233344837da,250,1.0,1.0,0.0,1.0,0.0,0.5,1e-06,1.5,7,20260910,"[3553200332,4088514294,3123111108,2363780725,1869394984,2063756556,2157171251,877148122,7]","[3553200332,4088514294,3123111108,2363780725,1869394984,2063756556,2157171251,877148122,7,0]","[3553200332,4088514294,3123111108,2363780725,1869394984,2063756556,2157171251,877148122,7,1]",PCG64,smoke,equidistant,1.0,0.0,False,0.0,0,0.0,1.0,1.0,0.0,0.0,249.0,1.0,1.0,0.0,True,,0.5816433551324582,0.05422889852308589,0.33870417255030794,83.74127473749822,True,8,0,CONVERGENCE: RELATIVE REDUCTION OF F <= FACTR*EPSMCH,3,3,3,1,83.74127473749822,0.0,1.8374127473749823e-08,euler,True,False,3,
d3c988ccf3b1c6f6ba26e4c48ce46e756f6cb4287b026d0c8093d233344837da,250,1.0,1.0,0.0,1.0,0.0,0.5,1e-06,1.5,8,20260910,"[3553200332,4088514294,3123111108,2363780725,1869394984,2063756556,2157171251,877148122,8]","[3553200332,4088514294,3123111108,2363780725,1869394984,2063756556,2157171251,877148122,8,0]","[3553200332,4088514294,3123111108,2363780725,1869394984,2063756556,2157171251,877148122,8,1]",PCG64,smoke,equidistant,1.0,0.0,False,0.0,0,0.0,1.0,1.0,0.0,0.0,249.0,1.0,1.0,0.0,True,,0.8290393255821821,-0.06259931770485089,0.48285249694493027,82.76575705161272,True,11,0,CONVERGENCE: RELATIVE REDUCTION OF F <= FACTR*EPSMCH,3,3,3,1,82.76575705161272,0.0,1.8276575705161274e-08,exact,True,False,3,
d3c988ccf3b1c6f6ba26e4c48ce46e756f6cb4287b026d0c8093d233344837da,250,1.0,1.0,0.0,1.0,0.0,0.5,1e-06,1.5,8,20260910,"[3553200332,4088514294,3123111108,2363780725,1869394984,2063756556,2157171251,877148122,8]","[3553200332,4088514294,3123111108,2363780725,1869394984,2063756556,2157171251,877148122,8,0]","[3553200332,4088514294,3123111108,2363780725,1869394984,2063756556,2157171251,877148122,8,1]",PCG64,smoke,equidistant,1.0,0.0,False,0.0,0,0.0,1.0,1.0,0.0,0.0,249.0,1.0,1.0,0.0,True,,0.8290393255821821,-0.06259931770485089,0.48285249694493027,82.76575705161272,True,11,0,CONVERGENCE: RELATIVE REDUCTION OF F <= FACTR*EPSMCH,3,3,3,1,82.76575705161272,0.0,1.8276575705161274e-08,pfml,True,False,3,
d3c988ccf3b1c6f6ba26e4c48ce46e756f6cb4287b026d0c8093d233344837da,250,1.0,1.0,0.0,1.0,0.0,0.5,1e-06,1.5,8,20260910,"[3553200332,4088514294,3123111108,2363780725,1869394984,2063756556,2157171251,877148122,8]","[3553200332,4088514294,3123111108,2363780725,1869394984,2063756556,2157171251,877148122,8,0]","[3553200332,4088514294,3123111108,2363780725,1869394984,2063756556,2157171251,877148122,8,1]",PCG64,smoke,equidistant,1.0,0.0,False,0.0,0,0.0,1.0,1.0,0.0,0.0,249.0,1.0,1.0,0.0,True,,0.5635316031663365,-0.0625993187160055,0.3373798091095884,82.76575705161281,True,9,0,CONVERGENCE: RELATIVE REDUCTION OF F <= FACTR*EPSMCH,3,3,3,0,82.76575705161281,0.0,1.827657570516128e-08,euler,True,False,3,
d3c988ccf3b1c6f6ba26e4c48ce46e756f6cb4287b026d0c8093d233344837da,250,1.0,1.0,0.0,1.0,0.0,0.5,1e-06,1.5,9,20260910,"[3553200332,4088514294,3123111108,2363780725,1869394984,2063756556,2157171251,877148122,9]","[3553200332,4088514294,3123111108,2363780725,1869394984,2063756556,2157171251,877148122,9,0]","[3553200332,4088514294,3123111108,2363780725,1869394984,2063756556,2157171251,877148122,9,1]",PCG64,smoke,equidistant,1.0,0.0,False,0.0,0,0.0,1.0,1.0,0.0,0.0,249.0,1.0,1.0,0.0,True,,1.1870089449614434,0.043480083022861736,0.5179898753656488,69.71557976777481,True,11,0,CONVERGENCE: RELATIVE REDUCTION OF F <= FACTR*EPSMCH,3,3,3,1,69.71557976777481,0.0,1.6971557976777483e-08,exact,True,False,3,
d3c988ccf3b1c6f6ba26e4c48ce46e756f6cb4287b026d0c8093d233344837da,250,1.0,1.0,0.0,1.0,0.0,0.5,1e-06,1.5,9,20260910,"[3553200332,4088514294,3123111108,2363780725,1869394984,2063756556,2157171251,877148122,9]","[3553200332,4088514294,3123111108,2363780725,1869394984,2063756556,2157171251,877148122,9,0]","[3553200332,4088514294,3123111108,2363780725,1869394984,2063756556,2157171251,877148122,9,1]",PCG64,smoke,equidistant,1.0,0.0,False,0.0,0,0.0,1.0,1.0,0.0,0.0,249.0,1.0,1.0,0.0,True,,1.1870089449614434,0.043480083022861736,0.5179898753656488,69.71557976777481,True,11,0,CONVERGENCE: RELATIVE REDUCTION OF F <= FACTR*EPSMCH,3,3,3,1,69.71557976777481,0.0,1.6971557976777483e-08,pfml,True,False,3,
d3c988ccf3b1c6f6ba26e4c48ce46e756f6cb4287b026d0c8093d233344837da,250,1.0,1.0,0.0,1.0,0.0,0.5,1e-06,1.5,9,20260910,"[3553200332,4088514294,3123111108,2363780725,1869394984,2063756556,2157171251,877148122,9]","[3553200332,4088514294,3123111108,2363780725,1869394984,2063756556,2157171251,877148122,9,0]","[3553200332,4088514294,3123111108,2363780725,1869394984,2063756556,2157171251,877148122,9,1]",PCG64,smoke,equidistant,1.0,0.0,False,0.0,0,0.0,1.0,1.0,0.0,0.0,249.0,1.0,1.0,0.0,True,,0.6948674489787183,0.04348008366213444,0.32015299534308,69.71557976777478,True,11,0,CONVERGENCE: RELATIVE REDUCTION OF F <= FACTR*EPSMCH,3,3,3,0,69.71557976777478,0.0,1.697155797677748e-08,euler,True,False,3,
d3c988ccf3b1c6f6ba26e4c48ce46e756f6cb4287b026d0c8093d233344837da,250,1.0,1.0,0.0,1.0,0.0,0.5,1e-06,1.5,10,20260910,"[3553200332,4088514294,3123111108,2363780725,1869394984,2063756556,2157171251,877148122,10]","[3553200332,4088514294,3123111108,2363780725,1869394984,2063756556,2157171251,877148122,10,0]","[3553200332,4088514294,3123111108,2363780725,1869394984,2063756556,2157171251,877148122,10,1]",PCG64,smoke,equidistant,1.0,0.0,False,0.0,0,0.0,1.0,1.0,0.0,0.0,249.0,1.0,1.0,0.0,True,,1.7217881207896952,-0.015649828429539308,0.5888433419648877,63.458218326986795,True,12,0,CONVERGENCE: RELATIVE REDUCTION OF F <= FACTR*EPSMCH,3,3,3,1,63.458218326986795,0.0,1.634582183269868e-08,exact,True,False,3,
d3c988ccf3b1c6f6ba26e4c48ce46e756f6cb4287b026d0c8093d233344837da,250,1.0,1.0,0.0,1.0,0.0,0.5,1e-06,1.5,10,20260910,"[3553200332,4088514294,3123111108,2363780725,1869394984,2063756556,2157171251,877148122,10]","[3553200332,4088514294,3123111108,2363780725,1869394984,2063756556,2157171251,877148122,10,0]","[3553200332,4088514294,3123111108,2363780725,1869394984,2063756556,2157171251,877148122,10,1]",PCG64,smoke,equidistant,1.0,0.0,False,0.0,0,0.0,1.0,1.0,0.0,0.0,249.0,1.0,1.0,0.0,True,,1.7217881207896952,-0.015649828429539308,0.5888433419648877,63.458218326986795,True,12,0,CONVERGENCE: RELATIVE REDUCTION OF F <= FACTR*EPSMCH,3,3,3,1,63.458218326986795,0.0,1.634582183269868e-08,pfml,True,False,3,
d3c988ccf3b1c6f6ba26e4c48ce46e756f6cb4287b026d0c8093d233344837da,250,1.0,1.0,0.0,1.0,0.0,0.5,1e-06,1.5,10,20260910,"[3553200332,4088514294,3123111108,2363780725,1869394984,2063756556,2157171251,877148122,10]","[3553200332,4088514294,3123111108,2363780725,1869394984,2063756556,2157171251,877148122,10,0]","[3553200332,4088514294,3123111108,2363780725,1869394984,2063756556,2157171251,877148122,10,1]",PCG64,smoke,equidistant,1.0,0.0,False,0.0,0,0.0,1.0,1.0,0.0,0.0,249.0,1.0,1.0,0.0,True,,0.8212537060298087,-0.0156498294077903,0.31220780631831063,63.458218326986916,True,9,0,CONVERGENCE: RELATIVE REDUCTION OF F <= FACTR*EPSMCH,3,3,3,1,63.458218326986916,0.0,1.6345821832698693e-08,euler,True,False,3,
d3c988ccf3b1c6f6ba26e4c48ce46e756f6cb4287b026d0c8093d233344837da,250,1.0,1.0,0.0,1.0,0.0,0.5,1e-06,1.5,11,20260910,"[3553200332,4088514294,3123111108,2363780725,1869394984,2063756556,2157171251,877148122,11]","[3553200332,4088514294,3123111108,2363780725,1869394984,2063756556,2157171251,877148122,11,0]","[3553200332,4088514294,3123111108,2363780725,1869394984,2063756556,2157171251,877148122,11,1]",PCG64,smoke,equidistant,1.0,0.0,False,0.0,0,0.0,1.0,1.0,0.0,0.0,249.0,1.0,1.0,0.0,True,,0.9521573212598212,-0.031690277002112834,0.493652905332204,77.27154654372224,True,9,0,CONVERGENCE: RELATIVE REDUCTION OF F <= FACTR*EPSMCH,3,3,3,0,77.27154654372224,0.0,1.7727154654372226e-08,exact,True,False,3,
d3c988ccf3b1c6f6ba26e4c48ce46e756f6cb4287b026d0c8093d233344837da,250,1.0,1.0,0.0,1.0,0.0,0.5,1e-06,1.5,11,20260910,"[3553200332,4088514294,3123111108,2363780725,1869394984,2063756556,2157171251,877148122,11]","[3553200332,4088514294,3123111108,2363780725,1869394984,2063756556,2157171251,877148122,11,0]","[3553200332,4088514294,3123111108,2363780725,1869394984,2063756556,2157171251,877148122,11,1]",PCG64,smoke,equidistant,1.0,0.0,False,0.0,0,0.0,1.0,1.0,0.0,0.0,249.0,1.0,1.0,0.0,True,,0.9521573212598212,-0.031690277002112834,0.493652905332204,77.27154654372224,True,9,0,CONVERGENCE: RELATIVE REDUCTION OF F <= FACTR*EPSMCH,3,3,3,0,77.27154654372224,0.0,1.7727154654372226e-08,pfml,True,False,3,
d3c988ccf3b1c6f6ba26e4c48ce46e756f6cb4287b026d0c8093d233344837da,250,1.0,1.0,0.0,1.0,0.0,0.5,1e-06,1.5,11,20260910,"[3553200332,4088514294,3123111108,2363780725,1869394984,2063756556,2157171251,877148122,11]","[3553200332,4088514294,3123111108,2363780725,1869394984,2063756556,2157171251,877148122,11,0]","[3553200332,4088514294,3123111108,2363780725,1869394984,2063756556,2157171251,877148122,11,1]",PCG64,smoke,equidistant,1.0,0.0,False,0.0,0,0.0,1.0,1.0,0.0,0.0,249.0,1.0,1.0,0.0,True,,0.6140923926696835,-0.031690278323999635,0.33001702219251244,77.27154654372228,True,10,0,CONVERGENCE: RELATIVE REDUCTION OF F <= FACTR*EPSMCH,3,3,3,2,77.27154654372228,0.0,1.7727154654372226e-08,euler,True,False,3,
d3c988ccf3b1c6f6ba26e4c48ce46e756f6cb4287b026d0c8093d233344837da,250,1.0,1.0,0.0,1.0,0.0,0.5,1e-06,1.5,12,20260910,"[3553200332,4088514294,3123111108,2363780725,1869394984,2063756556,2157171251,877148122,12]","[3553200332,4088514294,3123111108,2363780725,1869394984,2063756556,2157171251,877148122,12,0]","[3553200332,4088514294,3123111108,2363780725,1869394984,2063756556,2157171251,877148122,12,1]",PCG64,smoke,equidistant,1.0,0.0,False,0.0,0,0.0,1.0,1.0,0.0,0.0,249.0,1.0,1.0,0.0,True,,1.2262637092628121,-0.06619295707064178,0.5254295196251885,70.17715608490911,True,8,0,CONVERGENCE: RELATIVE REDUCTION OF F <= FACTR*EPSMCH,3,3,3,0,70.17715608490911,0.0,1.7017715608490912e-08,exact,True,False,3,
d3c988ccf3b1c6f6ba26e4c48ce46e756f6cb4287b026d0c8093d233344837da,250,1.0,1.0,0.0,1.0,0.0,0.5,1e-06,1.5,12,20260910,"[3553200332,4088514294,3123111108,2363780725,1869394984,2063756556,2157171251,877148122,12]","[3553200332,4088514294,3123111108,2363780725,1869394984,2063756556,2157171251,877148122,12,0]","[3553200332,4088514294,3123111108,2363780725,1869394984,2063756556,2157171251,877148122,12,1]",PCG64,smoke,equidistant,1.0,0.0,False,0.0,0,0.0,1.0,1.0,0.0,0.0,249.0,1.0,1.0,0.0,True,,1.2262637092628121,-0.06619295707064178,0.5254295196251885,70.17715608490911,True,8,0,CONVERGENCE: RELATIVE REDUCTION OF F <= FACTR*EPSMCH,3,3,3,0,70.17715608490911,0.0,1.7017715608490912e-08,pfml,True,False,3,
d3c988ccf3b1c6f6ba26e4c48ce46e756f6cb4287b026d0c8093d233344837da,250,1.0,1.0,0.0,1.0,0.0,0.5,1e-06,1.5,12,20260910,"[3553200332,4088514294,3123111108,2363780725,1869394984,2063756556,2157171251,877148122,12]","[3553200332,4088514294,3123111108,2363780725,1869394984,2063756556,2157171251,877148122,12,0]","[3553200332,4088514294,3123111108,2363780725,1869394984,2063756556,2157171251,877148122,12,1]",PCG64,smoke,equidistant,1.0,0.0,False,0.0,0,0.0,1.0,1.0,0.0,0.0,249.0,1.0,1.0,0.0,True,,0.7066132873042376,-0.06619294875180343,0.3207470182726283,70.17715608490902,True,11,0,CONVERGENCE: RELATIVE REDUCTION OF F <= FACTR*EPSMCH,3,3,3,2,70.17715608490902,0.0,1.7017715608490902e-08,euler,True,False,3,
d3c988ccf3b1c6f6ba26e4c48ce46e756f6cb4287b026d0c8093d233344837da,250,1.0,1.0,0.0,1.0,0.0,0.5,1e-06,1.5,13,20260910,"[3553200332,4088514294,3123111108,2363780725,1869394984,2063756556,2157171251,877148122,13]","[3553200332,4088514294,3123111108,2363780725,1869394984,2063756556,2157171251,877148122,13,0]","[3553200332,4088514294,3123111108,2363780725,1869394984,2063756556,2157171251,877148122,13,1]",PCG64,smoke,equidistant,1.0,0.0,False,0.0,0,0.0,1.0,1.0,0.0,0.0,249.0,1.0,1.0,0.0,True,,1.0467057636691908,-0.015225585374156856,0.5155936069521804,80.01088211426581,True,12,0,CONVERGENCE: RELATIVE REDUCTION OF F <= FACTR*EPSMCH,3,3,3,1,80.01088211426581,0.0,1.8001088211426582e-08,exact,True,False,3,
d3c988ccf3b1c6f6ba26e4c48ce46e756f6cb4287b026d0c8093d233344837da,250,1.0,1.0,0.0,1.0,0.0,0.5,1e-06,1.5,13,20260910,"[3553200332,4088514294,3123111108,2363780725,1869394984,2063756556,2157171251,877148122,13]","[3553200332,4088514294,3123111108,2363780725,1869394984,2063756556,2157171251,877148122,13,0]","[3553200332,4088514294,3123111108,2363780725,1869394984,2063756556,2157171251,877148122,13,1]",PCG64,smoke,equidistant,1.0,0.0,False,0.0,0,0.0,1.0,1.0,0.0,0.0,249.0,1.0,1.0,0.0,True,,1.0467057636691908,-0.015225585374156856,0.5155936069521804,80.01088211426581,True,12,0,CONVERGENCE: RELATIVE REDUCTION OF F <= FACTR*EPSMCH,3,3,3,1,80.01088211426581,0.0,1.8001088211426582e-08,pfml,True,False,3,
d3c988ccf3b1c6f6ba26e4c48ce46e756f6cb4287b026d0c8093d233344837da,250,1.0,1.0,0.0,1.0,0.0,0.5,1e-06,1.5,13,20260910,"[3553200332,4088514294,3123111108,2363780725,1869394984,2063756556,2157171251,877148122,13]","[3553200332,4088514294,3123111108,2363780725,1869394984,2063756556,2157171251,877148122,13,0]","[3553200332,4088514294,3123111108,2363780725,1869394984,2063756556,2157171251,877148122,13,1]",PCG64,smoke,equidistant,1.0,0.0,False,0.0,0,0.0,1.0,1.0,0.0,0.0,249.0,1.0,1.0,0.0,True,,0.6489075518193141,-0.015225586544366254,0.3336677008393495,80.01088211426583,True,10,0,CONVERGENCE: RELATIVE REDUCTION OF F <= FACTR*EPSMCH,3,3,3,2,80.01088211426583,0.0,1.8001088211426582e-08,euler,True,False,3,
d3c988ccf3b1c6f6ba26e4c48ce46e756f6cb4287b026d0c8093d233344837da,250,1.0,1.0,0.0,1.0,0.0,0.5,1e-06,1.5,14,20260910,"[3553200332,4088514294,3123111108,2363780725,1869394984,2063756556,2157171251,877148122,14]","[3553200332,4088514294,3123111108,2363780725,1869394984,2063756556,2157171251,877148122,14,0]","[3553200332,4088514294,3123111108,2363780725,1869394984,2063756556,2157171251,877148122,14,1]",PCG64,smoke,equidistant,1.0,0.0,False,0.0,0,0.0,1.0,1.0,0.0,0.0,249.0,1.0,1.0,0.0,True,,0.7630689990381553,-0.011257638603488267,0.49323425282494043,94.18360836150886,True,7,0,CONVERGENCE: RELATIVE REDUCTION OF F <= FACTR*EPSMCH,3,3,3,0,94.18360836150886,0.0,1.9418360836150888e-08,exact,True,False,3,
d3c988ccf3b1c6f6ba26e4c48ce46e756f6cb4287b026d0c8093d233344837da,250,1.0,1.0,0.0,1.0,0.0,0.5,1e-06,1.5,14,20260910,"[3553200332,4088514294,3123111108,2363780725,1869394984,2063756556,2157171251,877148122,14]","[3553200332,4088514294,3123111108,2363780725,1869394984,2063756556,2157171251,877148122,14,0]","[3553200332,4088514294,3123111108,2363780725,1869394984,2063756556,2157171251,877148122,14,1]",PCG64,smoke,equidistant,1.0,0.0,False,0.0,0,0.0,1.0,1.0,0.0,0.0,249.0,1.0,1.0,0.0,True,,0.7630689990381553,-0.011257638603488267,0.49323425282494043,94.18360836150886,True,7,0,CONVERGENCE: RELATIVE REDUCTION OF F <= FACTR*EPSMCH,3,3,3,0,94.18360836150886,0.0,1.9418360836150888e-08,pfml,True,False,3,
d3c988ccf3b1c6f6ba26e4c48ce46e756f6cb4287b026d0c8093d233344837da,250,1.0,1.0,0.0,1.0,0.0,0.5,1e-06,1.5,14,20260910,"[3553200332,4088514294,3123111108,2363780725,1869394984,2063756556,2157171251,877148122,14]","[3553200332,4088514294,3123111108,2363780725,1869394984,2063756556,2157171251,877148122,14,0]","[3553200332,4088514294,3123111108,2363780725,1869394984,2063756556,2157171251,877148122,14,1]",PCG64,smoke,equidistant,1.0,0.0,False,0.0,0,0.0,1.0,1.0,0.0,0.0,249.0,1.0,1.0,0.0,True,,0.5337666471168877,-0.011257630983978676,0.3532104897484562,94.18360836150873,True,10,0,CONVERGENCE: RELATIVE REDUCTION OF F <= FACTR*EPSMCH,3,3,3,1,94.18360836150873,0.0,1.9418360836150875e-08,euler,True,False,3,
d3c988ccf3b1c6f6ba26e4c48ce46e756f6cb4287b026d0c8093d233344837da,250,1.0,1.0,0.0,1.0,0.0,0.5,1e-06,1.5,15,20260910,"[3553200332,4088514294,3123111108,2363780725,1869394984,2063756556,2157171251,877148122,15]","[3553200332,4088514294,3123111108,2363780725,1869394984,2063756556,2157171251,877148122,15,0]","[3553200332,4088514294,3123111108,2363780725,1869394984,2063756556,2157171251,877148122,15,1]",PCG64,smoke,equidistant,1.0,0.0,False,0.0,0,0.0,1.0,1.0,0.0,0.0,249.0,1.0,1.0,0.0,True,,1.0450306915220953,0.027036763468932818,0.49619337088353915,70.60159303901213,True,11,0,CONVERGENCE: RELATIVE REDUCTION OF F <= FACTR*EPSMCH,3,3,3,1,70.60159303901213,0.0,1.7060159303901213e-08,exact,True,False,3,
d3c988ccf3b1c6f6ba26e4c48ce46e756f6cb4287b026d0c8093d233344837da,250,1.0,1.0,0.0,1.0,0.0,0.5,1e-06,1.5,15,20260910,"[3553200332,4088514294,3123111108,2363780725,1869394984,2063756556,2157171251,877148122,15]","[3553200332,4088514294,3123111108,2363780725,1869394984,2063756556,2157171251,877148122,15,0]","[3553200332,4088514294,3123111108,2363780725,1869394984,2063756556,2157171251,877148122,15,1]",PCG64,smoke,equidistant,1.0,0.0,False,0.0,0,0.0,1.0,1.0,0.0,0.0,249.0,1.0,1.0,0.0,True,,1.0450306915220953,0.027036763468932818,0.49619337088353915,70.60159303901213,True,11,0,CONVERGENCE: RELATIVE REDUCTION OF F <= FACTR*EPSMCH,3,3,3,1,70.60159303901213,0.0,1.7060159303901213e-08,pfml,True,False,3,
d3c988ccf3b1c6f6ba26e4c48ce46e756f6cb4287b026d0c8093d233344837da,250,1.0,1.0,0.0,1.0,0.0,0.5,1e-06,1.5,15,20260910,"[3553200332,4088514294,3123111108,2363780725,1869394984,2063756556,2157171251,877148122,15]","[3553200332,4088514294,3123111108,2363780725,1869394984,2063756556,2157171251,877148122,15,0]","[3553200332,4088514294,3123111108,2363780725,1869394984,2063756556,2157171251,877148122,15,1]",PCG64,smoke,equidistant,1.0,0.0,False,0.0,0,0.0,1.0,1.0,0.0,0.0,249.0,1.0,1.0,0.0,True,,0.6483189578170825,0.02703676672247866,0.32129422112357003,70.60159303901207,True,10,0,CONVERGENCE: RELATIVE REDUCTION OF F <= FACTR*EPSMCH,3,3,3,2,70.60159303901207,0.0,1.7060159303901207e-08,euler,True,False,3,
d3c988ccf3b1c6f6ba26e4c48ce46e756f6cb4287b026d0c8093d233344837da,250,1.0,1.0,0.0,1.0,0.0,0.5,1e-06,1.5,16,20260910,"[3553200332,4088514294,3123111108,2363780725,1869394984,2063756556,2157171251,877148122,16]","[3553200332,4088514294,3123111108,2363780725,1869394984,2063756556,2157171251,877148122,16,0]","[3553200332,4088514294,3123111108,2363780725,1869394984,2063756556,2157171251,877148122,16,1]",PCG64,smoke,equidistant,1.0,0.0,False,0.0,0,0.0,1.0,1.0,0.0,0.0,249.0,1.0,1.0,0.0,True,,0.8652921048117536,-0.025505663008461275,0.4592956669044679,67.01547680975168,True,12,0,CONVERGENCE: RELATIVE REDUCTION OF F <= FACTR*EPSMCH,3,3,3,1,67.01547680975168,0.0,1.6701547680975166e-08,exact,True,False,3,
d3c988ccf3b1c6f6ba26e4c48ce46e756f6cb4287b026d0c8093d233344837da,250,1.0,1.0,0.0,1.0,0.0,0.5,1e-06,1.5,16,20260910,"[3553200332,4088514294,3123111108,2363780725,1869394984,2063756556,2157171251,877148122,16]","[3553200332,4088514294,3123111108,2363780725,1869394984,2063756556,2157171251,877148122,16,0]","[3553200332,4088514294,3123111108,2363780725,1869394984,2063756556,2157171251,877148122,16,1]",PCG64,smoke,equidistant,1.0,0.0,False,0.0,0,0.0,1.0,1.0,0.0,0.0,249.0,1.0,1.0,0.0,True,,0.8652921048117536,-0.025505663008461275,0.4592956669044679,67.01547680975168,True,12,0,CONVERGENCE: RELATIVE REDUCTION OF F <= FACTR*EPSMCH,3,3,3,1,67.01547680975168,0.0,1.6701547680975166e-08,pfml,True,False,3,
d3c988ccf3b1c6f6ba26e4c48ce46e756f6cb4287b026d0c8093d233344837da,250,1.0,1.0,0.0,1.0,0.0,0.5,1e-06,1.5,16,20260910,"[3553200332,4088514294,3123111108,2363780725,1869394984,2063756556,2157171251,877148122,16]","[3553200332,4088514294,3123111108,2363780725,1869394984,2063756556,2157171251,877148122,16,0]","[3553200332,4088514294,3123111108,2363780725,1869394984,2063756556,2157171251,877148122,16,1]",PCG64,smoke,equidistant,1.0,0.0,False,0.0,0,0.0,1.0,1.0,0.0,0.0,249.0,1.0,1.0,0.0,True,,0.5790714155894272,-0.025505654143412992,0.31670007542884704,67.01547680975168,True,8,0,CONVERGENCE: RELATIVE REDUCTION OF F <= FACTR*EPSMCH,3,3,3,1,67.01547680975168,0.0,1.6701547680975166e-08,euler,True,False,3,
d3c988ccf3b1c6f6ba26e4c48ce46e756f6cb4287b026d0c8093d233344837da,250,1.0,1.0,0.0,1.0,0.0,0.5,1e-06,1.5,17,20260910,"[3553200332,4088514294,3123111108,2363780725,1869394984,2063756556,2157171251,877148122,17]","[3553200332,4088514294,3123111108,2363780725,1869394984,2063756556,2157171251,877148122,17,0]","[3553200332,4088514294,3123111108,2363780725,1869394984,2063756556,2157171251,877148122,17,1]",PCG64,smoke,equidistant,1.0,0.0,False,0.0,0,0.0,1.0,1.0,0.0,0.0,249.0,1.0,1.0,0.0,True,,1.1902228455706405,-0.018350947485487414,0.48508430609702624,53.118196714317605,True,10,0,CONVERGENCE: RELATIVE REDUCTION OF F <= FACTR*EPSMCH,3,3,3,0,53.118196714317605,0.0,1.531181967143176e-08,exact,True,False,3,
d3c988ccf3b1c6f6ba26e4c48ce46e756f6cb4287b026d0c8093d233344837da,250,1.0,1.0,0.0,1.0,0.0,0.5,1e-06,1.5,17,20260910,"[3553200332,4088514294,3123111108,2363780725,1869394984,2063756556,2157171251,877148122,17]","[3553200332,4088514294,3123111108,2363780725,1869394984,2063756556,2157171251,877148122,17,0]","[3553200332,4088514294,3123111108,2363780725,1869394984,2063756556,2157171251,877148122,17,1]",PCG64,smoke,equidistant,1.0,0.0,False,0.0,0,0.0,1.0,1.0,0.0,0.0,249.0,1.0,1.0,0.0,True,,1.1902228455706405,-0.018350947485487414,0.48508430609702624,53.118196714317605,True,10,0,CONVERGENCE: RELATIVE REDUCTION OF F <= FACTR*EPSMCH,3,3,3,0,53.118196714317605,0.0,1.531181967143176e-08,pfml,True,False,3,
d3c988ccf3b1c6f6ba26e4c48ce46e756f6cb4287b026d0c8093d233344837da,250,1.0,1.0,0.0,1.0,0.0,0.5,1e-06,1.5,17,20260910,"[3553200332,4088514294,3123111108,2363780725,1869394984,2063756556,2157171251,877148122,17]","[3553200332,4088514294,3123111108,2363780725,1869394984,2063756556,2157171251,877148122,17,0]","[3553200332,4088514294,3123111108,2363780725,1869394984,2063756556,2157171251,877148122,17,1]",PCG64,smoke,equidistant,1.0,0.0,False,0.0,0,0.0,1.0,1.0,0.0,0.0,249.0,1.0,1.0,0.0,True,,0.6958465166803163,-0.01835094665223898,0.29950851229217895,53.1181967143176,True,11,0,CONVERGENCE: RELATIVE REDUCTION OF F <= FACTR*EPSMCH,3,3,3,0,53.1181967143176,0.0,1.531181967143176e-08,euler,True,False,3,
d3c988ccf3b1c6f6ba26e4c48ce46e756f6cb4287b026d0c8093d233344837da,250,1.0,1.0,0.0,1.0,0.0,0.5,1e-06,1.5,18,20260910,"[3553200332,4088514294,3123111108,2363780725,1869394984,2063756556,2157171251,877148122,18]","[3553200332,4088514294,3123111108,2363780725,1869394984,2063756556,2157171251,877148122,18,0]","[3553200332,4088514294,3123111108,2363780725,1869394984,2063756556,2157171251,877148122,18,1]",PCG64,smoke,equidistant,1.0,0.0,False,0.0,0,0.0,1.0,1.0,0.0,0.0,249.0,1.0,1.0,0.0,True,,1.0927551477205295,-0.021799188352791522,0.5250249881729459,80.69491291733502,True,9,0,CONVERGENCE: RELATIVE REDUCTION OF F <= FACTR*EPSMCH,3,3,3,2,80.69491291733502,0.0,1.8069491291733502e-08,exact,True,False,3,
d3c988ccf3b1c6f6ba26e4c48ce46e756f6cb4287b026d0c8093d233344837da,250,1.0,1.0,0.0,1.0,0.0,0.5,1e-06,1.5,18,20260910,"[3553200332,4088514294,3123111108,2363780725,1869394984,2063756556,2157171251,877148122,18]","[3553200332,4088514294,3123111108,2363780725,1869394984,2063756556,2157171251,877148122,18,0]","[3553200332,4088514294,3123111108,2363780725,1869394984,2063756556,2157171251,877148122,18,1]",PCG64,smoke,equidistant,1.0,0.0,False,0.0,0,0.0,1.0,1.0,0.0,0.0,249.0,1.0,1.0,0.0,True,,1.0927551477205295,-0.021799188352791522,0.5250249881729459,80.69491291733502,True,9,0,CONVERGENCE: RELATIVE REDUCTION OF F <= FACTR*EPSMCH,3,3,3,2,80.69491291733502,0.0,1.8069491291733502e-08,pfml,True,False,3,
d3c988ccf3b1c6f6ba26e4c48ce46e756f6cb4287b026d0c8093d233344837da,250,1.0,1.0,0.0,1.0,0.0,0.5,1e-06,1.5,18,20260910,"[3553200332,4088514294,3123111108,2363780725,1869394984,2063756556,2157171251,877148122,18]","[3553200332,4088514294,3123111108,2363780725,1869394984,2063756556,2157171251,877148122,18,0]","[3553200332,4088514294,3123111108,2363780725,1869394984,2063756556,2157171251,877148122,18,1]",PCG64,smoke,equidistant,1.0,0.0,False,0.0,0,0.0,1.0,1.0,0.0,0.0,249.0,1.0,1.0,0.0,True,,0.6647085784324387,-0.021799189390491358,0.3345855833335931,80.69491291733482,True,10,0,CONVERGENCE: RELATIVE REDUCTION OF F <= FACTR*EPSMCH,3,3,3,0,80.69491291733482,0.0,1.8069491291733482e-08,euler,True,False,3,
d3c988ccf3b1c6f6ba26e4c48ce46e756f6cb4287b026d0c8093d233344837da,250,1.0,1.0,0.0,1.0,0.0,0.5,1e-06,1.5,19,20260910,"[3553200332,4088514294,3123111108,2363780725,1869394984,2063756556,2157171251,877148122,19]","[3553200332,4088514294,3123111108,2363780725,1869394984,2063756556,2157171251,877148122,19,0]","[3553200332,4088514294,3123111108,2363780725,1869394984,2063756556,2157171251,877148122,19,1]",PCG64,smoke,equidistant,1.0,0.0,False,0.0,0,0.0,1.0,1.0,0.0,0.0,249.0,1.0,1.0,0.0,True,,0.9774471259074846,-0.03273688777536736,0.47820109865700083,67.15928040727457,True,13,0,CONVERGENCE: RELATIVE REDUCTION OF F <= FACTR*EPSMCH,3,3,3,1,67.15928040727457,0.0,1.6715928040727458e-08,exact,True,False,3,
d3c988ccf3b1c6f6ba26e4c48ce46e756f6cb4287b026d0c8093d233344837da,250,1.0,1.0,0.0,1.0,0.0,0.5,1e-06,1.5,19,20260910,"[3553200332,4088514294,3123111108,2363780725,1869394984,2063756556,2157171251,877148122,19]","[3553200332,4088514294,3123111108,2363780725,1869394984,2063756556,2157171251,877148122,19,0]","[3553200332,4088514294,3123111108,2363780725,1869394984,2063756556,2157171251,877148122,19,1]",PCG64,smoke,equidistant,1.0,0.0,False,0.0,0,0.0,1.0,1.0,0.0,0.0,249.0,1.0,1.0,0.0,True,,0.9774471259074846,-0.03273688777536736,0.47820109865700083,67.15928040727457,True,13,0,CONVERGENCE: RELATIVE REDUCTION OF F <= FACTR*EPSMCH,3,3,3,1,67.15928040727457,0.0,1.6715928040727458e-08,pfml,True,False,3,
d3c988ccf3b1c6f6ba26e4c48ce46e756f6cb4287b026d0c8093d233344837da,250,1.0,1.0,0.0,1.0,0.0,0.5,1e-06,1.5,19,20260910,"[3553200332,4088514294,3123111108,2363780725,1869394984,2063756556,2157171251,877148122,19]","[3553200332,4088514294,3123111108,2363780725,1869394984,2063756556,2157171251,877148122,19,0]","[3553200332,4088514294,3123111108,2363780725,1869394984,2063756556,2157171251,877148122,19,1]",PCG64,smoke,equidistant,1.0,0.0,False,0.0,0,0.0,1.0,1.0,0.0,0.0,249.0,1.0,1.0,0.0,True,,0.6237295746507899,-0.03273688687944625,0.3168830345269166,67.15928040727451,True,10,0,CONVERGENCE: NORM OF PROJECTED GRADIENT <= PGTOL,3,3,3,0,67.15928040727451,0.0,1.671592804072745e-08,euler,True,False,3,
6b01c943c3bb701aeb145f77e0b9245961b31f9a5b007fcf3a1a4ee1ef5e17bc,250,1.0,1.0,1.0,1.0,0.0,0.5,1e-06,1.5,0,20260910,"[1795279171,3283841050,3943980919,3770229849,1639128986,1526759375,974802657,4015921084,0]","[1795279171,3283841050,3943980919,3770229849,1639128986,1526759375,974802657,4015921084,0,0]","[1795279171,3283841050,3943980919,3770229849,1639128986,1526759375,974802657,4015921084,0,1]",PCG64,smoke,exponential,1.0,1.0,False,0.0,0,0.0,1.120671276976827,1.120671276976827,0.9747473965979129,0.9747473965979125,279.0471479672299,0.0013779963725714661,1.0,0.0,True,,1.0099326165103288,0.027113959498754205,0.4894893374248574,21.6881260439704,True,11,0,CONVERGENCE: RELATIVE REDUCTION OF F <= FACTR*EPSMCH,3,3,3,0,21.6881260439704,0.0,1.216881260439704e-08,exact,True,False,3,
6b01c943c3bb701aeb145f77e0b9245961b31f9a5b007fcf3a1a4ee1ef5e17bc,250,1.0,1.0,1.0,1.0,0.0,0.5,1e-06,1.5,0,20260910,"[1795279171,3283841050,3943980919,3770229849,1639128986,1526759375,974802657,4015921084,0]","[1795279171,3283841050,3943980919,3770229849,1639128986,1526759375,974802657,4015921084,0,0]","[1795279171,3283841050,3943980919,3770229849,1639128986,1526759375,974802657,4015921084,0,1]",PCG64,smoke,exponential,1.0,1.0,False,0.0,0,0.0,1.120671276976827,1.120671276976827,0.9747473965979129,0.9747473965979125,279.0471479672299,0.0013779963725714661,1.0,0.0,True,,0.6299412682002196,0.01030721216692385,0.3873011872284486,53.59318787421495,True,11,0,CONVERGENCE: RELATIVE REDUCTION OF F <= FACTR*EPSMCH,3,3,3,2,53.59318787421495,0.0,1.5359318787421496e-08,pfml,True,False,3,
6b01c943c3bb701aeb145f77e0b9245961b31f9a5b007fcf3a1a4ee1ef5e17bc,250,1.0,1.0,1.0,1.0,0.0,0.5,1e-06,1.5,0,20260910,"[1795279171,3283841050,3943980919,3770229849,1639128986,1526759375,974802657,4015921084,0]","[1795279171,3283841050,3943980919,3770229849,1639128986,1526759375,974802657,4015921084,0,0]","[1795279171,3283841050,3943980919,3770229849,1639128986,1526759375,974802657,4015921084,0,1]",PCG64,smoke,exponential,1.0,1.0,False,0.0,0,0.0,1.120671276976827,1.120671276976827,0.9747473965979129,0.9747473965979125,279.0471479672299,0.0013779963725714661,1.0,0.0,True,,0.43812816586509806,0.038588189858945694,0.36162734576248895,46.71366583065213,True,11,0,CONVERGENCE: RELATIVE REDUCTION OF F <= FACTR*EPSMCH,3,3,3,1,46.71366583065213,0.0,1.4671366583065215e-08,euler,True,False,3,
6b01c943c3bb701aeb145f77e0b9245961b31f9a5b007fcf3a1a4ee1ef5e17bc,250,1.0,1.0,1.0,1.0,0.0,0.5,1e-06,1.5,1,20260910,"[1795279171,3283841050,3943980919,3770229849,1639128986,1526759375,974802657,4015921084,1]","[1795279171,3283841050,3943980919,3770229849,1639128986,1526759375,974802657,4015921084,1,0]","[1795279171,3283841050,3943980919,3770229849,1639128986,1526759375,974802657,4015921084,1,1]",PCG64,smoke,exponential,1.0,1.0,False,0.0,0,0.0,0.9770570207176055,0.9770570207176055,0.9350114785628815,0.9350114785628811,243.28719815868376,0.007355490799056952,1.0,0.0,True,,0.937749031459232,0.0027511978043628397,0.5010216766492239,22.768872389813797,True,10,0,CONVERGENCE: NORM OF PROJECTED GRADIENT <= PGTOL,3,3,3,0,22.768872389813797,0.0,1.227688723898138e-08,exact,True,False,3,
6b01c943c3bb701aeb145f77e0b9245961b31f9a5b007fcf3a1a4ee1ef5e17bc,250,1.0,1.0,1.0,1.0,0.0,0.5,1e-06,1.5,1,20260910,"[1795279171,3283841050,3943980919,3770229849,1639128986,1526759375,974802657,4015921084,1]","[1795279171,3283841050,3943980919,3770229849,1639128986,1526759375,974802657,4015921084,1,0]","[1795279171,3283841050,3943980919,3770229849,1639128986,1526759375,974802657,4015921084,1,1]",PCG64,smoke,exponential,1.0,1.0,False,0.0,0,0.0,0.9770570207176055,0.9770570207176055,0.9350114785628815,0.9350114785628811,243.28719815868376,0.007355490799056952,1.0,0.0,True,,0.7698501085286846,-0.0023685654575105715,0.4512891847720546,70.18887079618369,True,11,0,CONVERGENCE: RELATIVE REDUCTION OF F <= FACTR*EPSMCH,3,3,3,1,70.18887079618369,0.0,1.701888707961837e-08,pfml,True,False,3,
6b01c943c3bb701aeb145f77e0b9245961b31f9a5b007fcf3a1a4ee1ef5e17bc,250,1.0,1.0,1.0,1.0,0.0,0.5,1e-06,1.5,1,20260910,"[1795279171,3283841050,3943980919,3770229849,1639128986,1526759375,974802657,4015921084,1]","[1795279171,3283841050,3943980919,3770229849,1639128986,1526759375,974802657,4015921084,1,0]","[1795279171,3283841050,3943980919,3770229849,1639128986,1526759375,974802657,4015921084,1,1]",PCG64,smoke,exponential,1.0,1.0,False,0.0,0,0.0,0.9770570207176055,0.9770570207176055,0.9350114785628815,0.9350114785628811,243.28719815868376,0.007355490799056952,1.0,0.0,True,,0.5190655812073398,0.011604306981203492,0.37470634231901756,36.51386812201434,True,9,0,CONVERGENCE: NORM OF PROJECTED GRADIENT <= PGTOL,3,3,3,0,36.51386812201434,0.0,1.3651386812201434e-08,euler,True,False,3,
6b01c943c3bb701aeb145f77e0b9245961b31f9a5b007fcf3a1a4ee1ef5e17bc,250,1.0,1.0,1.0,1.0,0.0,0.5,1e-06,1.5,2,20260910,"[1795279171,3283841050,3943980919,3770229849,1639128986,1526759375,974802657,4015921084,2]","[1795279171,3283841050,3943980919,3770229849,1639128986,1526759375,974802657,4015921084,2,0]","[1795279171,3283841050,3943980919,3770229849,1639128986,1526759375,974802657,4015921084,2,1]",PCG64,smoke,exponential,1.0,1.0,False,0.0,0,0.0,1.0017006816884664,1.0017006816884664,0.8991133194616254,0.8991133194616253,249.4234697404281,0.005552551046847043,1.0,0.0,True,,0.993055502250633,0.04558985211487056,0.48799919860049334,16.9445482687832,True,11,0,CONVERGENCE: RELATIVE REDUCTION OF F <= FACTR*EPSMCH,3,3,3,2,16.9445482687832,0.0,1.169445482687832e-08,exact,True,False,3,
6b01c943c3bb701aeb145f77e0b9245961b31f9a5b007fcf3a1a4ee1ef5e17bc,250,1.0,1.0,1.0,1.0,0.0,0.5,1e-06,1.5,2,20260910,"[1795279171,3283841050,3943980919,3770229849,1639128986,1526759375,974802657,4015921084,2]","[1795279171,3283841050,3943980919,3770229849,1639128986,1526759375,974802657,4015921084,2,0]","[1795279171,3283841050,3943980919,3770229849,1639128986,1526759375,974802657,4015921084,2,1]",PCG64,smoke,exponential,1.0,1.0,False,0.0,0,0.0,1.0017006816884664,1.0017006816884664,0.8991133194616254,0.8991133194616253,249.4234697404281,0.005552551046847043,1.0,0.0,True,,0.7308343380387554,0.03885147972860967,0.41704858271807554,55.548572781288755,True,11,0,CONVERGENCE: RELATIVE REDUCTION OF F <= FACTR*EPSMCH,3,3,3,2,55.548572781288755,0.0,1.5554857278128877e-08,pfml,True,False,3,
6b01c943c3bb701aeb145f77e0b9245961b31f9a5b007fcf3a1a4ee1ef5e17bc,250,1.0,1.0,1.0,1.0,0.0,0.5,1e-06,1.5,2,20260910,"[1795279171,3283841050,3943980919,3770229849,1639128986,1526759375,974802657,4015921084,2]","[1795279171,3283841050,3943980919,3770229849,1639128986,1526759375,974802657,4015921084,2,0]","[1795279171,3283841050,3943980919,3770229849,1639128986,1526759375,974802657,4015921084,2,1]",PCG64,smoke,exponential,1.0,1.0,False,0.0,0,0.0,1.0017006816884664,1.0017006816884664,0.8991133194616254,0.8991133194616253,249.4234697404281,0.005552551046847043,1.0,0.0,True,,0.5217651972547857,0.060775517756263706,0.3620376374182445,34.71554575165178,True,11,0,CONVERGENCE: NORM OF PROJECTED GRADIENT <= PGTOL,3,3,3,1,34.71554575165178,0.0,1.347155457516518e-08,euler,True,False,3,
6b01c943c3bb701aeb145f77e0b9245961b31f9a5b007fcf3a1a4ee1ef5e17bc,250,1.0,1.0,1.0,1.0,0.0,0.5,1e-06,1.5,3,20260910,"[1795279171,3283841050,3943980919,3770229849,1639128986,1526759375,974802657,4015921084,3]","[1795279171,3283841050,3943980919,3770229849,1639128986,1526759375,974802657,4015921084,3,0]","[1795279171,3283841050,3943980919,3770229849,1639128986,1526759375,974802657,4015921084,3,1]",PCG64,smoke,exponential,1.0,1.0,False,0.0,0,0.0,1.0129906739304004,1.012990673930401,0.9148882757074989,0.9148882757074976,252.23467780866991,0.00017682642396543713,1.0,0.0,True,,0.9785529466030888,0.03812325012586421,0.49462938562938036,17.11771730679036,True,10,0,CONVERGENCE: RELATIVE REDUCTION OF F <= FACTR*EPSMCH,3,3,3,0,17.11771730679036,0.0,1.1711771730679036e-08,exact,True,False,3,
6b01c943c3bb701aeb145f77e0b9245961b31f9a5b007fcf3a1a4ee1ef5e17bc,250,1.0,1.0,1.0,1.0,0.0,0.5,1e-06,1.5,3,20260910,"[1795279171,3283841050,3943980919,3770229849,1639128986,1526759375,974802657,4015921084,3]","[1795279171,3283841050,3943980919,3770229849,1639128986,1526759375,974802657,4015921084,3,0]","[1795279171,3283841050,3943980919,3770229849,1639128986,1526759375,974802657,4015921084,3,1]",PCG64,smoke,exponential,1.0,1.0,False,0.0,0,0.0,1.0129906739304004,1.012990673930401,0.9148882757074989,0.9148882757074976,252.23467780866991,0.00017682642396543713,1.0,0.0,True,,0.6599732251175194,0.058980426735652076,0.4141016286986229,61.299163102963334,True,11,0,CONVERGENCE: RELATIVE REDUCTION OF F <= FACTR*EPSMCH,3,3,3,1,61.299163102963334,0.0,1.6129916310296335e-08,pfml,True,False,3,
6b01c943c3bb701aeb145f77e0b9245961b31f9a5b007fcf3a1a4ee1ef5e17bc,250,1.0,1.0,1.0,1.0,0.0,0.5,1e-06,1.5,3,20260910,"[1795279171,3283841050,3943980919,3770229849,1639128986,1526759375,974802657,4015921084,3]","[1795279171,3283841050,3943980919,3770229849,1639128986,1526759375,974802657,4015921084,3,0]","[1795279171,3283841050,3943980919,3770229849,1639128986,1526759375,974802657,4015921084,3,1]",PCG64,smoke,exponential,1.0,1.0,False,0.0,0,0.0,1.0129906739304004,1.012990673930401,0.9148882757074989,0.9148882757074976,252.23467780866991,0.00017682642396543713,1.0,0.0,True,,0.5035545130215011,0.0450196183821761,0.3698943193363998,36.18714695029125,True,11,0,CONVERGENCE: RELATIVE REDUCTION OF F <= FACTR*EPSMCH,3,3,3,2,36.18714695029125,0.0,1.3618714695029125e-08,euler,True,False,3,
6b01c943c3bb701aeb145f77e0b9245961b31f9a5b007fcf3a1a4ee1ef5e17bc,250,1.0,1.0,1.0,1.0,0.0,0.5,1e-06,1.5,4,20260910,"[1795279171,3283841050,3943980919,3770229849,1639128986,1526759375,974802657,4015921084,4]","[1795279171,3283841050,3943980919,3770229849,1639128986,1526759375,974802657,4015921084,4,0]","[1795279171,3283841050,3943980919,3770229849,1639128986,1526759375,974802657,4015921084,4,1]",PCG64,smoke,exponential,1.0,1.0,False,0.0,0,0.0,1.0050256030447846,1.0050256030447848,1.041463051790762,1.0414630517907622,250.2513751581514,0.0014734595303309561,1.0,0.0,True,,1.0221998617469044,0.015999382185675995,0.48987022526564317,-0.4428277672697405,True,10,0,CONVERGENCE: RELATIVE REDUCTION OF F <= FACTR*EPSMCH,3,3,3,2,-0.4428277672697405,0.0,1.0044282776726974e-08,exact,True,False,3,
6b01c943c3bb701aeb145f77e0b9245961b31f9a5b007fcf3a1a4ee1ef5e17bc,250,1.0,1.0,1.0,1.0,0.0,0.5,1e-06,1.5,4,20260910,"[1795279171,3283841050,3943980919,3770229849,1639128986,1526759375,974802657,4015921084,4]","[1795279171,3283841050,3943980919,3770229849,1639128986,1526759375,974802657,4015921084,4,0]","[1795279171,3283841050,3943980919,3770229849,1639128986,1526759375,974802657,4015921084,4,1]",PCG64,smoke,exponential,1.0,1.0,False,0.0,0,0.0,1.0050256030447846,1.0050256030447848,1.041463051790762,1.0414630517907622,250.2513751581514,0.0014734595303309561,1.0,0.0,True,,0.6080240769848048,0.031076981505527814,0.3906922947230777,51.49568346580398,True,12,0,CONVERGENCE: RELATIVE REDUCTION OF F <= FACTR*EPSMCH,3,3,3,1,51.49568346580398,0.0,1.51495683465804e-08,pfml,True,False,3,
6b01c943c3bb701aeb145f77e0b9245961b31f9a5b007fcf3a1a4ee1ef5e17bc,250,1.0,1.0,1.0,1.0,0.0,0.5,1e-06,1.5,4,20260910,"[1795279171,3283841050,3943980919,3770229849,1639128986,1526759375,974802657,4015921084,4]","[1795279171,3283841050,3943980919,3770229849,1639128986,1526759375,974802657,4015921084,4,0]","[1795279171,3283841050,3943980919,3770229849,1639128986,1526759375,974802657,4015921084,4,1]",PCG64,smoke,exponential,1.0,1.0,False,0.0,0,0.0,1.0050256030447846,1.0050256030447848,1.041463051790762,1.0414630517907622,250.2513751581514,0.0014734595303309561,1.0,0.0,True,,0.48944333554413216,-0.00802041488185115,0.37335153844989394,23.334728336092102,True,10,0,CONVERGENCE: RELATIVE REDUCTION OF F <= FACTR*EPSMCH,3,3,3,0,23.334728336092102,0.0,1.233347283360921e-08,euler,True,False,3,
6b01c943c3bb701aeb145f77e0b9245961b31f9a5b007fcf3a1a4ee1ef5e17bc,250,1.0,1.0,1.0,1.0,0.0,0.5,1e-06,1.5,5,20260910,"[1795279171,3283841050,3943980919,3770229849,1639128986,1526759375,974802657,4015921084,5]","[1795279171,3283841050,3943980919,3770229849,1639128986,1526759375,974802657,4015921084,5,0]","[1795279171,3283841050,3943980919,3770229849,1639128986,1526759375,974802657,4015921084,5,1]",PCG64,smoke,exponential,1.0,1.0,False,0.0,0,0.0,0.9281048601371402,0.9281048601371399,1.0080056102863713,1.0080056102863715,231.09811017414782,0.0008580429510516296,1.0,0.0,True,,0.999335904558586,-0.010551815938221432,0.5340478888334583,21.92808280252649,True,10,0,CONVERGENCE: RELATIVE REDUCTION OF F <= FACTR*EPSMCH,3,3,3,0,21.92808280252649,0.0,1.219280828025265e-08,exact,True,False,3,
6b01c943c3bb701aeb145f77e0b9245961b31f9a5b007fcf3a1a4ee1ef5e17bc,250,1.0,1.0,1.0,1.0,0.0,0.5,1e-06,1.5,5,20260910,"[1795279171,3283841050,3943980919,3770229849,1639128986,1526759375,974802657,4015921084,5]","[1795279171,3283841050,3943980919,3770229849,1639128986,1526759375,974802657,4015921084,5,0]","[1795279171,3283841050,3943980919,3770229849,1639128986,1526759375,974802657,4015921084,5,1]",PCG64,smoke,exponential,1.0,1.0,False,0.0,0,0.0,0.9281048601371402,0.9281048601371399,1.0080056102863713,1.0080056102863715,231.09811017414782,0.0008580429510516296,1.0,0.0,True,,0.8081603501910971,-0.023403433836834374,0.48758203334996697,83.25088434125684,True,12,0,CONVERGENCE: RELATIVE REDUCTION OF F <= FACTR*EPSMCH,3,3,3,2,83.25088434125684,0.0,1.8325088434125682e-08,pfml,True,False,3,
6b01c943c3bb701aeb145f77e0b9245961b31f9a5b007fcf3a1a4ee1ef5e17bc,250,1.0,1.0,1.0,1.0,0.0,0.5,1e-06,1.5,5,20260910,"[1795279171,3283841050,3943980919,3770229849,1639128986,1526759375,974802657,4015921084,5]","[1795279171,3283841050,3943980919,3770229849,1639128986,1526759375,974802657,4015921084,5,0]","[1795279171,3283841050,3943980919,3770229849,1639128986,1526759375,974802657,4015921084,5,1]",PCG64,smoke,exponential,1.0,1.0,False,0.0,0,0.0,0.9281048601371402,0.9281048601371399,1.0080056102863713,1.0080056102863715,231.09811017414782,0.0008580429510516296,1.0,0.0,True,,0.616042231169162,0.003307102039483216,0.3966985368729201,32.8506276522818,True,11,0,CONVERGENCE: RELATIVE REDUCTION OF F <= FACTR*EPSMCH,3,3,3,1,32.8506276522818,0.0,1.328506276522818e-08,euler,True,False,3,
6b01c943c3bb701aeb145f77e0b9245961b31f9a5b007fcf3a1a4ee1ef5e17bc,250,1.0,1.0,1.0,1.0,0.0,0.5,1e-06,1.5,6,20260910,"[1795279171,3283841050,3943980919,3770229849,1639128986,1526759375,974802657,4015921084,6]","[1795279171,3283841050,3943980919,3770229849,1639128986,1526759375,974802657,4015921084,6,0]","[1795279171,3283841050,3943980919,3770229849,1639128986,1526759375,974802657,4015921084,6,1]",PCG64,smoke,exponential,1.0,1.0,False,0.0,0,0.0,1.1162634461952021,1.1162634461952026,0.9747408867319917,0.9747408867319916,277.9495981026054,0.0003916461115096581,1.0,0.0,True,,0.9836184527788603,0.00878598499117032,0.49416235655138774,24.700285374478618,True,10,0,CONVERGENCE: RELATIVE REDUCTION OF F <= FACTR*EPSMCH,3,3,3,0,24.700285374478618,0.0,1.2470028537447862e-08,exact,True,False,3,
6b01c943c3bb701aeb145f77e0b9245961b31f9a5b007fcf3a1a4ee1ef5e17bc,250,1.0,1.0,1.0,1.0,0.0,0.5,1e-06,1.5,6,20260910,"[1795279171,3283841050,3943980919,3770229849,1639128986,1526759375,974802657,4015921084,6]","[1795279171,3283841050,3943980919,3770229849,1639128986,1526759375,974802657,4015921084,6,0]","[1795279171,3283841050,3943980919,3770229849,1639128986,1526759375,974802657,4015921084,6,1]",PCG64,smoke,exponential,1.0,1.0,False,0.0,0,0.0,1.1162634461952021,1.1162634461952026,0.9747408867319917,0.9747408867319916,277.9495981026054,0.0003916461115096581,1.0,0.0,True,,0.7826249347603788,0.0024923039541068855,0.43423911296365897,65.9901695236028,True,12,0,CONVERGENCE: RELATIVE REDUCTION OF F <= FACTR*EPSMCH,3,3,3,1,65.9901695236028,0.0,1.659901695236028e-08,pfml,True,False,3,
6b01c943c3bb701aeb145f77e0b9245961b31f9a5b007fcf3a1a4ee1ef5e17bc,250,1.0,1.0,1.0,1.0,0.0,0.5,1e-06,1.5,6,20260910,"[1795279171,3283841050,3943980919,3770229849,1639128986,1526759375,974802657,4015921084,6]","[1795279171,3283841050,3943980919,3770229849,1639128986,1526759375,974802657,4015921084,6,0]","[1795279171,3283841050,3943980919,3770229849,1639128986,1526759375,974802657,4015921084,6,1]",PCG64,smoke,exponential,1.0,1.0,False,0.0,0,0.0,1.1162634461952021,1.1162634461952026,0.9747408867319917,0.9747408867319916,277.9495981026054,0.0003916461115096581,1.0,0.0,True,,0.501261750686536,0.015446832464467816,0.3606798807096443,43.956795160510964,True,9,0,CONVERGENCE: RELATIVE REDUCTION OF F <= FACTR*EPSMCH,3,3,3,2,43.956795160510964,0.0,1.4395679516051096e-08,euler,True,False,3,
6b01c943c3bb701aeb145f77e0b9245961b31f9a5b007fcf3a1a4ee1ef5e17bc,250,1.0,1.0,1.0,1.0,0.0,0.5,1e-06,1.5,7,20260910,"[1795279171,3283841050,3943980919,3770229849,1639128986,1526759375,974802657,4015921084,7]","[1795279171,3283841050,3943980919,3770229849,1639128986,1526759375,974802657,4015921084,7,0]","[1795279171,3283841050,3943980919,3770229849,1639128986,1526759375,974802657,4015921084,7,1]",PCG64,smoke,exponential,1.0,1.0,False,0.0,0,0.0,1.1543304714583098,1.1543304714583098,0.9450762767597489,0.9450762767597489,287.42828739311915,0.0027429357040062996,1.0,0.0,True,,0.9871856771001909,0.023303088549538248,0.5129977099738968,32.321778990339396,True,12,0,CONVERGENCE: RELATIVE REDUCTION OF F <= FACTR*EPSMCH,3,3,3,2,32.321778990339396,0.0,1.323217789903394e-08,exact,True,False,3,
6b01c943c3bb701aeb145f77e0b9245961b31f9a5b007fcf3a1a4ee1ef5e17bc,250,1.0,1.0,1.0,1.0,0.0,0.5,1e-06,1.5,7,20260910,"[1795279171,3283841050,3943980919,3770229849,1639128986,1526759375,974802657,4015921084,7]","[1795279171,3283841050,3943980919,3770229849,1639128986,1526759375,974802657,4015921084,7,0]","[1795279171,3283841050,3943980919,3770229849,1639128986,1526759375,974802657,4015921084,7,1]",PCG64,smoke,exponential,1.0,1.0,False,0.0,0,0.0,1.1543304714583098,1.1543304714583098,0.9450762767597489,0.9450762767597489,287.42828739311915,0.0027429357040062996,1.0,0.0,True,,0.7134893248429096,0.039305737956097445,0.43490071377452844,75.0887061759635,True,10,0,CONVERGENCE: RELATIVE REDUCTION OF F <= FACTR*EPSMCH,3,3,3,0,75.0887061759635,0.0,1.7508870617596352e-08,pfml,True,False,3,
6b01c943c3bb701aeb145f77e0b9245961b31f9a5b007fcf3a1a4ee1ef5e17bc,250,1.0,1.0,1.0,1.0,0.0,0.5,1e-06,1.5,7,20260910,"[1795279171,3283841050,3943980919,3770229849,1639128986,1526759375,974802657,4015921084,7]","[1795279171,3283841050,3943980919,3770229849,1639128986,1526759375,974802657,4015921084,7,0]","[1795279171,3283841050,3943980919,3770229849,1639128986,1526759375,974802657,4015921084,7,1]",PCG64,smoke,exponential,1.0,1.0,False,0.0,0,0.0,1.1543304714583098,1.1543304714583098,0.9450762767597489,0.9450762767597489,287.42828739311915,0.0027429357040062996,1.0,0.0,True,,0.5268296639114205,0.018432207731662435,0.3693249554290557,51.07205085084672,True,10,0,CONVERGENCE: RELATIVE REDUCTION OF F <= FACTR*EPSMCH,3,3,3,0,51.07205085084672,0.0,1.510720508508467e-08,euler,True,False,3,
6b01c943c3bb701aeb145f77e0b9245961b31f9a5b007fcf3a1a4ee1ef5e17bc,250,1.0,1.0,1.0,1.0,0.0,0.5,1e-06,1.5,8,20260910,"[1795279171,3283841050,3943980919,3770229849,1639128986,1526759375,974802657,4015921084,8]","[1795279171,3283841050,3943980919,3770229849,1639128986,1526759375,974802657,4015921084,8,0]","[1795279171,3283841050,3943980919,3770229849,1639128986,1526759375,974802657,4015921084,8,1]",PCG64,smoke,exponential,1.0,1.0,False,0.0,0,0.0,1.0268601458409465,1.0268601458409468,0.944118854462934,0.9441188544629338,255.68817631439572,0.00443351964658234,1.0,0.0,True,,0.9956908131441825,-0.01126459457490363,0.48430298986008125,15.777646924273547,True,11,0,CONVERGENCE: RELATIVE REDUCTION OF F <= FACTR*EPSMCH,3,3,3,0,15.777646924273547,0.0,1.1577764692427356e-08,exact,True,False,3,
6b01c943c3bb701aeb145f77e0b9245961b31f9a5b007fcf3a1a4ee1ef5e17bc,250,1.0,1.0,1.0,1.0,0.0,0.5,1e-06,1.5,8,20260910,"[1795279171,3283841050,3943980919,3770229849,1639128986,1526759375,974802657,4015921084,8]","[1795279171,3283841050,3943980919,3770229849,1639128986,1526759375,974802657,4015921084,8,0]","[1795279171,3283841050,3943980919,3770229849,1639128986,1526759375,974802657,4015921084,8,1]",PCG64,smoke,exponential,1.0,1.0,False,0.0,0,0.0,1.0268601458409465,1.0268601458409468,0.944118854462934,0.9441188544629338,255.68817631439572,0.00443351964658234,1.0,0.0,True,,0.7679432343112932,0.009623368928851291,0.41759035833186553,53.64420478120379,True,12,0,CONVERGENCE: RELATIVE REDUCTION OF F <= FACTR*EPSMCH,3,3,3,2,53.64420478120379,0.0,1.536442047812038e-08,pfml,True,False,3,
6b01c943c3bb701aeb145f77e0b9245961b31f9a5b007fcf3a1a4ee1ef5e17bc,250,1.0,1.0,1.0,1.0,0.0,0.5,1e-06,1.5,8,20260910,"[1795279171,3283841050,3943980919,3770229849,1639128986,1526759375,974802657,4015921084,8]","[1795279171,3283841050,3943980919,3770229849,1639128986,1526759375,974802657,4015921084,8,0]","[1795279171,3283841050,3943980919,3770229849,1639128986,1526759375,974802657,4015921084,8,1]",PCG64,smoke,exponential,1.0,1.0,False,0.0,0,0.0,1.0268601458409465,1.0268601458409468,0.944118854462934,0.9441188544629338,255.68817631439572,0.00443351964658234,1.0,0.0,True,,0.47722387535573624,-0.021259256512470136,0.36114451224917654,36.15907289733046,True,12,0,CONVERGENCE: NORM OF PROJECTED GRADIENT <= PGTOL,3,3,3,2,36.15907289733046,0.0,1.3615907289733047e-08,euler,True,False,3,
6b01c943c3bb701aeb145f77e0b9245961b31f9a5b007fcf3a1a4ee1ef5e17bc,250,1.0,1.0,1.0,1.0,0.0,0.5,1e-06,1.5,9,20260910,"[1795279171,3283841050,3943980919,3770229849,1639128986,1526759375,974802657,4015921084,9]","[1795279171,3283841050,3943980919,3770229849,1639128986,1526759375,974802657,4015921084,9,0]","[1795279171,3283841050,3943980919,3770229849,1639128986,1526759375,974802657,4015921084,9,1]",PCG64,smoke,exponential,1.0,1.0,False,0.0,0,0.0,1.0023543538600104,1.0023543538600106,0.9707072175549628,0.970707217554962,249.58623411114266,0.003429538410244959,1.0,0.0,True,,0.8297445050185601,-0.05869968232201126,0.4591643401577488,6.4044309743242245,True,15,0,CONVERGENCE: RELATIVE REDUCTION OF F <= FACTR*EPSMCH,3,3,3,1,6.4044309743242245,0.0,1.0640443097432423e-08,exact,True,False,3,
6b01c943c3bb701aeb145f77e0b9245961b31f9a5b007fcf3a1a4ee1ef5e17bc,250,1.0,1.0,1.0,1.0,0.0,0.5,1e-06,1.5,9,20260910,"[1795279171,3283841050,3943980919,3770229849,1639128986,1526759375,974802657,4015921084,9]","[1795279171,3283841050,3943980919,3770229849,1639128986,1526759375,974802657,4015921084,9,0]","[1795279171,3283841050,3943980919,3770229849,1639128986,1526759375,974802657,4015921084,9,1]",PCG64,smoke,exponential,1.0,1.0,False,0.0,0,0.0,1.0023543538600104,1.0023543538600106,0.9707072175549628,0.970707217554962,249.58623411114266,0.003429538410244959,1.0,0.0,True,,0.6294755850767163,-0.03296200904995654,0.37696665291704984,40.28400809279688,True,9,0,CONVERGENCE: RELATIVE REDUCTION OF F <= FACTR*EPSMCH,3,3,3,0,40.28400809279688,0.0,1.402840080927969e-08,pfml,True,False,3,
6b01c943c3bb701aeb145f77e0b9245961b31f9a5b007fcf3a1a4ee1ef5e17bc,250,1.0,1.0,1.0,1.0,0.0,0.5,1e-06,1.5,9,20260910,"[1795279171,3283841050,3943980919,3770229849,1639128986,1526759375,974802657,4015921084,9]","[1795279171,3283841050,3943980919,3770229849,1639128986,1526759375,974802657,4015921084,9,0]","[1795279171,3283841050,3943980919,3770229849,1639128986,1526759375,974802657,4015921084,9,1]",PCG64,smoke,exponential,1.0,1.0,False,0.0,0,0.0,1.0023543538600104,1.0023543538600106,0.9707072175549628,0.970707217554962,249.58623411114266,0.003429538410244959,1.0,0.0,True,,0.4556763365733285,-0.0722095455306772,0.3584827115677444,24.005916170919363,True,11,0,CONVERGENCE: RELATIVE REDUCTION OF F <= FACTR*EPSMCH,3,3,3,1,24.005916170919363,0.0,1.2400591617091937e-08,euler,True,False,3,
6b01c943c3bb701aeb145f77e0b9245961b31f9a5b007fcf3a1a4ee1ef5e17bc,250,1.0,1.0,1.0,1.0,0.0,0.5,1e-06,1.5,10,20260910,"[1795279171,3283841050,3943980919,3770229849,1639128986,1526759375,974802657,4015921084,10]","[1795279171,3283841050,3943980919,3770229849,1639128986,1526759375,974802657,4015921084,10,0]","[1795279171,3283841050,3943980919,3770229849,1639128986,1526759375,974802657,4015921084,10,1]",PCG64,smoke,exponential,1.0,1.0,False,0.0,0,0.0,1.0348077875083368,1.0348077875083366,0.9507728002782533,0.9507728002782536,257.6671390895758,0.001123827691330348,1.0,0.0,True,,0.985040291371432,-0.051137093767825395,0.5017768656511249,22.808862967434855,True,10,0,CONVERGENCE: NORM OF PROJECTED GRADIENT <= PGTOL,3,3,3,0,22.808862967434855,0.0,1.2280886296743485e-08,exact,True,False,3,
6b01c943c3bb701aeb145f77e0b9245961b31f9a5b007fcf3a1a4ee1ef5e17bc,250,1.0,1.0,1.0,1.0,0.0,0.5,1e-06,1.5,10,20260910,"[1795279171,3283841050,3943980919,3770229849,1639128986,1526759375,974802657,4015921084,10]","[1795279171,3283841050,3943980919,3770229849,1639128986,1526759375,974802657,4015921084,10,0]","[1795279171,3283841050,3943980919,3770229849,1639128986,1526759375,974802657,4015921084,10,1]",PCG64,smoke,exponential,1.0,1.0,False,0.0,0,0.0,1.0348077875083368,1.0348077875083366,0.9507728002782533,0.9507728002782536,257.6671390895758,0.001123827691330348,1.0,0.0,True,,0.6125509753394087,-0.05978452750759373,0.40944891736040767,64.54391924059126,True,12,0,CONVERGENCE: RELATIVE REDUCTION OF F <= FACTR*EPSMCH,3,3,3,2,64.54391924059126,0.0,1.6454391924059128e-08,pfml,True,False,3,
6b01c943c3bb701aeb145f77e0b9245961b31f9a5b007fcf3a1a4ee1ef5e17bc,250,1.0,1.0,1.0,1.0,0.0,0.5,1e-06,1.5,10,20260910,"[1795279171,3283841050,3943980919,3770229849,1639128986,1526759375,974802657,4015921084,10]","[1795279171,3283841050,3943980919,3770229849,1639128986,1526759375,974802657,4015921084,10,0]","[1795279171,3283841050,3943980919,3770229849,1639128986,1526759375,974802657,4015921084,10,1]",PCG64,smoke,exponential,1.0,1.0,False,0.0,0,0.0,1.0348077875083368,1.0348077875083366,0.9507728002782533,0.9507728002782536,257.6671390895758,0.001123827691330348,1.0,0.0,True,,0.49717107629311813,-0.0660268784557161,0.37528677265274474,43.46644519276524,True,8,0,CONVERGENCE: RELATIVE REDUCTION OF F <= FACTR*EPSMCH,3,3,3,0,43.46644519276524,0.0,1.4346644519276525e-08,euler,True,False,3,
6b01c943c3bb701aeb145f77e0b9245961b31f9a5b007fcf3a1a4ee1ef5e17bc,250,1.0,1.0,1.0,1.0,0.0,0.5,1e-06,1.5,11,20260910,"[1795279171,3283841050,3943980919,3770229849,1639128986,1526759375,974802657,4015921084,11]","[1795279171,3283841050,3943980919,3770229849,1639128986,1526759375,974802657,4015921084,11,0]","[1795279171,3283841050,3943980919,3770229849,1639128986,1526759375,974802657,4015921084,11,1]",PCG64,smoke,exponential,1.0,1.0,False,0.0,0,0.0,1.0204262725675382,1.020426272567538,1.1219022489233876,1.1219022489233885,254.08614186931695,0.0035677973527867834,1.0,0.0,True,,0.914942727227995,-0.03217665697086399,0.5019817710057918,27.27738024334248,True,11,0,CONVERGENCE: NORM OF PROJECTED GRADIENT <= PGTOL,3,3,3,0,27.27738024334248,0.0,1.2727738024334248e-08,exact,True,False,3,
6b01c943c3bb701aeb145f77e0b9245961b31f9a5b007fcf3a1a4ee1ef5e17bc,250,1.0,1.0,1.0,1.0,0.0,0.5,1e-06,1.5,11,20260910,"[1795279171,3283841050,3943980919,3770229849,1639128986,1526759375,974802657,4015921084,11]","[1795279171,3283841050,3943980919,3770229849,1639128986,1526759375,974802657,4015921084,11,0]","[1795279171,3283841050,3943980919,3770229849,1639128986,1526759375,974802657,4015921084,11,1]",PCG64,smoke,exponential,1.0,1.0,False,0.0,0,0.0,1.0204262725675382,1.020426272567538,1.1219022489233876,1.1219022489233885,254.08614186931695,0.0035677973527867834,1.0,0.0,True,,0.6183101135701299,-0.06507333701737408,0.4225281684878275,70.92118332554114,True,10,0,CONVERGENCE: RELATIVE REDUCTION OF F <= FACTR*EPSMCH,3,3,3,0,70.92118332554114,0.0,1.7092118332554115e-08,pfml,True,False,3,
6b01c943c3bb701aeb145f77e0b9245961b31f9a5b007fcf3a1a4ee1ef5e17bc,250,1.0,1.0,1.0,1.0,0.0,0.5,1e-06,1.5,11,20260910,"[1795279171,3283841050,3943980919,3770229849,1639128986,1526759375,974802657,4015921084,11]","[1795279171,3283841050,3943980919,3770229849,1639128986,1526759375,974802657,4015921084,11,0]","[1795279171,3283841050,3943980919,3770229849,1639128986,1526759375,974802657,4015921084,11,1]",PCG64,smoke,exponential,1.0,1.0,False,0.0,0,0.0,1.0204262725675382,1.020426272567538,1.1219022489233876,1.1219022489233885,254.08614186931695,0.0035677973527867834,1.0,0.0,True,,0.5354630511326163,0.008368172413571455,0.37848814288861565,41.28068668724997,True,12,0,CONVERGENCE: RELATIVE REDUCTION OF F <= FACTR*EPSMCH,3,3,3,1,41.28068668724997,0.0,1.4128068668724997e-08,euler,True,False,3,
6b01c943c3bb701aeb145f77e0b9245961b31f9a5b007fcf3a1a4ee1ef5e17bc,250,1.0,1.0,1.0,1.0,0.0,0.5,1e-06,1.5,12,20260910,"[1795279171,3283841050,3943980919,3770229849,1639128986,1526759375,974802657,4015921084,12]","[1795279171,3283841050,3943980919,3770229849,1639128986,1526759375,974802657,4015921084,12,0]","[1795279171,3283841050,3943980919,3770229849,1639128986,1526759375,974802657,4015921084,12,1]",PCG64,smoke,exponential,1.0,1.0,False,0.0,0,0.0,1.0129883587790058,1.012988358779006,0.9781221268104028,0.9781221268104022,252.23410133597247,0.004206438121627798,1.0,0.0,True,,1.0269928233638315,0.0281743203313362,0.4977472654727998,11.919151093117579,True,12,0,CONVERGENCE: RELATIVE REDUCTION OF F <= FACTR*EPSMCH,3,3,3,1,11.919151093117579,0.0,1.1191915109311759e-08,exact,True,False,3,
6b01c943c3bb701aeb145f77e0b9245961b31f9a5b007fcf3a1a4ee1ef5e17bc,250,1.0,1.0,1.0,1.0,0.0,0.5,1e-06,1.5,12,20260910,"[1795279171,3283841050,3943980919,3770229849,1639128986,1526759375,974802657,4015921084,12]","[1795279171,3283841050,3943980919,3770229849,1639128986,1526759375,974802657,4015921084,12,0]","[1795279171,3283841050,3943980919,3770229849,1639128986,1526759375,974802657,4015921084,12,1]",PCG64,smoke,exponential,1.0,1.0,False,0.0,0,0.0,1.0129883587790058,1.012988358779006,0.9781221268104028,0.9781221268104022,252.23410133597247,0.004206438121627798,1.0,0.0,True,,0.7709003799438634,0.04661264792891059,0.42686388273898473,58.13359909047605,True,11,0,CONVERGENCE: RELATIVE REDUCTION OF F <= FACTR*EPSMCH,3,3,3,1,58.13359909047605,0.0,1.5813359909047607e-08,pfml,True,False,3,
6b01c943c3bb701aeb145f77e0b9245961b31f9a5b007fcf3a1a4ee1ef5e17bc,250,1.0,1.0,1.0,1.0,0.0,0.5,1e-06,1.5,12,20260910,"[1795279171,3283841050,3943980919,3770229849,1639128986,1526759375,974802657,4015921084,12]","[1795279171,3283841050,3943980919,3770229849,1639128986,1526759375,974802657,4015921084,12,0]","[1795279171,3283841050,3943980919,3770229849,1639128986,1526759375,974802657,4015921084,12,1]",PCG64,smoke,exponential,1.0,1.0,False,0.0,0,0.0,1.0129883587790058,1.012988358779006,0.9781221268104028,0.9781221268104022,252.23410133597247,0.004206438121627798,1.0,0.0,True,,0.5836949332048018,0.01167158738898909,0.3628862437746811,26.83996899237197,True,12,0,CONVERGENCE: RELATIVE REDUCTION OF F <= FACTR*EPSMCH,3,3,3,2,26.83996899237197,0.0,1.2683996899237197e-08,euler,True,False,3,
6b01c943c3bb701aeb145f77e0b9245961b31f9a5b007fcf3a1a4ee1ef5e17bc,250,1.0,1.0,1.0,1.0,0.0,0.5,1e-06,1.5,13,20260910,"[1795279171,3283841050,3943980919,3770229849,1639128986,1526759375,974802657,4015921084,13]","[1795279171,3283841050,3943980919,3770229849,1639128986,1526759375,974802657,4015921084,13,0]","[1795279171,3283841050,3943980919,3770229849,1639128986,1526759375,974802657,4015921084,13,1]",PCG64,smoke,exponential,1.0,1.0,False,0.0,0,0.0,0.9823294295953775,0.9823294295953772,0.9923993943720455,0.9923993943720455,244.6000279692489,0.0002923000343315607,1.0,0.0,True,,1.2754509089343373,-0.008789652401960847,0.5144930174610334,4.229783696954605,True,11,0,CONVERGENCE: RELATIVE REDUCTION OF F <= FACTR*EPSMCH,3,3,3,0,4.229783696954605,0.0,1.042297836969546e-08,exact,True,False,3,
6b01c943c3bb701aeb145f77e0b9245961b31f9a5b007fcf3a1a4ee1ef5e17bc,250,1.0,1.0,1.0,1.0,0.0,0.5,1e-06,1.5,13,20260910,"[1795279171,3283841050,3943980919,3770229849,1639128986,1526759375,974802657,4015921084,13]","[1795279171,3283841050,3943980919,3770229849,1639128986,1526759375,974802657,4015921084,13,0]","[1795279171,3283841050,3943980919,3770229849,1639128986,1526759375,974802657,4015921084,13,1]",PCG64,smoke,exponential,1.0,1.0,False,0.0,0,0.0,0.9823294295953775,0.9823294295953772,0.9923993943720455,0.9923993943720455,244.6000279692489,0.0002923000343315607,1.0,0.0,True,,0.8005477509474588,-0.011648786796944834,0.4064288995223186,41.5805857561302,True,8,0,CONVERGENCE: RELATIVE REDUCTION OF F <= FACTR*EPSMCH,3,3,3,0,41.5805857561302,0.0,1.415805857561302e-08,pfml,True,False,3,
6b01c943c3bb701aeb145f77e0b9245961b31f9a5b007fcf3a1a4ee1ef5e17bc,250,1.0,1.0,1.0,1.0,0.0,0.5,1e-06,1.5,13,20260910,"[1795279171,3283841050,3943980919,3770229849,1639128986,1526759375,974802657,4015921084,13]","[1795279171,3283841050,3943980919,3770229849,1639128986,1526759375,974802657,4015921084,13,0]","[1795279171,3283841050,3943980919,3770229849,1639128986,1526759375,974802657,4015921084,13,1]",PCG64,smoke,exponential,1.0,1.0,False,0.0,0,0.0,0.9823294295953775,0.9823294295953772,0.9923993943720455,0.9923993943720455,244.6000279692489,0.0002923000343315607,1.0,0.0,True,,0.5645500091042336,0.009996058647434998,0.3742318327842002,31.393118875871618,True,10,0,CONVERGENCE: NORM OF PROJECTED GRADIENT <= PGTOL,3,3,3,0,31.393118875871618,0.0,1.3139311887587162e-08,euler,True,False,3,
6b01c943c3bb701aeb145f77e0b9245961b31f9a5b007fcf3a1a4ee1ef5e17bc,250,1.0,1.0,1.0,1.0,0.0,0.5,1e-06,1.5,14,20260910,"[1795279171,3283841050,3943980919,3770229849,1639128986,1526759375,974802657,4015921084,14]","[1795279171,3283841050,3943980919,3770229849,1639128986,1526759375,974802657,4015921084,14,0]","[1795279171,3283841050,3943980919,3770229849,1639128986,1526759375,974802657,4015921084,14,1]",PCG64,smoke,exponential,1.0,1.0,False,0.0,0,0.0,0.9808741514587929,0.980874151458793,1.0188191346219158,1.0188191346219162,244.23766371323944,0.0038991938282890715,1.0,0.0,True,,1.2638129059643926,-0.03801941223121116,0.5045674676674331,0.14890765362958813,True,12,0,CONVERGENCE: RELATIVE REDUCTION OF F <= FACTR*EPSMCH,3,3,3,2,0.14890765362958813,0.0,1.0014890765362959e-08,exact,True,False,3,
6b01c943c3bb701aeb145f77e0b9245961b31f9a5b007fcf3a1a4ee1ef5e17bc,250,1.0,1.0,1.0,1.0,0.0,0.5,1e-06,1.5,14,20260910,"[1795279171,3283841050,3943980919,3770229849,1639128986,1526759375,974802657,4015921084,14]","[1795279171,3283841050,3943980919,3770229849,1639128986,1526759375,974802657,4015921084,14,0]","[1795279171,3283841050,3943980919,3770229849,1639128986,1526759375,974802657,4015921084,14,1]",PCG64,smoke,exponential,1.0,1.0,False,0.0,0,0.0,0.9808741514587929,0.980874151458793,1.0188191346219158,1.0188191346219162,244.23766371323944,0.0038991938282890715,1.0,0.0,True,,0.7924894856510424,-0.03754492504588275,0.39606185756303447,35.808368865868516,True,11,0,CONVERGENCE: RELATIVE REDUCTION OF F <= FACTR*EPSMCH,3,3,3,2,35.808368865868516,0.0,1.3580836886586851e-08,pfml,True,False,3,
6b01c943c3bb701aeb145f77e0b9245961b31f9a5b007fcf3a1a4ee1ef5e17bc,250,1.0,1.0,1.0,1.0,0.0,0.5,1e-06,1.5,14,20260910,"[1795279171,3283841050,3943980919,3770229849,1639128986,1526759375,974802657,4015921084,14]","[1795279171,3283841050,3943980919,3770229849,1639128986,1526759375,974802657,4015921084,14,0]","[1795279171,3283841050,3943980919,3770229849,1639128986,1526759375,974802657,4015921084,14,1]",PCG64,smoke,exponential,1.0,1.0,False,0.0,0,0.0,0.9808741514587929,0.980874151458793,1.0188191346219158,1.0188191346219162,244.23766371323944,0.0038991938282890715,1.0,0.0,True,,0.5899147618921435,-0.05936925160246057,0.36838326010868794,26.926083711585104,True,10,0,CONVERGENCE: RELATIVE REDUCTION OF F <= FACTR*EPSMCH,3,3,3,0,26.926083711585104,0.0,1.269260837115851e-08,euler,True,False,3,
6b01c943c3bb701aeb145f77e0b9245961b31f9a5b007fcf3a1a4ee1ef5e17bc,250,1.0,1.0,1.0,1.0,0.0,0.5,1e-06,1.5,15,20260910,"[1795279171,3283841050,3943980919,3770229849,1639128986,1526759375,974802657,4015921084,15]","[1795279171,3283841050,3943980919,3770229849,1639128986,1526759375,974802657,4015921084,15,0]","[1795279171,3283841050,3943980919,3770229849,1639128986,1526759375,974802657,4015921084,15,1]",PCG64,smoke,exponential,1.0,1.0,False,0.0,0,0.0,0.9736709736204435,0.9736709736204425,0.9535047975498063,0.9535047975498078,242.44407243149018,0.0016517143342014151,1.0,0.0,True,,0.7346147664965479,-0.020416184289594526,0.4594371852596394,22.793099661340058,True,12,0,CONVERGENCE: RELATIVE REDUCTION OF F <= FACTR*EPSMCH,3,3,3,1,22.793099661340058,0.0,1.2279309966134006e-08,exact,True,False,3,
6b01c943c3bb701aeb145f77e0b9245961b31f9a5b007fcf3a1a4ee1ef5e17bc,250,1.0,1.0,1.0,1.0,0.0,0.5,1e-06,1.5,15,20260910,"[1795279171,3283841050,3943980919,3770229849,1639128986,1526759375,974802657,4015921084,15]","[1795279171,3283841050,3943980919,3770229849,1639128986,1526759375,974802657,4015921084,15,0]","[1795279171,3283841050,3943980919,3770229849,1639128986,1526759375,974802657,4015921084,15,1]",PCG64,smoke,exponential,1.0,1.0,False,0.0,0,0.0,0.9736709736204435,0.9736709736204425,0.9535047975498063,0.9535047975498078,242.44407243149018,0.0016517143342014151,1.0,0.0,True,,0.5233478028595518,-0.026850552914814276,0.394032677366408,59.99555104303758,True,9,0,CONVERGENCE: RELATIVE REDUCTION OF F <= FACTR*EPSMCH,3,3,3,0,59.99555104303758,0.0,1.5999555104303758e-08,pfml,True,False,3,
6b01c943c3bb701aeb145f77e0b9245961b31f9a5b007fcf3a1a4ee1ef5e17bc,250,1.0,1.0,1.0,1.0,0.0,0.5,1e-06,1.5,15,20260910,"[1795279171,3283841050,3943980919,3770229849,1639128986,1526759375,974802657,4015921084,15]","[1795279171,3283841050,3943980919,3770229849,1639128986,1526759375,974802657,4015921084,15,0]","[1795279171,3283841050,3943980919,3770229849,1639128986,1526759375,974802657,4015921084,15,1]",PCG64,smoke,exponential,1.0,1.0,False,0.0,0,0.0,0.9736709736204435,0.9736709736204425,0.9535047975498063,0.9535047975498078,242.44407243149018,0.0016517143342014151,1.0,0.0,True,,0.45355792419222574,-0.021103576228764482,0.36264649942270766,34.984899398143504,True,11,0,CONVERGENCE: NORM OF PROJECTED GRADIENT <= PGTOL,3,3,3,1,34.984899398143504,0.0,1.349848993981435e-08,euler,True,False,3,
6b01c943c3bb701aeb145f77e0b9245961b31f9a5b007fcf3a1a4ee1ef5e17bc,250,1.0,1.0,1.0,1.0,0.0,0.5,1e-06,1.5,16,20260910,"[1795279171,3283841050,3943980919,3770229849,1639128986,1526759375,974802657,4015921084,16]","[1795279171,3283841050,3943980919,3770229849,1639128986,1526759375,974802657,4015921084,16,0]","[1795279171,3283841050,3943980919,3770229849,1639128986,1526759375,974802657,4015921084,16,1]",PCG64,smoke,exponential,1.0,1.0,False,0.0,0,0.0,0.9885243913559187,0.9885243913559191,1.0112716253190723,1.0112716253190712,246.14257344762385,5.280221273551433e-07,1.0,0.0,True,,1.1175276996273127,-0.03270184826192784,0.48479677558371925,-3.656248055911828,True,11,0,CONVERGENCE: RELATIVE REDUCTION OF F <= FACTR*EPSMCH,3,3,3,2,-3.656248055911828,0.0,1.0365624805591183e-08,exact,True,False,3,
6b01c943c3bb701aeb145f77e0b9245961b31f9a5b007fcf3a1a4ee1ef5e17bc,250,1.0,1.0,1.0,1.0,0.0,0.5,1e-06,1.5,16,20260910,"[1795279171,3283841050,3943980919,3770229849,1639128986,1526759375,974802657,4015921084,16]","[1795279171,3283841050,3943980919,3770229849,1639128986,1526759375,974802657,4015921084,16,0]","[1795279171,3283841050,3943980919,3770229849,1639128986,1526759375,974802657,4015921084,16,1]",PCG64,smoke,exponential,1.0,1.0,False,0.0,0,0.0,0.9885243913559187,0.9885243913559191,1.0112716253190723,1.0112716253190712,246.14257344762385,5.280221273551433e-07,1.0,0.0,True,,0.7799141574916062,-0.030665670747195263,0.41866350190336665,51.19039760847528,True,11,0,CONVERGENCE: RELATIVE REDUCTION OF F <= FACTR*EPSMCH,3,3,3,1,51.19039760847528,0.0,1.5119039760847527e-08,pfml,True,False,3,
6b01c943c3bb701aeb145f77e0b9245961b31f9a5b007fcf3a1a4ee1ef5e17bc,250,1.0,1.0,1.0,1.0,0.0,0.5,1e-06,1.5,16,20260910,"[1795279171,3283841050,3943980919,3770229849,1639128986,1526759375,974802657,4015921084,16]","[1795279171,3283841050,3943980919,3770229849,1639128986,1526759375,974802657,4015921084,16,0]","[1795279171,3283841050,3943980919,3770229849,1639128986,1526759375,974802657,4015921084,16,1]",PCG64,smoke,exponential,1.0,1.0,False,0.0,0,0.0,0.9885243913559187,0.9885243913559191,1.0112716253190723,1.0112716253190712,246.14257344762385,5.280221273551433e-07,1.0,0.0,True,,0.6353910027536941,-0.02495584507082218,0.3492661917124699,11.782074753071496,True,12,0,CONVERGENCE: RELATIVE REDUCTION OF F <= FACTR*EPSMCH,3,3,3,2,11.782074753071496,0.0,1.117820747530715e-08,euler,True,False,3,
6b01c943c3bb701aeb145f77e0b9245961b31f9a5b007fcf3a1a4ee1ef5e17bc,250,1.0,1.0,1.0,1.0,0.0,0.5,1e-06,1.5,17,20260910,"[1795279171,3283841050,3943980919,3770229849,1639128986,1526759375,974802657,4015921084,17]","[1795279171,3283841050,3943980919,3770229849,1639128986,1526759375,974802657,4015921084,17,0]","[1795279171,3283841050,3943980919,3770229849,1639128986,1526759375,974802657,4015921084,17,1]",PCG64,smoke,exponential,1.0,1.0,False,0.0,0,0.0,0.9007343346854637,0.9007343346854642,0.9180040806699639,0.9180040806699638,224.28284933668056,0.006399534397559137,1.0,0.0,True,,0.9770195970897293,-0.08946942536298717,0.4586028152037833,-4.765948435136617,True,13,0,CONVERGENCE: RELATIVE REDUCTION OF F <= FACTR*EPSMCH,3,3,3,1,-4.765948435136617,0.0,1.0476594843513662e-08,exact,True,False,3,
6b01c943c3bb701aeb145f77e0b9245961b31f9a5b007fcf3a1a4ee1ef5e17bc,250,1.0,1.0,1.0,1.0,0.0,0.5,1e-06,1.5,17,20260910,"[1795279171,3283841050,3943980919,3770229849,1639128986,1526759375,974802657,4015921084,17]","[1795279171,3283841050,3943980919,3770229849,1639128986,1526759375,974802657,4015921084,17,0]","[1795279171,3283841050,3943980919,3770229849,1639128986,1526759375,974802657,4015921084,17,1]",PCG64,smoke,exponential,1.0,1.0,False,0.0,0,0.0,0.9007343346854637,0.9007343346854642,0.9180040806699639,0.9180040806699638,224.28284933668056,0.006399534397559137,1.0,0.0,True,,0.7791944514587152,-0.1091596842443333,0.4275967048764192,51.4342153813261,True,12,0,CONVERGENCE: NORM OF PROJECTED GRADIENT <= PGTOL,3,3,3,2,51.4342153813261,0.0,1.514342153813261e-08,pfml,True,False,3,
6b01c943c3bb701aeb145f77e0b9245961b31f9a5b007fcf3a1a4ee1ef5e17bc,250,1.0,1.0,1.0,1.0,0.0,0.5,1e-06,1.5,17,20260910,"[1795279171,3283841050,3943980919,3770229849,1639128986,1526759375,974802657,4015921084,17]","[1795279171,3283841050,3943980919,3770229849,1639128986,1526759375,974802657,4015921084,17,0]","[1795279171,3283841050,3943980919,3770229849,1639128986,1526759375,974802657,4015921084,17,1]",PCG64,smoke,exponential,1.0,1.0,False,0.0,0,0.0,0.9007343346854637,0.9007343346854642,0.9180040806699639,0.9180040806699638,224.28284933668056,0.006399534397559137,1.0,0.0,True,,0.5188922083001375,-0.10160134030900646,0.3457929500409143,8.557925215895432,True,11,0,CONVERGENCE: RELATIVE REDUCTION OF F <= FACTR*EPSMCH,3,3,3,2,8.557925215895432,0.0,1.0855792521589543e-08,euler,True,False,3,
6b01c943c3bb701aeb145f77e0b9245961b31f9a5b007fcf3a1a4ee1ef5e17bc,250,1.0,1.0,1.0,1.0,0.0,0.5,1e-06,1.5,18,20260910,"[1795279171,3283841050,3943980919,3770229849,1639128986,1526759375,974802657,4015921084,18]","[1795279171,3283841050,3943980919,3770229849,1639128986,1526759375,974802657,4015921084,18,0]","[1795279171,3283841050,3943980919,3770229849,1639128986,1526759375,974802657,4015921084,18,1]",PCG64,smoke,exponential,1.0,1.0,False,0.0,0,0.0,0.9801465297310789,0.9801465297310791,0.908823185623996,0.9088231856239952,244.0564859030387,0.002616593322358085,1.0,0.0,True,,1.1201488844373009,0.01341110500091231,0.5392887257444434,27.92477045201689,True,12,0,CONVERGENCE: RELATIVE REDUCTION OF F <= FACTR*EPSMCH,3,3,3,1,27.92477045201689,0.0,1.279247704520169e-08,exact,True,False,3,
6b01c943c3bb701aeb145f77e0b9245961b31f9a5b007fcf3a1a4ee1ef5e17bc,250,1.0,1.0,1.0,1.0,0.0,0.5,1e-06,1.5,18,20260910,"[1795279171,3283841050,3943980919,3770229849,1639128986,1526759375,974802657,4015921084,18]","[1795279171,3283841050,3943980919,3770229849,1639128986,1526759375,974802657,4015921084,18,0]","[1795279171,3283841050,3943980919,3770229849,1639128986,1526759375,974802657,4015921084,18,1]",PCG64,smoke,exponential,1.0,1.0,False,0.0,0,0.0,0.9801465297310789,0.9801465297310791,0.908823185623996,0.9088231856239952,244.0564859030387,0.002616593322358085,1.0,0.0,True,,0.953481678385474,0.007878364368931958,0.485003653564283,71.91390492114797,True,10,0,CONVERGENCE: RELATIVE REDUCTION OF F <= FACTR*EPSMCH,3,3,3,0,71.91390492114797,0.0,1.7191390492114797e-08,pfml,True,False,3,
6b01c943c3bb701aeb145f77e0b9245961b31f9a5b007fcf3a1a4ee1ef5e17bc,250,1.0,1.0,1.0,1.0,0.0,0.5,1e-06,1.5,18,20260910,"[1795279171,3283841050,3943980919,3770229849,1639128986,1526759375,974802657,4015921084,18]","[1795279171,3283841050,3943980919,3770229849,1639128986,1526759375,974802657,4015921084,18,0]","[1795279171,3283841050,3943980919,3770229849,1639128986,1526759375,974802657,4015921084,18,1]",PCG64,smoke,exponential,1.0,1.0,False,0.0,0,0.0,0.9801465297310789,0.9801465297310791,0.908823185623996,0.9088231856239952,244.0564859030387,0.002616593322358085,1.0,0.0,True,,0.49681887783559064,0.05092340119187039,0.39696239792195853,50.72703836038147,True,11,0,CONVERGENCE: RELATIVE REDUCTION OF F <= FACTR*EPSMCH,3,3,3,0,50.72703836038147,0.0,1.507270383603815e-08,euler,True,False,3,
6b01c943c3bb701aeb145f77e0b9245961b31f9a5b007fcf3a1a4ee1ef5e17bc,250,1.0,1.0,1.0,1.0,0.0,0.5,1e-06,1.5,19,20260910,"[1795279171,3283841050,3943980919,3770229849,1639128986,1526759375,974802657,4015921084,19]","[1795279171,3283841050,3943980919,3770229849,1639128986,1526759375,974802657,4015921084,19,0]","[1795279171,3283841050,3943980919,3770229849,1639128986,1526759375,974802657,4015921084,19,1]",PCG64,smoke,exponential,1.0,1.0,False,0.0,0,0.0,1.0622921887406205,1.0622921887406207,0.9807207443557616,0.9807207443557614,264.51075499641456,0.002759094606915369,1.0,0.0,True,,0.9460719220315694,0.023783198943496967,0.4845406946503436,21.349050591914832,True,10,0,CONVERGENCE: RELATIVE REDUCTION OF F <= FACTR*EPSMCH,3,3,3,0,21.349050591914832,0.0,1.2134905059191483e-08,exact,True,False,3,
6b01c943c3bb701aeb145f77e0b9245961b31f9a5b007fcf3a1a4ee1ef5e17bc,250,1.0,1.0,1.0,1.0,0.0,0.5,1e-06,1.5,19,20260910,"[1795279171,3283841050,3943980919,3770229849,1639128986,1526759375,974802657,4015921084,19]","[1795279171,3283841050,3943980919,3770229849,1639128986,1526759375,974802657,4015921084,19,0]","[1795279171,3283841050,3943980919,3770229849,1639128986,1526759375,974802657,4015921084,19,1]",PCG64,smoke,exponential,1.0,1.0,False,0.0,0,0.0,1.0622921887406205,1.0622921887406207,0.9807207443557616,0.9807207443557614,264.51075499641456,0.002759094606915369,1.0,0.0,True,,0.6823433907700408,0.00716426746692568,0.4196295044733228,65.0854780966089,True,11,0,CONVERGENCE: RELATIVE REDUCTION OF F <= FACTR*EPSMCH,3,3,3,1,65.0854780966089,0.0,1.650854780966089e-08,pfml,True,False,3,
6b01c943c3bb701aeb145f77e0b9245961b31f9a5b007fcf3a1a4ee1ef5e17bc,250,1.0,1.0,1.0,1.0,0.0,0.5,1e-06,1.5,19,20260910,"[1795279171,3283841050,3943980919,3770229849,1639128986,1526759375,974802657,4015921084,19]","[1795279171,3283841050,3943980919,3770229849,1639128986,1526759375,974802657,4015921084,19,0]","[1795279171,3283841050,3943980919,3770229849,1639128986,1526759375,974802657,4015921084,19,1]",PCG64,smoke,exponential,1.0,1.0,False,0.0,0,0.0,1.0622921887406205,1.0622921887406207,0.9807207443557616,0.9807207443557614,264.51075499641456,0.002759094606915369,1.0,0.0,True,,0.5016235878621896,0.01425939566211295,0.35939539009718086,38.5624886034624,True,9,0,CONVERGENCE: RELATIVE REDUCTION OF F <= FACTR*EPSMCH,3,3,3,0,38.5624886034624,0.0,1.385624886034624e-08,euler,True,False,3,
a28cd55993f16d3495a20ae0e34dfd016fd6a9823f88fbf06aa8b717c6b39d36,250,1.0,1.0,2.0,1.0,0.0,0.5,1e-06,1.5,0,20260910,"[2727138649,2482072884,2510424800,3813539073,1876339074,1065942000,1789441815,3333659958,0]","[2727138649,2482072884,2510424800,3813539073,1876339074,1065942000,1789441815,3333659958,0,0]","[2727138649,2482072884,2510424800,3813539073,1876339074,1065942000,1789441815,3333659958,0,1]",PCG64,smoke,gamma,1.0,2.0,True,1e-06,5,0.020080321285140562,0.8344249468975172,0.8344249658671421,1.8689332987262002,1.8689332440742747,207.77181650091836,9.999999974752427e-07,1.0000000197357617,0.024669701620415353,True,,0.6987088654334866,0.014914165488628098,0.448104316408589,-249.65250159508926,True,11,0,CONVERGENCE: RELATIVE REDUCTION OF F <= FACTR*EPSMCH,3,3,3,0,-249.65250159508926,0.0,3.4965250159508926e-08,exact,True,False,3,
a28cd55993f16d3495a20ae0e34dfd016fd6a9823f88fbf06aa8b717c6b39d36,250,1.0,1.0,2.0,1.0,0.0,0.5,1e-06,1.5,0,20260910,"[2727138649,2482072884,2510424800,3813539073,1876339074,1065942000,1789441815,3333659958,0]","[2727138649,2482072884,2510424800,3813539073,1876339074,1065942000,1789441815,3333659958,0,0]","[2727138649,2482072884,2510424800,3813539073,1876339074,1065942000,1789441815,3333659958,0,1]",PCG64,smoke,gamma,1.0,2.0,True,1e-06,5,0.020080321285140562,0.8344249468975172,0.8344249658671421,1.8689332987262002,1.8689332440742747,207.77181650091836,9.999999974752427e-07,1.0000000197357617,0.024669701620415353,True,,0.4492110214448702,0.029758605994222552,0.35332704236806706,27.96485217318054,True,11,0,CONVERGENCE: RELATIVE REDUCTION OF F <= FACTR*EPSMCH,3,3,3,2,27.96485217318054,0.0,1.2796485217318055e-08,pfml,True,False,3,
a28cd55993f16d3495a20ae0e34dfd016fd6a9823f88fbf06aa8b717c6b39d36,250,1.0,1.0,2.0,1.0,0.0,0.5,1e-06,1.5,0,20260910,"[2727138649,2482072884,2510424800,3813539073,1876339074,1065942000,1789441815,3333659958,0]","[2727138649,2482072884,2510424800,3813539073,1876339074,1065942000,1789441815,3333659958,0,0]","[2727138649,2482072884,2510424800,3813539073,1876339074,1065942000,1789441815,3333659958,0,1]",PCG64,smoke,gamma,1.0,2.0,True,1e-06,5,0.020080321285140562,0.8344249468975172,0.8344249658671421,1.8689332987262002,1.8689332440742747,207.77181650091836,9.999999974752427e-07,1.0000000197357617,0.024669701620415353,True,,0.3664196887198238,0.044002010056941106,0.3895619673422619,-235.21639597358762,True,11,0,CONVERGENCE: RELATIVE REDUCTION OF F <= FACTR*EPSMCH,3,3,3,0,-235.21639597358762,0.0,3.3521639597358764e-08,euler,True,False,3,
a28cd55993f16d3495a20ae0e34dfd016fd6a9823f88fbf06aa8b717c6b39d36,250,1.0,1.0,2.0,1.0,0.0,0.5,1e-06,1.5,1,20260910,"[2727138649,2482072884,2510424800,3813539073,1876339074,1065942000,1789441815,3333659958,1]","[2727138649,2482072884,2510424800,3813539073,1876339074,1065942000,1789441815,3333659958,1,0]","[2727138649,2482072884,2510424800,3813539073,1876339074,1065942000,1789441815,3333659958,1,1]",PCG64,smoke,gamma,1.0,2.0,True,1e-06,8,0.0321285140562249,0.766266700601516,0.7662667259783741,1.8605840872540138,1.8605840078365525,190.80041476861516,9.999999974752427e-07,1.0000000197357617,0.024669701620415353,True,,1.029273753695502,-0.007035368812423664,0.4915329328239191,-244.5522340652592,True,16,0,CONVERGENCE: RELATIVE REDUCTION OF F <= FACTR*EPSMCH,3,3,3,1,-244.5522340652592,0.0,3.445522340652592e-08,exact,True,False,3,
a28cd55993f16d3495a20ae0e34dfd016fd6a9823f88fbf06aa8b717c6b39d36,250,1.0,1.0,2.0,1.0,0.0,0.5,1e-06,1.5,1,20260910,"[2727138649,2482072884,2510424800,3813539073,1876339074,1065942000,1789441815,3333659958,1]","[2727138649,2482072884,2510424800,3813539073,1876339074,1065942000,1789441815,3333659958,1,0]","[2727138649,2482072884,2510424800,3813539073,1876339074,1065942000,1789441815,3333659958,1,1]",PCG64,smoke,gamma,1.0,2.0,True,1e-06,8,0.0321285140562249,0.766266700601516,0.7662667259783741,1.8605840872540138,1.8605840078365525,190.80041476861516,9.999999974752427e-07,1.0000000197357617,0.024669701620415353,True,,0.5091658088732163,-0.014168044556263935,0.3464526333914054,10.796619253056106,True,13,0,CONVERGENCE: RELATIVE REDUCTION OF F <= FACTR*EPSMCH,3,3,3,2,10.796619253056106,0.0,1.1079661925305611e-08,pfml,True,False,3,
a28cd55993f16d3495a20ae0e34dfd016fd6a9823f88fbf06aa8b717c6b39d36,250,1.0,1.0,2.0,1.0,0.0,0.5,1e-06,1.5,1,20260910,"[2727138649,2482072884,2510424800,3813539073,1876339074,1065942000,1789441815,3333659958,1]","[2727138649,2482072884,2510424800,3813539073,1876339074,1065942000,1789441815,3333659958,1,0]","[2727138649,2482072884,2510424800,3813539073,1876339074,1065942000,1789441815,3333659958,1,1]",PCG64,smoke,gamma,1.0,2.0,True,1e-06,8,0.0321285140562249,0.766266700601516,0.7662667259783741,1.8605840872540138,1.8605840078365525,190.80041476861516,9.999999974752427e-07,1.0000000197357617,0.024669701620415353,True,,0.3826336535987156,0.031801712395638816,0.42320789613479226,-220.75567649134103,True,15,0,CONVERGENCE: RELATIVE REDUCTION OF F <= FACTR*EPSMCH,3,3,3,2,-220.75567649134103,0.0,3.207556764913411e-08,euler,True,False,3,
a28cd55993f16d3495a20ae0e34dfd016fd6a9823f88fbf06aa8b717c6b39d36,250,1.0,1.0,2.0,1.0,0.0,0.5,1e-06,1.5,2,20260910,"[2727138649,2482072884,2510424800,3813539073,1876339074,1065942000,1789441815,3333659958,2]","[2727138649,2482072884,2510424800,3813539073,1876339074,1065942000,1789441815,3333659958,2,0]","[2727138649,2482072884,2510424800,3813539073,1876339074,1065942000,1789441815,3333659958,2,1]",PCG64,smoke,gamma,1.0,2.0,True,1e-06,8,0.0321285140562249,1.0743317512136143,1.0743317818266558,2.3974873426673478,2.397487262465703,267.5086136748373,9.999999974752427e-07,1.0000000197357617,0.024669701620415353,True,,0.9282200881184688,0.014027164989324293,0.48666254534065284,-226.01921236473748,True,13,0,CONVERGENCE: RELATIVE REDUCTION OF F <= FACTR*EPSMCH,3,3,3,1,-226.01921236473748,0.0,3.260192123647375e-08,exact,True,False,3,
a28cd55993f16d3495a20ae0e34dfd016fd6a9823f88fbf06aa8b717c6b39d36,250,1.0,1.0,2.0,1.0,0.0,0.5,1e-06,1.5,2,20260910,"[2727138649,2482072884,2510424800,3813539073,1876339074,1065942000,1789441815,3333659958,2]","[2727138649,2482072884,2510424800,3813539073,1876339074,1065942000,1789441815,3333659958,2,0]","[2727138649,2482072884,2510424800,3813539073,1876339074,1065942000,1789441815,3333659958,2,1]",PCG64,smoke,gamma,1.0,2.0,True,1e-06,8,0.0321285140562249,1.0743317512136143,1.0743317818266558,2.3974873426673478,2.397487262465703,267.5086136748373,9.999999974752427e-07,1.0000000197357617,0.024669701620415353,True,,0.36815417504873177,0.01108715942926839,0.309256238289492,24.00659302704118,True,13,0,CONVERGENCE: RELATIVE REDUCTION OF F <= FACTR*EPSMCH,3,3,3,2,24.00659302704118,0.0,1.2400659302704118e-08,pfml,True,False,3,
a28cd55993f16d3495a20ae0e34dfd016fd6a9823f88fbf06aa8b717c6b39d36,250,1.0,1.0,2.0,1.0,0.0,0.5,1e-06,1.5,2,20260910,"[2727138649,2482072884,2510424800,3813539073,1876339074,1065942000,1789441815,3333659958,2]","[2727138649,2482072884,2510424800,3813539073,1876339074,1065942000,1789441815,3333659958,2,0]","[2727138649,2482072884,2510424800,3813539073,1876339074,1065942000,1789441815,3333659958,2,1]",PCG64,smoke,gamma,1.0,2.0,True,1e-06,8,0.0321285140562249,1.0743317512136143,1.0743317818266558,2.3974873426673478,2.397487262465703,267.5086136748373,9.999999974752427e-07,1.0000000197357617,0.024669701620415353,True,,0.37933910111964175,0.01653256949903821,0.4180570084897872,-199.0772670318109,True,15,0,CONVERGENCE: RELATIVE REDUCTION OF F <= FACTR*EPSMCH,3,3,3,1,-199.0772670318109,0.0,2.9907726703181095e-08,euler,True,False,3,
a28cd55993f16d3495a20ae0e34dfd016fd6a9823f88fbf06aa8b717c6b39d36,250,1.0,1.0,2.0,1.0,0.0,0.5,1e-06,1.5,3,20260910,"[2727138649,2482072884,2510424800,3813539073,1876339074,1065942000,1789441815,3333659958,3]","[2727138649,2482072884,2510424800,3813539073,1876339074,1065942000,1789441815,3333659958,3,0]","[2727138649,2482072884,2510424800,3813539073,1876339074,1065942000,1789441815,3333659958,3,1]",PCG64,smoke,gamma,1.0,2.0,True,1e-06,7,0.028112449799196786,0.978927043517896,0.9789270600298438,1.9897298373949466,1.989729795356168,243.7528379474311,9.999999974752427e-07,1.0000000197357617,0.024669701620415353,True,,0.8479215834051658,0.025855065652509543,0.4791197017214638,-230.81994160054907,True,11,0,CONVERGENCE: RELATIVE REDUCTION OF F <= FACTR*EPSMCH,3,3,3,0,-230.81994160054907,0.0,3.3081994160054905e-08,exact,True,False,3,
a28cd55993f16d3495a20ae0e34dfd016fd6a9823f88fbf06aa8b717c6b39d36,250,1.0,1.0,2.0,1.0,0.0,0.5,1e-06,1.5,3,20260910,"[2727138649,2482072884,2510424800,3813539073,1876339074,1065942000,1789441815,3333659958,3]","[2727138649,2482072884,2510424800,3813539073,1876339074,1065942000,1789441815,3333659958,3,0]","[2727138649,2482072884,2510424800,3813539073,1876339074,1065942000,1789441815,3333659958,3,1]",PCG64,smoke,gamma,1.0,2.0,True,1e-06,7,0.028112449799196786,0.978927043517896,0.9789270600298438,1.9897298373949466,1.989729795356168,243.7528379474311,9.999999974752427e-07,1.0000000197357617,0.024669701620415353,True,,0.3907770733797936,-0.013991440015835362,0.31778666749532286,20.612047276925665,True,13,0,CONVERGENCE: RELATIVE REDUCTION OF F <= FACTR*EPSMCH,3,3,3,1,20.612047276925665,0.0,1.2061204727692566e-08,pfml,True,False,3,
a28cd55993f16d3495a20ae0e34dfd016fd6a9823f88fbf06aa8b717c6b39d36,250,1.0,1.0,2.0,1.0,0.0,0.5,1e-06,1.5,3,20260910,"[2727138649,2482072884,2510424800,3813539073,1876339074,1065942000,1789441815,3333659958,3]","[2727138649,2482072884,2510424800,3813539073,1876339074,1065942000,1789441815,3333659958,3,0]","[2727138649,2482072884,2510424800,3813539073,1876339074,1065942000,1789441815,3333659958,3,1]",PCG64,smoke,gamma,1.0,2.0,True,1e-06,7,0.028112449799196786,0.978927043517896,0.9789270600298438,1.9897298373949466,1.989729795356168,243.7528379474311,9.999999974752427e-07,1.0000000197357617,0.024669701620415353,True,,0.3104047918407974,0.030497954146368703,0.4122842350842771,-206.8982190409262,True,12,0,CONVERGENCE: RELATIVE REDUCTION OF F <= FACTR*EPSMCH,3,3,3,0,-206.8982190409262,0.0,3.0689821904092625e-08,euler,True,False,3,
a28cd55993f16d3495a20ae0e34dfd016fd6a9823f88fbf06aa8b717c6b39d36,250,1.0,1.0,2.0,1.0,0.0,0.5,1e-06,1.5,4,20260910,"[2727138649,2482072884,2510424800,3813539073,1876339074,1065942000,1789441815,3333659958,4]","[2727138649,2482072884,2510424800,3813539073,1876339074,1065942000,1789441815,3333659958,4,0]","[2727138649,2482072884,2510424800,3813539073,1876339074,1065942000,1789441815,3333659958,4,1]",PCG64,smoke,gamma,1.0,2.0,True,1e-06,6,0.024096385542168676,1.0227259959834607,1.022726018518665,1.781480444685525,1.7814803930629741,254.65877861114762,9.999999974752427e-07,1.0000000197357617,0.024669701620415353,True,,0.9715133669963685,-0.011267289872606931,0.4776064368678046,-250.57423901618347,True,10,0,CONVERGENCE: RELATIVE REDUCTION OF F <= FACTR*EPSMCH,3,3,3,2,-250.57423901618347,0.0,3.505742390161835e-08,exact,True,False,3,
a28cd55993f16d3495a20ae0e34dfd016fd6a9823f88fbf06aa8b717c6b39d36,250,1.0,1.0,2.0,1.0,0.0,0.5,1e-06,1.5,4,20260910,"[2727138649,2482072884,2510424800,3813539073,1876339074,1065942000,1789441815,3333659958,4]","[2727138649,2482072884,2510424800,3813539073,1876339074,1065942000,1789441815,3333659958,4,0]","[2727138649,2482072884,2510424800,3813539073,1876339074,1065942000,1789441815,3333659958,4,1]",PCG64,smoke,gamma,1.0,2.0,True,1e-06,6,0.024096385542168676,1.0227259959834607,1.022726018518665,1.781480444685525,1.7814803930629741,254.65877861114762,9.999999974752427e-07,1.0000000197357617,0.024669701620415353,True,,0.42279236111634433,-0.026360534646327077,0.3215524393009003,23.62119358048392,True,8,0,CONVERGENCE: RELATIVE REDUCTION OF F <= FACTR*EPSMCH,3,3,3,0,23.62119358048392,0.0,1.2362119358048392e-08,pfml,True,False,3,
a28cd55993f16d3495a20ae0e34dfd016fd6a9823f88fbf06aa8b717c6b39d36,250,1.0,1.0,2.0,1.0,0.0,0.5,1e-06,1.5,4,20260910,"[2727138649,2482072884,2510424800,3813539073,1876339074,1065942000,1789441815,3333659958,4]","[2727138649,2482072884,2510424800,3813539073,1876339074,1065942000,1789441815,3333659958,4,0]","[2727138649,2482072884,2510424800,3813539073,1876339074,1065942000,1789441815,3333659958,4,1]",PCG64,smoke,gamma,1.0,2.0,True,1e-06,6,0.024096385542168676,1.0227259959834607,1.022726018518665,1.781480444685525,1.7814803930629741,254.65877861114762,9.999999974752427e-07,1.0000000197357617,0.024669701620415353,True,,0.3009145704310133,-0.008578124389990723,0.4061181299088204,-220.42878446814325,True,11,0,CONVERGENCE: RELATIVE REDUCTION OF F <= FACTR*EPSMCH,3,3,3,2,-220.42878446814325,0.0,3.2042878446814325e-08,euler,True,False,3,
a28cd55993f16d3495a20ae0e34dfd016fd6a9823f88fbf06aa8b717c6b39d36,250,1.0,1.0,2.0,1.0,0.0,0.5,1e-06,1.5,5,20260910,"[2727138649,2482072884,2510424800,3813539073,1876339074,1065942000,1789441815,3333659958,5]","[2727138649,2482072884,2510424800,3813539073,1876339074,1065942000,1789441815,3333659958,5,0]","[2727138649,2482072884,2510424800,3813539073,1876339074,1065942000,1789441815,3333659958,5,1]",PCG64,smoke,gamma,1.0,2.0,True,1e-06,10,0.040160642570281124,0.9981820956052343,0.998182130059908,2.2295629380565756,2.229562845616121,248.54735038491708,9.999999974752427e-07,1.0000000197357617,0.024669701620415353,True,,1.1540880770868929,0.03761093891505736,0.5450251462898836,-244.87038237110036,True,14,0,CONVERGENCE: RELATIVE REDUCTION OF F <= FACTR*EPSMCH,3,3,3,1,-244.87038237110036,0.0,3.448703823711004e-08,exact,True,False,3,
a28cd55993f16d3495a20ae0e34dfd016fd6a9823f88fbf06aa8b717c6b39d36,250,1.0,1.0,2.0,1.0,0.0,0.5,1e-06,1.5,5,20260910,"[2727138649,2482072884,2510424800,3813539073,1876339074,1065942000,1789441815,3333659958,5]","[2727138649,2482072884,2510424800,3813539073,1876339074,1065942000,1789441815,3333659958,5,0]","[2727138649,2482072884,2510424800,3813539073,1876339074,1065942000,1789441815,3333659958,5,1]",PCG64,smoke,gamma,1.0,2.0,True,1e-06,10,0.040160642570281124,0.9981820956052343,0.998182130059908,2.2295629380565756,2.229562845616121,248.54735038491708,9.999999974752427e-07,1.0000000197357617,0.024669701620415353,True,,0.42783023816914423,-0.02401916374333811,0.34682860519982195,40.010427789512015,True,14,0,CONVERGENCE: RELATIVE REDUCTION OF F <= FACTR*EPSMCH,3,3,3,1,40.010427789512015,0.0,1.4001042778951203e-08,pfml,True,False,3,
a28cd55993f16d3495a20ae0e34dfd016fd6a9823f88fbf06aa8b717c6b39d36,250,1.0,1.0,2.0,1.0,0.0,0.5,1e-06,1.5,5,20260910,"[2727138649,2482072884,2510424800,3813539073,1876339074,1065942000,1789441815,3333659958,5]","[2727138649,2482072884,2510424800,3813539073,1876339074,1065942000,1789441815,3333659958,5,0]","[2727138649,2482072884,2510424800,3813539073,1876339074,1065942000,1789441815,3333659958,5,1]",PCG64,smoke,gamma,1.0,2.0,True,1e-06,10,0.040160642570281124,0.9981820956052343,0.998182130059908,2.2295629380565756,2.229562845616121,248.54735038491708,9.999999974752427e-07,1.0000000197357617,0.024669701620415353,True,,0.34216655908544263,0.07050795577173338,0.46312067989993166,-211.82246973345076,True,12,0,CONVERGENCE: RELATIVE REDUCTION OF F <= FACTR*EPSMCH,3,3,3,0,-211.82246973345076,0.0,3.118224697334508e-08,euler,True,False,3,
a28cd55993f16d3495a20ae0e34dfd016fd6a9823f88fbf06aa8b717c6b39d36,250,1.0,1.0,2.0,1.0,0.0,0.5,1e-06,1.5,6,20260910,"[2727138649,2482072884,2510424800,3813539073,1876339074,1065942000,1789441815,3333659958,6]","[2727138649,2482072884,2510424800,3813539073,1876339074,1065942000,1789441815,3333659958,6,0]","[2727138649,2482072884,2510424800,3813539073,1876339074,1065942000,1789441815,3333659958,6,1]",PCG64,smoke,gamma,1.0,2.0,True,1e-06,5,0.020080321285140562,0.9834324427068799,0.9834324588953762,2.081692083491791,2.0816920413169933,244.8746822649487,9.999999974752427e-07,1.0000000197357617,0.024669701620415353,True,,1.3020583622195738,-0.006824499831626675,0.5264084983288295,-207.8949496659651,True,10,0,CONVERGENCE: RELATIVE REDUCTION OF F <= FACTR*EPSMCH,3,3,3,2,-207.8949496659651,0.0,3.078949496659651e-08,exact,True,False,3,
a28cd55993f16d3495a20ae0e34dfd016fd6a9823f88fbf06aa8b717c6b39d36,250,1.0,1.0,2.0,1.0,0.0,0.5,1e-06,1.5,6,20260910,"[2727138649,2482072884,2510424800,3813539073,1876339074,1065942000,1789441815,3333659958,6]","[2727138649,2482072884,2510424800,3813539073,1876339074,1065942000,1789441815,3333659958,6,0]","[2727138649,2482072884,2510424800,3813539073,1876339074,1065942000,1789441815,3333659958,6,1]",PCG64,smoke,gamma,1.0,2.0,True,1e-06,5,0.020080321285140562,0.9834324427068799,0.9834324588953762,2.081692083491791,2.0816920413169933,244.8746822649487,9.999999974752427e-07,1.0000000197357617,0.024669701620415353,True,,0.4229435276361214,-0.00909431869248836,0.31925253490427735,18.7195782581757,True,13,0,CONVERGENCE: RELATIVE REDUCTION OF F <= FACTR*EPSMCH,3,3,3,1,18.7195782581757,0.0,1.1871957825817571e-08,pfml,True,False,3,
a28cd55993f16d3495a20ae0e34dfd016fd6a9823f88fbf06aa8b717c6b39d36,250,1.0,1.0,2.0,1.0,0.0,0.5,1e-06,1.5,6,20260910,"[2727138649,2482072884,2510424800,3813539073,1876339074,1065942000,1789441815,3333659958,6]","[2727138649,2482072884,2510424800,3813539073,1876339074,1065942000,1789441815,3333659958,6,0]","[2727138649,2482072884,2510424800,3813539073,1876339074,1065942000,1789441815,3333659958,6,1]",PCG64,smoke,gamma,1.0,2.0,True,1e-06,5,0.020080321285140562,0.9834324427068799,0.9834324588953762,2.081692083491791,2.0816920413169933,244.8746822649487,9.999999974752427e-07,1.0000000197357617,0.024669701620415353,True,,0.3825364985324237,0.06740356748963545,0.442060983618407,-170.43445254592888,True,16,0,CONVERGENCE: RELATIVE REDUCTION OF F <= FACTR*EPSMCH,3,3,3,1,-170.43445254592888,0.0,2.7043445254592887e-08,euler,True,False,3,
a28cd55993f16d3495a20ae0e34dfd016fd6a9823f88fbf06aa8b717c6b39d36,250,1.0,1.0,2.0,1.0,0.0,0.5,1e-06,1.5,7,20260910,"[2727138649,2482072884,2510424800,3813539073,1876339074,1065942000,1789441815,3333659958,7]","[2727138649,2482072884,2510424800,3813539073,1876339074,1065942000,1789441815,3333659958,7,0]","[2727138649,2482072884,2510424800,3813539073,1876339074,1065942000,1789441815,3333659958,7,1]",PCG64,smoke,gamma,1.0,2.0,True,1e-06,5,0.020080321285140562,0.8876117717764715,0.8876117888996656,1.8988364819874435,1.898836435196865,221.01533543601676,9.999999974752427e-07,1.0000000197357617,0.024669701620415353,True,,1.0693471570952566,-0.07092860089106413,0.4979077028658464,-230.07414653516702,True,10,0,CONVERGENCE: RELATIVE REDUCTION OF F <= FACTR*EPSMCH,3,3,3,2,-230.07414653516702,0.0,3.30074146535167e-08,exact,True,False,3,
a28cd55993f16d3495a20ae0e34dfd016fd6a9823f88fbf06aa8b717c6b39d36,250,1.0,1.0,2.0,1.0,0.0,0.5,1e-06,1.5,7,20260910,"[2727138649,2482072884,2510424800,3813539073,1876339074,1065942000,1789441815,3333659958,7]","[2727138649,2482072884,2510424800,3813539073,1876339074,1065942000,1789441815,3333659958,7,0]","[2727138649,2482072884,2510424800,3813539073,1876339074,1065942000,1789441815,3333659958,7,1]",PCG64,smoke,gamma,1.0,2.0,True,1e-06,5,0.020080321285140562,0.8876117717764715,0.8876117888996656,1.8988364819874435,1.898836435196865,221.01533543601676,9.999999974752427e-07,1.0000000197357617,0.024669701620415353,True,,0.3939608999710781,-0.07082908706468102,0.30156835302917495,-1.0268519043769437,True,12,0,CONVERGENCE: RELATIVE REDUCTION OF F <= FACTR*EPSMCH,3,3,3,2,-1.0268519043769437,0.0,1.0102685190437695e-08,pfml,True,False,3,
a28cd55993f16d3495a20ae0e34dfd016fd6a9823f88fbf06aa8b717c6b39d36,250,1.0,1.0,2.0,1.0,0.0,0.5,1e-06,1.5,7,20260910,"[2727138649,2482072884,2510424800,3813539073,1876339074,1065942000,1789441815,3333659958,7]","[2727138649,2482072884,2510424800,3813539073,1876339074,1065942000,1789441815,3333659958,7,0]","[2727138649,2482072884,2510424800,3813539073,1876339074,1065942000,1789441815,3333659958,7,1]",PCG64,smoke,gamma,1.0,2.0,True,1e-06,5,0.020080321285140562,0.8876117717764715,0.8876117888996656,1.8988364819874435,1.898836435196865,221.01533543601676,9.999999974752427e-07,1.0000000197357617,0.024669701620415353,True,,0.29925751541197004,-0.10602663040421306,0.42849790066732496,-199.36474101805283,True,11,0,CONVERGENCE: RELATIVE REDUCTION OF F <= FACTR*EPSMCH,3,3,3,2,-199.36474101805283,0.0,2.9936474101805283e-08,euler,True,False,3,
a28cd55993f16d3495a20ae0e34dfd016fd6a9823f88fbf06aa8b717c6b39d36,250,1.0,1.0,2.0,1.0,0.0,0.5,1e-06,1.5,8,20260910,"[2727138649,2482072884,2510424800,3813539073,1876339074,1065942000,1789441815,3333659958,8]","[2727138649,2482072884,2510424800,3813539073,1876339074,1065942000,1789441815,3333659958,8,0]","[2727138649,2482072884,2510424800,3813539073,1876339074,1065942000,1789441815,3333659958,8,1]",PCG64,smoke,gamma,1.0,2.0,True,1e-06,4,0.01606425702811245,0.9627358752483246,0.9627358888520418,1.7791265840595607,1.7791265509777774,239.72123632415838,9.999999974752427e-07,1.0000000197357617,0.024669701620415353,True,,0.9278685303957668,-0.03751768626186744,0.5100780194262694,-187.4573126956758,True,11,0,CONVERGENCE: RELATIVE REDUCTION OF F <= FACTR*EPSMCH,3,3,3,0,-187.4573126956758,0.0,2.8745731269567582e-08,exact,True,False,3,
a28cd55993f16d3495a20ae0e34dfd016fd6a9823f88fbf06aa8b717c6b39d36,250,1.0,1.0,2.0,1.0,0.0,0.5,1e-06,1.5,8,20260910,"[2727138649,2482072884,2510424800,3813539073,1876339074,1065942000,1789441815,3333659958,8]","[2727138649,2482072884,2510424800,3813539073,1876339074,1065942000,1789441815,3333659958,8,0]","[2727138649,2482072884,2510424800,3813539073,1876339074,1065942000,1789441815,3333659958,8,1]",PCG64,smoke,gamma,1.0,2.0,True,1e-06,4,0.01606425702811245,0.9627358752483246,0.9627358888520418,1.7791265840595607,1.7791265509777774,239.72123632415838,9.999999974752427e-07,1.0000000197357617,0.024669701620415353,True,,0.5010788720244286,-0.05861840002692523,0.35534491112787236,35.68805704642139,True,13,0,CONVERGENCE: NORM OF PROJECTED GRADIENT <= PGTOL,3,3,3,1,35.68805704642139,0.0,1.3568805704642139e-08,pfml,True,False,3,
a28cd55993f16d3495a20ae0e34dfd016fd6a9823f88fbf06aa8b717c6b39d36,250,1.0,1.0,2.0,1.0,0.0,0.5,1e-06,1.5,8,20260910,"[2727138649,2482072884,2510424800,3813539073,1876339074,1065942000,1789441815,3333659958,8]","[2727138649,2482072884,2510424800,3813539073,1876339074,1065942000,1789441815,3333659958,8,0]","[2727138649,2482072884,2510424800,3813539073,1876339074,1065942000,1789441815,3333659958,8,1]",PCG64,smoke,gamma,1.0,2.0,True,1e-06,4,0.01606425702811245,0.9627358752483246,0.9627358888520418,1.7791265840595607,1.7791265509777774,239.72123632415838,9.999999974752427e-07,1.0000000197357617,0.024669701620415353,True,,0.37253746928734965,-0.06931060162686462,0.431419151747113,-161.77905397954132,True,10,0,CONVERGENCE: RELATIVE REDUCTION OF F <= FACTR*EPSMCH,3,3,3,2,-161.77905397954132,0.0,2.6177905397954132e-08,euler,True,False,3,
a28cd55993f16d3495a20ae0e34dfd016fd6a9823f88fbf06aa8b717c6b39d36,250,1.0,1.0,2.0,1.0,0.0,0.5,1e-06,1.5,9,20260910,"[2727138649,2482072884,2510424800,3813539073,1876339074,1065942000,1789441815,3333659958,9]","[2727138649,2482072884,2510424800,3813539073,1876339074,1065942000,1789441815,3333659958,9,0]","[2727138649,2482072884,2510424800,3813539073,1876339074,1065942000,1789441815,3333659958,9,1]",PCG64,smoke,gamma,1.0,2.0,True,1e-06,7,0.028112449799196786,0.9051269244889356,0.90512694801556,1.7701157554125075,1.7701156947184244,225.37661005587447,9.999999974752427e-07,1.0000000197357617,0.024669701620415353,True,,1.0602909395408082,-0.07933407430754895,0.5108741867925924,-226.8748579949016,True,13,0,CONVERGENCE: RELATIVE REDUCTION OF F <= FACTR*EPSMCH,3,3,3,1,-226.8748579949016,0.0,3.268748579949016e-08,exact,True,False,3,
a28cd55993f16d3495a20ae0e34dfd016fd6a9823f88fbf06aa8b717c6b39d36,250,1.0,1.0,2.0,1.0,0.0,0.5,1e-06,1.5,9,20260910,"[2727138649,2482072884,2510424800,3813539073,1876339074,1065942000,1789441815,3333659958,9]","[2727138649,2482072884,2510424800,3813539073,1876339074,1065942000,1789441815,3333659958,9,0]","[2727138649,2482072884,2510424800,3813539073,1876339074,1065942000,1789441815,3333659958,9,1]",PCG64,smoke,gamma,1.0,2.0,True,1e-06,7,0.028112449799196786,0.9051269244889356,0.90512694801556,1.7701157554125075,1.7701156947184244,225.37661005587447,9.999999974752427e-07,1.0000000197357617,0.024669701620415353,True,,0.48223404822530547,-0.07669340121358012,0.3361697560672119,19.047204725417593,True,12,0,CONVERGENCE: RELATIVE REDUCTION OF F <= FACTR*EPSMCH,3,3,3,1,19.047204725417593,0.0,1.190472047254176e-08,pfml,True,False,3,
a28cd55993f16d3495a20ae0e34dfd016fd6a9823f88fbf06aa8b717c6b39d36,250,1.0,1.0,2.0,1.0,0.0,0.5,1e-06,1.5,9,20260910,"[2727138649,2482072884,2510424800,3813539073,1876339074,1065942000,1789441815,3333659958,9]","[2727138649,2482072884,2510424800,3813539073,1876339074,1065942000,1789441815,3333659958,9,0]","[2727138649,2482072884,2510424800,3813539073,1876339074,1065942000,1789441815,3333659958,9,1]",PCG64,smoke,gamma,1.0,2.0,True,1e-06,7,0.028112449799196786,0.9051269244889356,0.90512694801556,1.7701157554125075,1.7701156947184244,225.37661005587447,9.999999974752427e-07,1.0000000197357617,0.024669701620415353,True,,0.3777683464648675,-0.060651179155220995,0.4327044780151026,-197.2267546830826,True,12,0,CONVERGENCE: RELATIVE REDUCTION OF F <= FACTR*EPSMCH,3,3,3,2,-197.2267546830826,0.0,2.972267546830826e-08,euler,True,False,3,
a28cd55993f16d3495a20ae0e34dfd016fd6a9823f88fbf06aa8b717c6b39d36,250,1.0,1.0,2.0,1.0,0.0,0.5,1e-06,1.5,10,20260910,"[2727138649,2482072884,2510424800,3813539073,1876339074,1065942000,1789441815,3333659958,10]","[2727138649,2482072884,2510424800,3813539073,1876339074,1065942000,1789441815,3333659958,10,0]","[2727138649,2482072884,2510424800,3813539073,1876339074,1065942000,1789441815,3333659958,10,1]",PCG64,smoke,gamma,1.0,2.0,True,1e-06,8,0.0321285140562249,1.073325169984693,1.0733251980712335,2.0193268665444295,2.0193268007444627,267.2579743197371,9.999999974752427e-07,1.0000000197357617,0.024669701620415353,True,,0.9183415518215502,-0.03706722523211412,0.4917785976518458,-233.31379933512318,True,10,0,CONVERGENCE: RELATIVE REDUCTION OF F <= FACTR*EPSMCH,3,3,3,2,-233.31379933512318,0.0,3.333137993351232e-08,exact,True,False,3,
a28cd55993f16d3495a20ae0e34dfd016fd6a9823f88fbf06aa8b717c6b39d36,250,1.0,1.0,2.0,1.0,0.0,0.5,1e-06,1.5,10,20260910,"[2727138649,2482072884,2510424800,3813539073,1876339074,1065942000,1789441815,3333659958,10]","[2727138649,2482072884,2510424800,3813539073,1876339074,1065942000,1789441815,3333659958,10,0]","[2727138649,2482072884,2510424800,3813539073,1876339074,1065942000,1789441815,3333659958,10,1]",PCG64,smoke,gamma,1.0,2.0,True,1e-06,8,0.0321285140562249,1.073325169984693,1.0733251980712335,2.0193268665444295,2.0193268007444627,267.2579743197371,9.999999974752427e-07,1.0000000197357617,0.024669701620415353,True,,0.4215850294148472,-0.010284914076155964,0.3288699053262923,33.09837887621732,True,13,0,CONVERGENCE: RELATIVE REDUCTION OF F <= FACTR*EPSMCH,3,3,3,2,33.09837887621732,0.0,1.3309837887621733e-08,pfml,True,False,3,
a28cd55993f16d3495a20ae0e34dfd016fd6a9823f88fbf06aa8b717c6b39d36,250,1.0,1.0,2.0,1.0,0.0,0.5,1e-06,1.5,10,20260910,"[2727138649,2482072884,2510424800,3813539073,1876339074,1065942000,1789441815,3333659958,10]","[2727138649,2482072884,2510424800,3813539073,1876339074,1065942000,1789441815,3333659958,10,0]","[2727138649,2482072884,2510424800,3813539073,1876339074,1065942000,1789441815,3333659958,10,1]",PCG64,smoke,gamma,1.0,2.0,True,1e-06,8,0.0321285140562249,1.073325169984693,1.0733251980712335,2.0193268665444295,2.0193268007444627,267.2579743197371,9.999999974752427e-07,1.0000000197357617,0.024669701620415353,True,,0.3476858342941057,-0.042195757519598344,0.4145445637370084,-206.17514702715235,True,15,0,CONVERGENCE: RELATIVE REDUCTION OF F <= FACTR*EPSMCH,3,3,3,1,-206.17514702715235,0.0,3.0617514702715236e-08,euler,True,False,3,
a28cd55993f16d3495a20ae0e34dfd016fd6a9823f88fbf06aa8b717c6b39d36,250,1.0,1.0,2.0,1.0,0.0,0.5,1e-06,1.5,11,20260910,"[2727138649,2482072884,2510424800,3813539073,1876339074,1065942000,1789441815,3333659958,11]","[2727138649,2482072884,2510424800,3813539073,1876339074,1065942000,1789441815,3333659958,11,0]","[2727138649,2482072884,2510424800,3813539073,1876339074,1065942000,1789441815,3333659958,11,1]",PCG64,smoke,gamma,1.0,2.0,True,1e-06,4,0.01606425702811245,0.9565390947371442,0.9565391070161382,2.0270042596184377,2.027004227265056,238.17823764701842,9.999999974752427e-07,1.0000000197357617,0.024669701620415353,True,,0.9033581077071993,-0.05843527791245576,0.46596388996950416,-256.0653442959405,True,11,0,CONVERGENCE: RELATIVE REDUCTION OF F <= FACTR*EPSMCH,3,3,3,0,-256.0653442959405,0.0,3.5606534429594054e-08,exact,True,False,3,
a28cd55993f16d3495a20ae0e34dfd016fd6a9823f88fbf06aa8b717c6b39d36,250,1.0,1.0,2.0,1.0,0.0,0.5,1e-06,1.5,11,20260910,"[2727138649,2482072884,2510424800,3813539073,1876339074,1065942000,1789441815,3333659958,11]","[2727138649,2482072884,2510424800,3813539073,1876339074,1065942000,1789441815,3333659958,11,0]","[2727138649,2482072884,2510424800,3813539073,1876339074,1065942000,1789441815,3333659958,11,1]",PCG64,smoke,gamma,1.0,2.0,True,1e-06,4,0.01606425702811245,0.9565390947371442,0.9565391070161382,2.0270042596184377,2.027004227265056,238.17823764701842,9.999999974752427e-07,1.0000000197357617,0.024669701620415353,True,,0.4473313314789825,-0.043945695438023916,0.3264770020440378,19.55806232454161,True,12,0,CONVERGENCE: RELATIVE REDUCTION OF F <= FACTR*EPSMCH,3,3,3,2,19.55806232454161,0.0,1.195580623245416e-08,pfml,True,False,3,
a28cd55993f16d3495a20ae0e34dfd016fd6a9823f88fbf06aa8b717c6b39d36,250,1.0,1.0,2.0,1.0,0.0,0.5,1e-06,1.5,11,20260910,"[2727138649,2482072884,2510424800,3813539073,1876339074,1065942000,1789441815,3333659958,11]","[2727138649,2482072884,2510424800,3813539073,1876339074,1065942000,1789441815,3333659958,11,0]","[2727138649,2482072884,2510424800,3813539073,1876339074,1065942000,1789441815,3333659958,11,1]",PCG64,smoke,gamma,1.0,2.0,True,1e-06,4,0.01606425702811245,0.9565390947371442,0.9565391070161382,2.0270042596184377,2.027004227265056,238.17823764701842,9.999999974752427e-07,1.0000000197357617,0.024669701620415353,True,,0.31349034928223096,-0.12913150433709084,0.4003141251089266,-229.49901463788854,True,12,0,CONVERGENCE: RELATIVE REDUCTION OF F <= FACTR*EPSMCH,3,3,3,0,-229.49901463788854,0.0,3.294990146378885e-08,euler,True,False,3,
a28cd55993f16d3495a20ae0e34dfd016fd6a9823f88fbf06aa8b717c6b39d36,250,1.0,1.0,2.0,1.0,0.0,0.5,1e-06,1.5,12,20260910,"[2727138649,2482072884,2510424800,3813539073,1876339074,1065942000,1789441815,3333659958,12]","[2727138649,2482072884,2510424800,3813539073,1876339074,1065942000,1789441815,3333659958,12,0]","[2727138649,2482072884,2510424800,3813539073,1876339074,1065942000,1789441815,3333659958,12,1]",PCG64,smoke,gamma,1.0,2.0,True,1e-06,5,0.020080321285140562,1.1718642415645146,1.1718642608449568,2.036165856165993,2.0361658145850954,291.7942009503942,9.999999974752427e-07,1.0000000197357617,0.024669701620415353,True,,1.3086942926794276,-0.009533085247432396,0.5710275862799915,-169.18782676541446,True,11,0,CONVERGENCE: RELATIVE REDUCTION OF F <= FACTR*EPSMCH,3,3,3,0,-169.18782676541446,0.0,2.6918782676541445e-08,exact,True,False,3,
a28cd55993f16d3495a20ae0e34dfd016fd6a9823f88fbf06aa8b717c6b39d36,250,1.0,1.0,2.0,1.0,0.0,0.5,1e-06,1.5,12,20260910,"[2727138649,2482072884,2510424800,3813539073,1876339074,1065942000,1789441815,3333659958,12]","[2727138649,2482072884,2510424800,3813539073,1876339074,1065942000,1789441815,3333659958,12,0]","[2727138649,2482072884,2510424800,3813539073,1876339074,1065942000,1789441815,3333659958,12,1]",PCG64,smoke,gamma,1.0,2.0,True,1e-06,5,0.020080321285140562,1.1718642415645146,1.1718642608449568,2.036165856165993,2.0361658145850954,291.7942009503942,9.999999974752427e-07,1.0000000197357617,0.024669701620415353,True,,0.4428195833138381,-0.003045026757135495,0.33929517298495376,44.8527604922282,True,11,0,CONVERGENCE: RELATIVE REDUCTION OF F <= FACTR*EPSMCH,3,3,3,2,44.8527604922282,0.0,1.448527604922282e-08,pfml,True,False,3,
a28cd55993f16d3495a20ae0e34dfd016fd6a9823f88fbf06aa8b717c6b39d36,250,1.0,1.0,2.0,1.0,0.0,0.5,1e-06,1.5,12,20260910,"[2727138649,2482072884,2510424800,3813539073,1876339074,1065942000,1789441815,3333659958,12]","[2727138649,2482072884,2510424800,3813539073,1876339074,1065942000,1789441815,3333659958,12,0]","[2727138649,2482072884,2510424800,3813539073,1876339074,1065942000,1789441815,3333659958,12,1]",PCG64,smoke,gamma,1.0,2.0,True,1e-06,5,0.020080321285140562,1.1718642415645146,1.1718642608449568,2.036165856165993,2.0361658145850954,291.7942009503942,9.999999974752427e-07,1.0000000197357617,0.024669701620415353,True,,0.3497598679730222,-0.0071392436820712606,0.4686082847034947,-129.37225344697873,True,15,0,CONVERGENCE: RELATIVE REDUCTION OF F <= FACTR*EPSMCH,3,3,3,1,-129.37225344697873,0.0,2.2937225344697872e-08,euler,True,False,3,
a28cd55993f16d3495a20ae0e34dfd016fd6a9823f88fbf06aa8b717c6b39d36,250,1.0,1.0,2.0,1.0,0.0,0.5,1e-06,1.5,13,20260910,"[2727138649,2482072884,2510424800,3813539073,1876339074,1065942000,1789441815,3333659958,13]","[2727138649,2482072884,2510424800,3813539073,1876339074,1065942000,1789441815,3333659958,13,0]","[2727138649,2482072884,2510424800,3813539073,1876339074,1065942000,1789441815,3333659958,13,1]",PCG64,smoke,gamma,1.0,2.0,True,1e-06,4,0.01606425702811245,0.8481286403240325,0.8481286517708431,1.794215248838559,1.7942152171005903,211.18403429093993,9.999999974752427e-07,1.0000000197357617,0.024669701620415353,True,,0.9017423050589417,0.014728743175231028,0.47363711086568283,-241.09707272858128,True,12,0,CONVERGENCE: RELATIVE REDUCTION OF F <= FACTR*EPSMCH,3,3,3,0,-241.09707272858128,0.0,3.4109707272858126e-08,exact,True,False,3,
a28cd55993f16d3495a20ae0e34dfd016fd6a9823f88fbf06aa8b717c6b39d36,250,1.0,1.0,2.0,1.0,0.0,0.5,1e-06,1.5,13,20260910,"[2727138649,2482072884,2510424800,3813539073,1876339074,1065942000,1789441815,3333659958,13]","[2727138649,2482072884,2510424800,3813539073,1876339074,1065942000,1789441815,3333659958,13,0]","[2727138649,2482072884,2510424800,3813539073,1876339074,1065942000,1789441815,3333659958,13,1]",PCG64,smoke,gamma,1.0,2.0,True,1e-06,4,0.01606425702811245,0.8481286403240325,0.8481286517708431,1.794215248838559,1.7942152171005903,211.18403429093993,9.999999974752427e-07,1.0000000197357617,0.024669701620415353,True,,0.3839091380493121,-0.009070471175283448,0.31338038608230495,5.53805731952847,True,9,0,CONVERGENCE: NORM OF PROJECTED GRADIENT <= PGTOL,3,3,3,0,5.53805731952847,0.0,1.0553805731952848e-08,pfml,True,False,3,
a28cd55993f16d3495a20ae0e34dfd016fd6a9823f88fbf06aa8b717c6b39d36,250,1.0,1.0,2.0,1.0,0.0,0.5,1e-06,1.5,13,20260910,"[2727138649,2482072884,2510424800,3813539073,1876339074,1065942000,1789441815,3333659958,13]","[2727138649,2482072884,2510424800,3813539073,1876339074,1065942000,1789441815,3333659958,13,0]","[2727138649,2482072884,2510424800,3813539073,1876339074,1065942000,1789441815,3333659958,13,1]",PCG64,smoke,gamma,1.0,2.0,True,1e-06,4,0.01606425702811245,0.8481286403240325,0.8481286517708431,1.794215248838559,1.7942152171005903,211.18403429093993,9.999999974752427e-07,1.0000000197357617,0.024669701620415353,True,,0.2817184211688263,-0.01893628464485892,0.4109523876077277,-215.81824053829033,True,11,0,CONVERGENCE: RELATIVE REDUCTION OF F <= FACTR*EPSMCH,3,3,3,2,-215.81824053829033,0.0,3.158182405382903e-08,euler,True,False,3,
a28cd55993f16d3495a20ae0e34dfd016fd6a9823f88fbf06aa8b717c6b39d36,250,1.0,1.0,2.0,1.0,0.0,0.5,1e-06,1.5,14,20260910,"[2727138649,2482072884,2510424800,3813539073,1876339074,1065942000,1789441815,3333659958,14]","[2727138649,2482072884,2510424800,3813539073,1876339074,1065942000,1789441815,3333659958,14,0]","[2727138649,2482072884,2510424800,3813539073,1876339074,1065942000,1789441815,3333659958,14,1]",PCG64,smoke,gamma,1.0,2.0,True,1e-06,6,0.024096385542168676,1.2096534284626665,1.2096534505234047,1.8078035764075442,1.8078035333501405,301.20370918032773,9.999999974752427e-07,1.0000000197357617,0.024669701620415353,True,,1.3393516762044944,0.01302715672695952,0.4961027519497373,-242.88694151716382,True,12,0,CONVERGENCE: RELATIVE REDUCTION OF F <= FACTR*EPSMCH,3,3,3,0,-242.88694151716382,0.0,3.4288694151716384e-08,exact,True,False,3,
a28cd55993f16d3495a20ae0e34dfd016fd6a9823f88fbf06aa8b717c6b39d36,250,1.0,1.0,2.0,1.0,0.0,0.5,1e-06,1.5,14,20260910,"[2727138649,2482072884,2510424800,3813539073,1876339074,1065942000,1789441815,3333659958,14]","[2727138649,2482072884,2510424800,3813539073,1876339074,1065942000,1789441815,3333659958,14,0]","[2727138649,2482072884,2510424800,3813539073,1876339074,1065942000,1789441815,3333659958,14,1]",PCG64,smoke,gamma,1.0,2.0,True,1e-06,6,0.024096385542168676,1.2096534284626665,1.2096534505234047,1.8078035764075442,1.8078035333501405,301.20370918032773,9.999999974752427e-07,1.0000000197357617,0.024669701620415353,True,,0.6365794362754572,0.00031729332248104074,0.309345878601935,1.0612433556766852,True,14,0,CONVERGENCE: NORM OF PROJECTED GRADIENT <= PGTOL,3,3,3,2,1.0612433556766852,0.0,1.0106124335567669e-08,pfml,True,False,3,
a28cd55993f16d3495a20ae0e34dfd016fd6a9823f88fbf06aa8b717c6b39d36,250,1.0,1.0,2.0,1.0,0.0,0.5,1e-06,1.5,14,20260910,"[2727138649,2482072884,2510424800,3813539073,1876339074,1065942000,1789441815,3333659958,14]","[2727138649,2482072884,2510424800,3813539073,1876339074,1065942000,1789441815,3333659958,14,0]","[2727138649,2482072884,2510424800,3813539073,1876339074,1065942000,1789441815,3333659958,14,1]",PCG64,smoke,gamma,1.0,2.0,True,1e-06,6,0.024096385542168676,1.2096534284626665,1.2096534505234047,1.8078035764075442,1.8078035333501405,301.20370918032773,9.999999974752427e-07,1.0000000197357617,0.024669701620415353,True,,0.33406367264343073,0.012376870610802653,0.404708925974194,-198.23062867688674,True,12,0,CONVERGENCE: RELATIVE REDUCTION OF F <= FACTR*EPSMCH,3,3,3,2,-198.23062867688674,0.0,2.9823062867688675e-08,euler,True,False,3,
a28cd55993f16d3495a20ae0e34dfd016fd6a9823f88fbf06aa8b717c6b39d36,250,1.0,1.0,2.0,1.0,0.0,0.5,1e-06,1.5,15,20260910,"[2727138649,2482072884,2510424800,3813539073,1876339074,1065942000,1789441815,3333659958,15]","[2727138649,2482072884,2510424800,3813539073,1876339074,1065942000,1789441815,3333659958,15,0]","[2727138649,2482072884,2510424800,3813539073,1876339074,1065942000,1789441815,3333659958,15,1]",PCG64,smoke,gamma,1.0,2.0,True,1e-06,8,0.0321285140562249,0.8737100627507349,0.873710089598622,1.8876384063296698,1.887638332046338,217.55381231005683,9.999999974752427e-07,1.0000000197357617,0.024669701620415353,True,,1.0599195350136559,0.04837488481463148,0.5434439695942753,-263.5723568937025,True,9,0,CONVERGENCE: RELATIVE REDUCTION OF F <= FACTR*EPSMCH,3,3,3,2,-263.5723568937025,0.0,3.635723568937025e-08,exact,True,False,3,
a28cd55993f16d3495a20ae0e34dfd016fd6a9823f88fbf06aa8b717c6b39d36,250,1.0,1.0,2.0,1.0,0.0,0.5,1e-06,1.5,15,20260910,"[2727138649,2482072884,2510424800,3813539073,1876339074,1065942000,1789441815,3333659958,15]","[2727138649,2482072884,2510424800,3813539073,1876339074,1065942000,1789441815,3333659958,15,0]","[2727138649,2482072884,2510424800,3813539073,1876339074,1065942000,1789441815,3333659958,15,1]",PCG64,smoke,gamma,1.0,2.0,True,1e-06,8,0.0321285140562249,0.8737100627507349,0.873710089598622,1.8876384063296698,1.887638332046338,217.55381231005683,9.999999974752427e-07,1.0000000197357617,0.024669701620415353,True,,0.5247510226668742,0.040753159299971045,0.38320670531393786,44.92214658883248,True,13,0,CONVERGENCE: RELATIVE REDUCTION OF F <= FACTR*EPSMCH,3,3,3,2,44.92214658883248,0.0,1.449221465888325e-08,pfml,True,False,3,
a28cd55993f16d3495a20ae0e34dfd016fd6a9823f88fbf06aa8b717c6b39d36,250,1.0,1.0,2.0,1.0,0.0,0.5,1e-06,1.5,15,20260910,"[2727138649,2482072884,2510424800,3813539073,1876339074,1065942000,1789441815,3333659958,15]","[2727138649,2482072884,2510424800,3813539073,1876339074,1065942000,1789441815,3333659958,15,0]","[2727138649,2482072884,2510424800,3813539073,1876339074,1065942000,1789441815,3333659958,15,1]",PCG64,smoke,gamma,1.0,2.0,True,1e-06,8,0.0321285140562249,0.8737100627507349,0.873710089598622,1.8876384063296698,1.887638332046338,217.55381231005683,9.999999974752427e-07,1.0000000197357617,0.024669701620415353,True,,0.5117571178912116,0.07790823668726765,0.4563342391542035,-241.094320697833,True,11,0,CONVERGENCE: RELATIVE REDUCTION OF F <= FACTR*EPSMCH,3,3,3,2,-241.094320697833,0.0,3.41094320697833e-08,euler,True,False,3,
a28cd55993f16d3495a20ae0e34dfd016fd6a9823f88fbf06aa8b717c6b39d36,250,1.0,1.0,2.0,1.0,0.0,0.5,1e-06,1.5,16,20260910,"[2727138649,2482072884,2510424800,3813539073,1876339074,1065942000,1789441815,3333659958,16]","[2727138649,2482072884,2510424800,3813539073,1876339074,1065942000,1789441815,3333659958,16,0]","[2727138649,2482072884,2510424800,3813539073,1876339074,1065942000,1789441815,3333659958,16,1]",PCG64,smoke,gamma,1.0,2.0,True,1e-06,10,0.040160642570281124,0.9698580766015683,0.9698581045334733,2.195777242212628,2.1957771658581895,241.49466802883484,9.999999974752427e-07,1.0000000197357617,0.024669701620415353,True,,0.9188530587428715,0.01761734686556911,0.49775407569483865,-288.4528682024969,True,16,0,CONVERGENCE: RELATIVE REDUCTION OF F <= FACTR*EPSMCH,3,3,3,0,-288.4528682024969,0.0,3.884528682024969e-08,exact,True,False,3,
a28cd55993f16d3495a20ae0e34dfd016fd6a9823f88fbf06aa8b717c6b39d36,250,1.0,1.0,2.0,1.0,0.0,0.5,1e-06,1.5,16,20260910,"[2727138649,2482072884,2510424800,3813539073,1876339074,1065942000,1789441815,3333659958,16]","[2727138649,2482072884,2510424800,3813539073,1876339074,1065942000,1789441815,3333659958,16,0]","[2727138649,2482072884,2510424800,3813539073,1876339074,1065942000,1789441815,3333659958,16,1]",PCG64,smoke,gamma,1.0,2.0,True,1e-06,10,0.040160642570281124,0.9698580766015683,0.9698581045334733,2.195777242212628,2.1957771658581895,241.49466802883484,9.999999974752427e-07,1.0000000197357617,0.024669701620415353,True,,0.2791412350376872,0.0007032556325527165,0.27322438914659997,-5.751121958416004,True,10,0,CONVERGENCE: RELATIVE REDUCTION OF F <= FACTR*EPSMCH,3,3,3,0,-5.751121958416004,0.0,1.05751121958416e-08,pfml,True,False,3,
a28cd55993f16d3495a20ae0e34dfd016fd6a9823f88fbf06aa8b717c6b39d36,250,1.0,1.0,2.0,1.0,0.0,0.5,1e-06,1.5,16,20260910,"[2727138649,2482072884,2510424800,3813539073,1876339074,1065942000,1789441815,3333659958,16]","[2727138649,2482072884,2510424800,3813539073,1876339074,1065942000,1789441815,3333659958,16,0]","[2727138649,2482072884,2510424800,3813539073,1876339074,1065942000,1789441815,3333659958,16,1]",PCG64,smoke,gamma,1.0,2.0,True,1e-06,10,0.040160642570281124,0.9698580766015683,0.9698581045334733,2.195777242212628,2.1957771658581895,241.49466802883484,9.999999974752427e-07,1.0000000197357617,0.024669701620415353,True,,0.2593448780191885,-0.033439178611277424,0.44026947280842865,-258.29849148870835,True,13,0,CONVERGENCE: RELATIVE REDUCTION OF F <= FACTR*EPSMCH,3,3,3,1,-258.29849148870835,0.0,3.582984914887084e-08,euler,True,False,3,
a28cd55993f16d3495a20ae0e34dfd016fd6a9823f88fbf06aa8b717c6b39d36,250,1.0,1.0,2.0,1.0,0.0,0.5,1e-06,1.5,17,20260910,"[2727138649,2482072884,2510424800,3813539073,1876339074,1065942000,1789441815,3333659958,17]","[2727138649,2482072884,2510424800,3813539073,1876339074,1065942000,1789441815,3333659958,17,0]","[2727138649,2482072884,2510424800,3813539073,1876339074,1065942000,1789441815,3333659958,17,1]",PCG64,smoke,gamma,1.0,2.0,True,1e-06,7,0.028112449799196786,0.881127407166471,0.881127428250848,2.2271042361886897,2.2271041721522415,219.40072963446113,9.999999974752427e-07,1.0000000197357617,0.024669701620415353,True,,0.9230761461533267,0.0727296758429991,0.49303157268575565,-244.45068784122637,True,11,0,CONVERGENCE: RELATIVE REDUCTION OF F <= FACTR*EPSMCH,3,3,3,2,-244.45068784122637,0.0,3.444506878412264e-08,exact,True,False,3,
a28cd55993f16d3495a20ae0e34dfd016fd6a9823f88fbf06aa8b717c6b39d36,250,1.0,1.0,2.0,1.0,0.0,0.5,1e-06,1.5,17,20260910,"[2727138649,2482072884,2510424800,3813539073,1876339074,1065942000,1789441815,3333659958,17]","[2727138649,2482072884,2510424800,3813539073,1876339074,1065942000,1789441815,3333659958,17,0]","[2727138649,2482072884,2510424800,3813539073,1876339074,1065942000,1789441815,3333659958,17,1]",PCG64,smoke,gamma,1.0,2.0,True,1e-06,7,0.028112449799196786,0.881127407166471,0.881127428250848,2.2271042361886897,2.2271041721522415,219.40072963446113,9.999999974752427e-07,1.0000000197357617,0.024669701620415353,True,,0.44945831341195436,0.10410049354239008,0.32888444489660223,14.591526792068716,True,13,0,CONVERGENCE: RELATIVE REDUCTION OF F <= FACTR*EPSMCH,3,3,3,1,14.591526792068716,0.0,1.1459152679206872e-08,pfml,True,False,3,
a28cd55993f16d3495a20ae0e34dfd016fd6a9823f88fbf06aa8b717c6b39d36,250,1.0,1.0,2.0,1.0,0.0,0.5,1e-06,1.5,17,20260910,"[2727138649,2482072884,2510424800,3813539073,1876339074,1065942000,1789441815,3333659958,17]","[2727138649,2482072884,2510424800,3813539073,1876339074,1065942000,1789441815,3333659958,17,0]","[2727138649,2482072884,2510424800,3813539073,1876339074,1065942000,1789441815,3333659958,17,1]",PCG64,smoke,gamma,1.0,2.0,True,1e-06,7,0.028112449799196786,0.881127407166471,0.881127428250848,2.2271042361886897,2.2271041721522415,219.40072963446113,9.999999974752427e-07,1.0000000197357617,0.024669701620415353,True,,0.32767122737589266,0.03065127188136126,0.4299736262620703,-220.17286352611288,True,15,0,CONVERGENCE: RELATIVE REDUCTION OF F <= FACTR*EPSMCH,3,3,3,1,-220.17286352611288,0.0,3.2017286352611286e-08,euler,True,False,3,
a28cd55993f16d3495a20ae0e34dfd016fd6a9823f88fbf06aa8b717c6b39d36,250,1.0,1.0,2.0,1.0,0.0,0.5,1e-06,1.5,18,20260910,"[2727138649,2482072884,2510424800,3813539073,1876339074,1065942000,1789441815,3333659958,18]","[2727138649,2482072884,2510424800,3813539073,1876339074,1065942000,1789441815,3333659958,18,0]","[2727138649,2482072884,2510424800,3813539073,1876339074,1065942000,1789441815,3333659958,18,1]",PCG64,smoke,gamma,1.0,2.0,True,1e-06,6,0.024096385542168676,0.7891251388196561,0.7891251603748725,1.8750832709985763,1.8750832052125317,196.49216493334322,9.999999974752427e-07,1.0000000197357617,0.024669701620415353,True,,1.3877994851752946,0.061230221792146884,0.5009021651386829,-248.11466738302818,True,11,0,CONVERGENCE: RELATIVE REDUCTION OF F <= FACTR*EPSMCH,3,3,3,0,-248.11466738302818,0.0,3.481146673830282e-08,exact,True,False,3,
a28cd55993f16d3495a20ae0e34dfd016fd6a9823f88fbf06aa8b717c6b39d36,250,1.0,1.0,2.0,1.0,0.0,0.5,1e-06,1.5,18,20260910,"[2727138649,2482072884,2510424800,3813539073,1876339074,1065942000,1789441815,3333659958,18]","[2727138649,2482072884,2510424800,3813539073,1876339074,1065942000,1789441815,3333659958,18,0]","[2727138649,2482072884,2510424800,3813539073,1876339074,1065942000,1789441815,3333659958,18,1]",PCG64,smoke,gamma,1.0,2.0,True,1e-06,6,0.024096385542168676,0.7891251388196561,0.7891251603748725,1.8750832709985763,1.8750832052125317,196.49216493334322,9.999999974752427e-07,1.0000000197357617,0.024669701620415353,True,,0.49623242881094615,0.014405437870802765,0.30816807582912925,-14.857203301517796,True,10,0,CONVERGENCE: RELATIVE REDUCTION OF F <= FACTR*EPSMCH,3,3,3,0,-14.857203301517796,0.0,1.148572033015178e-08,pfml,True,False,3,
a28cd55993f16d3495a20ae0e34dfd016fd6a9823f88fbf06aa8b717c6b39d36,250,1.0,1.0,2.0,1.0,0.0,0.5,1e-06,1.5,18,20260910,"[2727138649,2482072884,2510424800,3813539073,1876339074,1065942000,1789441815,3333659958,18]","[2727138649,2482072884,2510424800,3813539073,1876339074,1065942000,1789441815,3333659958,18,0]","[2727138649,2482072884,2510424800,3813539073,1876339074,1065942000,1789441815,3333659958,18,1]",PCG64,smoke,gamma,1.0,2.0,True,1e-06,6,0.024096385542168676,0.7891251388196561,0.7891251603748725,1.8750832709985763,1.8750832052125317,196.49216493334322,9.999999974752427e-07,1.0000000197357617,0.024669701620415353,True,,0.4517115026875504,0.034857197637099574,0.4209546691841243,-216.8341314672229,True,16,0,CONVERGENCE: RELATIVE REDUCTION OF F <= FACTR*EPSMCH,3,3,3,1,-216.8341314672229,0.0,3.168341314672229e-08,euler,True,False,3,
a28cd55993f16d3495a20ae0e34dfd016fd6a9823f88fbf06aa8b717c6b39d36,250,1.0,1.0,2.0,1.0,0.0,0.5,1e-06,1.5,19,20260910,"[2727138649,2482072884,2510424800,3813539073,1876339074,1065942000,1789441815,3333659958,19]","[2727138649,2482072884,2510424800,3813539073,1876339074,1065942000,1789441815,3333659958,19,0]","[2727138649,2482072884,2510424800,3813539073,1876339074,1065942000,1789441815,3333659958,19,1]",PCG64,smoke,gamma,1.0,2.0,True,1e-06,6,0.024096385542168676,0.8346437603148125,0.8346437827753913,1.934475805530004,1.9344757395615992,207.82630191107242,9.999999974752427e-07,1.0000000197357617,0.024669701620415353,True,,1.2203055504068179,0.010830637979358747,0.49440143103581313,-262.78090971746053,True,15,0,CONVERGENCE: RELATIVE REDUCTION OF F <= FACTR*EPSMCH,3,3,3,1,-262.78090971746053,0.0,3.627809097174605e-08,exact,True,False,3,
a28cd55993f16d3495a20ae0e34dfd016fd6a9823f88fbf06aa8b717c6b39d36,250,1.0,1.0,2.0,1.0,0.0,0.5,1e-06,1.5,19,20260910,"[2727138649,2482072884,2510424800,3813539073,1876339074,1065942000,1789441815,3333659958,19]","[2727138649,2482072884,2510424800,3813539073,1876339074,1065942000,1789441815,3333659958,19,0]","[2727138649,2482072884,2510424800,3813539073,1876339074,1065942000,1789441815,3333659958,19,1]",PCG64,smoke,gamma,1.0,2.0,True,1e-06,6,0.024096385542168676,0.8346437603148125,0.8346437827753913,1.934475805530004,1.9344757395615992,207.82630191107242,9.999999974752427e-07,1.0000000197357617,0.024669701620415353,True,,0.7109519437441733,0.00156171046521298,0.35022464719357865,2.9115617627898853,True,11,0,CONVERGENCE: RELATIVE REDUCTION OF F <= FACTR*EPSMCH,3,3,3,2,2.9115617627898853,0.0,1.0291156176278989e-08,pfml,True,False,3,
a28cd55993f16d3495a20ae0e34dfd016fd6a9823f88fbf06aa8b717c6b39d36,250,1.0,1.0,2.0,1.0,0.0,0.5,1e-06,1.5,19,20260910,"[2727138649,2482072884,2510424800,3813539073,1876339074,1065942000,1789441815,3333659958,19]","[2727138649,2482072884,2510424800,3813539073,1876339074,1065942000,1789441815,3333659958,19,0]","[2727138649,2482072884,2510424800,3813539073,1876339074,1065942000,1789441815,3333659958,19,1]",PCG64,smoke,gamma,1.0,2.0,True,1e-06,6,0.024096385542168676,0.8346437603148125,0.8346437827753913,1.934475805530004,1.9344757395615992,207.82630191107242,9.999999974752427e-07,1.0000000197357617,0.024669701620415353,True,,0.564475884279617,0.02356112844000223,0.4145308859271148,-236.784935900328,True,15,0,CONVERGENCE: RELATIVE REDUCTION OF F <= FACTR*EPSMCH,3,3,3,1,-236.784935900328,0.0,3.36784935900328e-08,euler,True,False,3,
