cell_id,n,theta_mean_gap,mean_gap,cv,true_theta,true_mu,true_sigma,floor_fraction,floor_cv_threshold,rep,seed_entropy,seed_spawn_key,gap_spawn_key,path_spawn_key,bit_generator,phase,family,target_mean_gap,requested_cv,floor_applied,floor_value,clip_count,clip_fraction,raw_mean_gap,realized_mean_gap,raw_cv,realized_cv,realized_span,min_gap,expected_mean_gap_after_floor,expected_clip_fraction,simulation_success,simulation_error
15b77182099f13c8b05019e60d7b0551195bf5a63e9c1526502df2ff0963cad4,250,0.1,0.1,0.0,1.0,0.0,0.5,1e-06,1.5,0,20260910,"[364343682,161420232,2958039526,226166097,425457062,1050416422,1345188607,157534932,0]","[364343682,161420232,2958039526,226166097,425457062,1050416422,1345188607,157534932,0,0]","[364343682,161420232,2958039526,226166097,425457062,1050416422,1345188607,157534932,0,1]",PCG64,smoke,equidistant,0.1,0.0,False,0.0,0,0.0,0.1,0.1,0.0,0.0,24.900000000000002,0.1,0.1,0.0,True,
15b77182099f13c8b05019e60d7b0551195bf5a63e9c1526502df2ff0963cad4,250,0.1,0.1,0.0,1.0,0.0,0.5,1e-06,1.5,1,20260910,"[364343682,161420232,2958039526,226166097,425457062,1050416422,1345188607,157534932,1]","[364343682,161420232,2958039526,226166097,425457062,1050416422,1345188607,157534932,1,0]","[364343682,161420232,2958039526,226166097,425457062,1050416422,1345188607,157534932,1,1]",PCG64,smoke,equidistant,0.1,0.0,False,0.0,0,0.0,0.1,0.1,0.0,0.0,24.900000000000002,0.1,0.1,0.0,True,
15b77182099f13c8b05019e60d7b0551195bf5a63e9c1526502df2ff0963cad4,250,0.1,0.1,0.0,1.0,0.0,0.5,1e-06,1.5,2,20260910,"[364343682,161420232,2958039526,226166097,425457062,1050416422,1345188607,157534932,2]","[364343682,161420232,2958039526,226166097,425457062,1050416422,1345188607,157534932,2,0]","[364343682,161420232,2958039526,226166097,425457062,1050416422,1345188607,157534932,2,1]",PCG64,smoke,equidistant,0.1,0.0,False,0.0,0,0.0,0.1,0.1,0.0,0.0,24.900000000000002,0.1,0.1,0.0,True,
15b77182099f13c8b05019e60d7b0551195bf5a63e9c1526502df2ff0963cad4,250,0.1,0.1,0.0,1.0,0.0,0.5,1e-06,1.5,3,20260910,"[364343682,161420232,2958039526,226166097,425457062,1050416422,1345188607,157534932,3]","[364343682,161420232,2958039526,226166097,425457062,1050416422,1345188607,157534932,3,0]","[364343682,161420232,2958039526,226166097,425457062,1050416422,1345188607,157534932,3,1]",PCG64,smoke,equidistant,0.1,0.0,False,0.0,0,0.0,0.1,0.1,0.0,0.0,24.900000000000002,0.1,0.1,0.0,True,
15b77182099f13c8b05019e60d7b0551195bf5a63e9c1526502df2ff0963cad4,250,0.1,0.1,0.0,1.0,0.0,0.5,1e-06,1.5,4,20260910,"[364343682,161420232,2958039526,226166097,425457062,1050416422,1345188607,157534932,4]","[364343682,161420232,2958039526,226166097,425457062,1050416422,1345188607,157534932,4,0]","[364343682,161420232,2958039526,226166097,425457062,1050416422,1345188607,157534932,4,1]",PCG64,smoke,equidistant,0.1,0.0,False,0.0,0,0.0,0.1,0.1,0.0,0.0,24.900000000000002,0.1,0.1,0.0,True,
15b77182099f13c8b05019e60d7b0551195bf5a63e9c1526502df2ff0963cad4,250,0.1,0.1,0.0,1.0,0.0,0.5,1e-06,1.5,5,20260910,"[364343682,161420232,2958039526,226166097,425457062,1050416422,1345188607,157534932,5]","[364343682,161420232,2958039526,226166097,425457062,1050416422,1345188607,157534932,5,0]","[364343682,161420232,2958039526,226166097,425457062,1050416422,1345188607,157534932,5,1]",PCG64,smoke,equidistant,0.1,0.0,False,0.0,0,0.0,0.1,0.1,0.0,0.0,24.900000000000002,0.1,0.1,0.0,True,
15b77182099f13c8b05019e60d7b0551195bf5a63e9c1526502df2ff0963cad4,250,0.1,0.1,0.0,1.0,0.0,0.5,1e-06,1.5,6,20260910,"[364343682,161420232,2958039526,226166097,425457062,1050416422,1345188607,157534932,6]","[364343682,161420232,2958039526,226166097,425457062,1050416422,1345188607,157534932,6,0]","[364343682,161420232,2958039526,226166097,425457062,1050416422,1345188607,157534932,6,1]",PCG64,smoke,equidistant,0.1,0.0,False,0.0,0,0.0,0.1,0.1,0.0,0.0,24.900000000000002,0.1,0.1,0.0,True,
15b77182099f13c8b05019e60d7b0551195bf5a63e9c1526502df2ff0963cad4,250,0.1,0.1,0.0,1.0,0.0,0.5,1e-06,1.5,7,20260910,"[364343682,161420232,2958039526,226166097,425457062,1050416422,1345188607,157534932,7]","[364343682,161420232,2958039526,226166097,425457062,1050416422,1345188607,157534932,7,0]","[364343682,161420232,2958039526,226166097,425457062,1050416422,1345188607,157534932,7,1]",PCG64,smoke,equidistant,0.1,0.0,False,0.0,0,0.0,0.1,0.1,0.0,0.0,24.900000000000002,0.1,0.1,0.0,True,
15b77182099f13c8b05019e60d7b0551195bf5a63e9c1526502df2ff0963cad4,250,0.1,0.1,0.0,1.0,0.0,0.5,1e-06,1.5,8,20260910,"[364343682,161420232,2958039526,226166097,425457062,1050416422,1345188607,157534932,8]","[364343682,161420232,2958039526,226166097,425457062,1050416422,1345188607,157534932,8,0]","[364343682,161420232,2958039526,226166097,425457062,1050416422,1345188607,157534932,8,1]",PCG64,smoke,equidistant,0.1,0.0,False,0.0,0,0.0,0.1,0.1,0.0,0.0,24.900000000000002,0.1,0.1,0.0,True,
15b77182099f13c8b05019e60d7b0551195bf5a63e9c1526502df2ff0963cad4,250,0.1,0.1,0.0,1.0,0.0,0.5,1e-06,1.5,9,20260910,"[364343682,161420232,2958039526,226166097,425457062,1050416422,1345188607,157534932,9]","[364343682,161420232,2958039526,226166097,425457062,1050416422,1345188607,157534932,9,0]","[364343682,161420232,2958039526,226166097,425457062,1050416422,1345188607,157534932,9,1]",PCG64,smoke,equidistant,0.1,0.0,False,0.0,0,0.0,0.1,0.1,0.0,0.0,24.900000000000002,0.1,0.1,0.0,True,
15b77182099f13c8b05019e60d7b0551195bf5a63e9c1526502df2ff0963cad4,250,0.1,0.1,0.0,1.0,0.0,0.5,1e-06,1.5,10,20260910,"[364343682,161420232,2958039526,226166097,425457062,1050416422,1345188607,157534932,10]","[364343682,161420232,2958039526,226166097,425457062,1050416422,1345188607,157534932,10,0]","[364343682,161420232,2958039526,226166097,425457062,1050416422,1345188607,157534932,10,1]",PCG64,smoke,equidistant,0.1,0.0,False,0.0,0,0.0,0.1,0.1,0.0,0.0,24.900000000000002,0.1,0.1,0.0,True,
15b77182099f13c8b05019e60d7b0551195bf5a63e9c1526502df2ff0963cad4,250,0.1,0.1,0.0,1.0,0.0,0.5,1e-06,1.5,11,20260910,"[364343682,161420232,2958039526,226166097,425457062,1050416422,1345188607,157534932,11]","[364343682,161420232,2958039526,226166097,425457062,1050416422,1345188607,157534932,11,0]","[364343682,161420232,2958039526,226166097,425457062,1050416422,1345188607,157534932,11,1]",PCG64,smoke,equidistant,0.1,0.0,False,0.0,0,0.0,0.1,0.1,0.0,0.0,24.900000000000002,0.1,0.1,0.0,True,
15b77182099f13c8b05019e60d7b0551195bf5a63e9c1526502df2ff0963cad4,250,0.1,0.1,0.0,1.0,0.0,0.5,1e-06,1.5,12,20260910,"[364343682,161420232,2958039526,226166097,425457062,1050416422,1345188607,157534932,12]","[364343682,161420232,2958039526,226166097,425457062,1050416422,1345188607,157534932,12,0]","[364343682,161420232,2958039526,226166097,425457062,1050416422,1345188607,157534932,12,1]",PCG64,smoke,equidistant,0.1,0.0,False,0.0,0,0.0,0.1,0.1,0.0,0.0,24.900000000000002,0.1,0.1,0.0,True,
15b77182099f13c8b05019e60d7b0551195bf5a63e9c1526502df2ff0963cad4,250,0.1,0.1,0.0,1.0,0.0,0.5,1e-06,1.5,13,20260910,"[364343682,161420232,2958039526,226166097,425457062,1050416422,1345188607,157534932,13]","[364343682,161420232,2958039526,226166097,425457062,1050416422,1345188607,157534932,13,0]","[364343682,161420232,2958039526,226166097,425457062,1050416422,1345188607,157534932,13,1]",PCG64,smoke,equidistant,0.1,0.0,False,0.0,0,0.0,0.1,0.1,0.0,0.0,24.900000000000002,0.1,0.1,0.0,True,
15b77182099f13c8b05019e60d7b0551195bf5a63e9c1526502df2ff0963cad4,250,0.1,0.1,0.0,1.0,0.0,0.5,1e-06,1.5,14,20260910,"[364343682,161420232,2958039526,226166097,425457062,1050416422,1345188607,157534932,14]","[364343682,161420232,2958039526,226166097,425457062,1050416422,1345188607,157534932,14,0]","[364343682,161420232,2958039526,226166097,425457062,1050416422,1345188607,157534932,14,1]",PCG64,smoke,equidistant,0.1,0.0,False,0.0,0,0.0,0.1,0.1,0.0,0.0,24.900000000000002,0.1,0.1,0.0,True,
15b77182099f13c8b05019e60d7b0551195bf5a63e9c1526502df2ff0963cad4,250,0.1,0.1,0.0,1.0,0.0,0.5,1e-06,1.5,15,20260910,"[364343682,161420232,2958039526,226166097,425457062,1050416422,1345188607,157534932,15]","[364343682,161420232,2958039526,226166097,425457062,1050416422,1345188607,157534932,15,0]","[364343682,161420232,2958039526,226166097,425457062,1050416422,1345188607,157534932,15,1]",PCG64,smoke,equidistant,0.1,0.0,False,0.0,0,0.0,0.1,0.1,0.0,0.0,24.900000000000002,0.1,0.1,0.0,True,
15b77182099f13c8b05019e60d7b0551195bf5a63e9c1526502df2ff0963cad4,250,0.1,0.1,0.0,1.0,0.0,0.5,1e-06,1.5,16,20260910,"[364343682,161420232,2958039526,226166097,425457062,1050416422,1345188607,157534932,16]","[364343682,161420232,2958039526,226166097,425457062,1050416422,1345188607,157534932,16,0]","[364343682,161420232,2958039526,226166097,425457062,1050416422,1345188607,157534932,16,1]",PCG64,smoke,equidistant,0.1,0.0,False,0.0,0,0.0,0.1,0.1,0.0,0.0,24.900000000000002,0.1,0.1,0.0,True,
15b77182099f13c8b05019e60d7b0551195bf5a63e9c1526502df2ff0963cad4,250,0.1,0.1,0.0,1.0,0.0,0.5,1e-06,1.5,17,20260910,"[364343682,161420232,2958039526,226166097,425457062,1050416422,1345188607,157534932,17]","[364343682,161420232,2958039526,226166097,425457062,1050416422,1345188607,157534932,17,0]","[364343682,161420232,2958039526,226166097,425457062,1050416422,1345188607,157534932,17,1]",PCG64,smoke,equidistant,0.1,0.0,False,0.0,0,0.0,0.1,0.1,0.0,0.0,24.900000000000002,0.1,0.1,0.0,True,
15b77182099f13c8b05019e60d7b0551195bf5a63e9c1526502df2ff0963cad4,250,0.1,0.1,0.0,1.0,0.0,0.5,1e-06,1.5,18,20260910,"[364343682,161420232,2958039526,226166097,425457062,1050416422,1345188607,157534932,18]","[364343682,161420232,2958039526,226166097,425457062,1050416422,1345188607,157534932,18,0]","[364343682,161420232,2958039526,226166097,425457062,1050416422,1345188607,157534932,18,1]",PCG64,smoke,equidistant,0.1,0.0,False,0.0,0,0.0,0.1,0.1,0.0,0.0,24.900000000000002,0.1,0.1,0.0,True,
15b77182099f13c8b05019e60d7b0551195bf5a63e9c1526502df2ff0963cad4,250,0.1,0.1,0.0,1.0,0.0,0.5,1e-06,1.5,19,20260910,"[364343682,161420232,2958039526,226166097,425457062,1050416422,1345188607,157534932,19]","[364343682,161420232,2958039526,226166097,425457062,1050416422,1345188607,157534932,19,0]","[364343682,161420232,2958039526,226166097,425457062,1050416422,1345188607,157534932,19,1]",PCG64,smoke,equidistant,0.1,0.0,False,0.0,0,0.0,0.1,0.1,0.0,0.0,24.900000000000002,0.1,0.1,0.0,True,
cec2c40e6afe6af22ea0706cb48789f0d6b10024a5ccdd86580cec7f8003c689,250,0.1,0.1,1.0,1.0,0.0,0.5,1e-06,1.5,0,20260910,"[3468870670,1795058418,782266476,3028781552,3601924132,2781666694,1477241983,2147731081,0]","[3468870670,1795058418,782266476,3028781552,3601924132,2781666694,1477241983,2147731081,0,0]","[3468870670,1795058418,782266476,3028781552,3601924132,2781666694,1477241983,2147731081,0,1]",PCG64,smoke,exponential,0.1,1.0,False,0.0,0,0.0,0.09489365836783674,0.09489365836783678,0.9938479903227658,0.9938479903227652,23.628520933591357,0.000902653869577108,0.1,0.0,True,
cec2c40e6afe6af22ea0706cb48789f0d6b10024a5ccdd86580cec7f8003c689,250,0.1,0.1,1.0,1.0,0.0,0.5,1e-06,1.5,1,20260910,"[3468870670,1795058418,782266476,3028781552,3601924132,2781666694,1477241983,2147731081,1]","[3468870670,1795058418,782266476,3028781552,3601924132,2781666694,1477241983,2147731081,1,0]","[3468870670,1795058418,782266476,3028781552,3601924132,2781666694,1477241983,2147731081,1,1]",PCG64,smoke,exponential,0.1,1.0,False,0.0,0,0.0,0.09018897960417208,0.090188979604172,1.1844467409699346,1.1844467409699364,22.45705592143883,6.207957638437733e-05,0.1,0.0,True,
cec2c40e6afe6af22ea0706cb48789f0d6b10024a5ccdd86580cec7f8003c689,250,0.1,0.1,1.0,1.0,0.0,0.5,1e-06,1.5,2,20260910,"[3468870670,1795058418,782266476,3028781552,3601924132,2781666694,1477241983,2147731081,2]","[3468870670,1795058418,782266476,3028781552,3601924132,2781666694,1477241983,2147731081,2,0]","[3468870670,1795058418,782266476,3028781552,3601924132,2781666694,1477241983,2147731081,2,1]",PCG64,smoke,exponential,0.1,1.0,False,0.0,0,0.0,0.09743375835646385,0.09743375835646391,0.9443190024691746,0.9443190024691733,24.26100583075952,2.8734985175304928e-05,0.1,0.0,True,
cec2c40e6afe6af22ea0706cb48789f0d6b10024a5ccdd86580cec7f8003c689,250,0.1,0.1,1.0,1.0,0.0,0.5,1e-06,1.5,3,20260910,"[3468870670,1795058418,782266476,3028781552,3601924132,2781666694,1477241983,2147731081,3]","[3468870670,1795058418,782266476,3028781552,3601924132,2781666694,1477241983,2147731081,3,0]","[3468870670,1795058418,782266476,3028781552,3601924132,2781666694,1477241983,2147731081,3,1]",PCG64,smoke,exponential,0.1,1.0,False,0.0,0,0.0,0.10625477077032336,0.10625477077032333,0.9324848044915709,0.9324848044915703,26.457437921810513,0.00026143252956600804,0.1,0.0,True,
cec2c40e6afe6af22ea0706cb48789f0d6b10024a5ccdd86580cec7f8003c689,250,0.1,0.1,1.0,1.0,0.0,0.5,1e-06,1.5,4,20260910,"[3468870670,1795058418,782266476,3028781552,3601924132,2781666694,1477241983,2147731081,4]","[3468870670,1795058418,782266476,3028781552,3601924132,2781666694,1477241983,2147731081,4,0]","[3468870670,1795058418,782266476,3028781552,3601924132,2781666694,1477241983,2147731081,4,1]",PCG64,smoke,exponential,0.1,1.0,False,0.0,0,0.0,0.09163604713738611,0.09163604713738613,0.9894079644605464,0.9894079644605457,22.817375737209147,0.000613734837976665,0.1,0.0,True,
cec2c40e6afe6af22ea0706cb48789f0d6b10024a5ccdd86580cec7f8003c689,250,0.1,0.1,1.0,1.0,0.0,0.5,1e-06,1.5,5,20260910,"[3468870670,1795058418,782266476,3028781552,3601924132,2781666694,1477241983,2147731081,5]","[3468870670,1795058418,782266476,3028781552,3601924132,2781666694,1477241983,2147731081,5,0]","[3468870670,1795058418,782266476,3028781552,3601924132,2781666694,1477241983,2147731081,5,1]",PCG64,smoke,exponential,0.1,1.0,False,0.0,0,0.0,0.096219301536195,0.09621930153619505,0.97665634926701,0.9766563492670084,23.958606082512567,0.0003445517351501337,0.1,0.0,True,
cec2c40e6afe6af22ea0706cb48789f0d6b10024a5ccdd86580cec7f8003c689,250,0.1,0.1,1.0,1.0,0.0,0.5,1e-06,1.5,6,20260910,"[3468870670,1795058418,782266476,3028781552,3601924132,2781666694,1477241983,2147731081,6]","[3468870670,1795058418,782266476,3028781552,3601924132,2781666694,1477241983,2147731081,6,0]","[3468870670,1795058418,782266476,3028781552,3601924132,2781666694,1477241983,2147731081,6,1]",PCG64,smoke,exponential,0.1,1.0,False,0.0,0,0.0,0.09919189160702531,0.0991918916070253,1.007306644609523,1.0073066446095225,24.698781010149304,4.1899532202904766e-05,0.1,0.0,True,
cec2c40e6afe6af22ea0706cb48789f0d6b10024a5ccdd86580cec7f8003c689,250,0.1,0.1,1.0,1.0,0.0,0.5,1e-06,1.5,7,20260910,"[3468870670,1795058418,782266476,3028781552,3601924132,2781666694,1477241983,2147731081,7]","[3468870670,1795058418,782266476,3028781552,3601924132,2781666694,1477241983,2147731081,7,0]","[3468870670,1795058418,782266476,3028781552,3601924132,2781666694,1477241983,2147731081,7,1]",PCG64,smoke,exponential,0.1,1.0,False,0.0,0,0.0,0.1002463385563888,0.10024633855638887,0.8706132276925841,0.8706132276925833,24.961338300540824,0.00035375879727972404,0.1,0.0,True,
cec2c40e6afe6af22ea0706cb48789f0d6b10024a5ccdd86580cec7f8003c689,250,0.1,0.1,1.0,1.0,0.0,0.5,1e-06,1.5,8,20260910,"[3468870670,1795058418,782266476,3028781552,3601924132,2781666694,1477241983,2147731081,8]","[3468870670,1795058418,782266476,3028781552,3601924132,2781666694,1477241983,2147731081,8,0]","[3468870670,1795058418,782266476,3028781552,3601924132,2781666694,1477241983,2147731081,8,1]",PCG64,smoke,exponential,0.1,1.0,False,0.0,0,0.0,0.09773294845507835,0.09773294845507835,0.9622762492570863,0.9622762492570859,24.33550416531451,0.0001159337105285374,0.1,0.0,True,
cec2c40e6afe6af22ea0706cb48789f0d6b10024a5ccdd86580cec7f8003c689,250,0.1,0.1,1.0,1.0,0.0,0.5,1e-06,1.5,9,20260910,"[3468870670,1795058418,782266476,3028781552,3601924132,2781666694,1477241983,2147731081,9]","[3468870670,1795058418,782266476,3028781552,3601924132,2781666694,1477241983,2147731081,9,0]","[3468870670,1795058418,782266476,3028781552,3601924132,2781666694,1477241983,2147731081,9,1]",PCG64,smoke,exponential,0.1,1.0,False,0.0,0,0.0,0.10316239060335278,0.10316239060335274,1.1021278375204084,1.1021278375204089,25.687435260234828,0.0004959173216327883,0.1,0.0,True,
cec2c40e6afe6af22ea0706cb48789f0d6b10024a5ccdd86580cec7f8003c689,250,0.1,0.1,1.0,1.0,0.0,0.5,1e-06,1.5,10,20260910,"[3468870670,1795058418,782266476,3028781552,3601924132,2781666694,1477241983,2147731081,10]","[3468870670,1795058418,782266476,3028781552,3601924132,2781666694,1477241983,2147731081,10,0]","[3468870670,1795058418,782266476,3028781552,3601924132,2781666694,1477241983,2147731081,10,1]",PCG64,smoke,exponential,0.1,1.0,False,0.0,0,0.0,0.09685247582484376,0.09685247582484373,0.9262318347878438,0.9262318347878444,24.116266480386088,0.00013697867937167985,0.1,0.0,True,
cec2c40e6afe6af22ea0706cb48789f0d6b10024a5ccdd86580cec7f8003c689,250,0.1,0.1,1.0,1.0,0.0,0.5,1e-06,1.5,11,20260910,"[3468870670,1795058418,782266476,3028781552,3601924132,2781666694,1477241983,2147731081,11]","[3468870670,1795058418,782266476,3028781552,3601924132,2781666694,1477241983,2147731081,11,0]","[3468870670,1795058418,782266476,3028781552,3601924132,2781666694,1477241983,2147731081,11,1]",PCG64,smoke,exponential,0.1,1.0,False,0.0,0,0.0,0.09736887098221615,0.0973688709822162,0.9284400399757209,0.9284400399757202,24.244848874571833,0.00010831221180929163,0.1,0.0,True,
cec2c40e6afe6af22ea0706cb48789f0d6b10024a5ccdd86580cec7f8003c689,250,0.1,0.1,1.0,1.0,0.0,0.5,1e-06,1.5,12,20260910,"[3468870670,1795058418,782266476,3028781552,3601924132,2781666694,1477241983,2147731081,12]","[3468870670,1795058418,782266476,3028781552,3601924132,2781666694,1477241983,2147731081,12,0]","[3468870670,1795058418,782266476,3028781552,3601924132,2781666694,1477241983,2147731081,12,1]",PCG64,smoke,exponential,0.1,1.0,False,0.0,0,0.0,0.09571966027092277,0.09571966027092282,0.9829282079793847,0.9829282079793845,23.83419540745978,0.0004699844060599978,0.1,0.0,True,
cec2c40e6afe6af22ea0706cb48789f0d6b10024a5ccdd86580cec7f8003c689,250,0.1,0.1,1.0,1.0,0.0,0.5,1e-06,1.5,13,20260910,"[3468870670,1795058418,782266476,3028781552,3601924132,2781666694,1477241983,2147731081,13]","[3468870670,1795058418,782266476,3028781552,3601924132,2781666694,1477241983,2147731081,13,0]","[3468870670,1795058418,782266476,3028781552,3601924132,2781666694,1477241983,2147731081,13,1]",PCG64,smoke,exponential,0.1,1.0,False,0.0,0,0.0,0.09509783474940017,0.09509783474940021,0.9721491504921508,0.9721491504921506,23.679360852600652,0.0005729952287794049,0.1,0.0,True,
cec2c40e6afe6af22ea0706cb48789f0d6b10024a5ccdd86580cec7f8003c689,250,0.1,0.1,1.0,1.0,0.0,0.5,1e-06,1.5,14,20260910,"[3468870670,1795058418,782266476,3028781552,3601924132,2781666694,1477241983,2147731081,14]","[3468870670,1795058418,782266476,3028781552,3601924132,2781666694,1477241983,2147731081,14,0]","[3468870670,1795058418,782266476,3028781552,3601924132,2781666694,1477241983,2147731081,14,1]",PCG64,smoke,exponential,0.1,1.0,False,0.0,0,0.0,0.10098529906238407,0.10098529906238411,0.9976257156603766,0.9976257156603764,25.145339466533642,0.0003083057341406459,0.1,0.0,True,
cec2c40e6afe6af22ea0706cb48789f0d6b10024a5ccdd86580cec7f8003c689,250,0.1,0.1,1.0,1.0,0.0,0.5,1e-06,1.5,15,20260910,"[3468870670,1795058418,782266476,3028781552,3601924132,2781666694,1477241983,2147731081,15]","[3468870670,1795058418,782266476,3028781552,3601924132,2781666694,1477241983,2147731081,15,0]","[3468870670,1795058418,782266476,3028781552,3601924132,2781666694,1477241983,2147731081,15,1]",PCG64,smoke,exponential,0.1,1.0,False,0.0,0,0.0,0.0966204178371529,0.0966204178371529,0.9919805843349393,0.9919805843349395,24.05848404145107,3.980858003238552e-06,0.1,0.0,True,
cec2c40e6afe6af22ea0706cb48789f0d6b10024a5ccdd86580cec7f8003c689,250,0.1,0.1,1.0,1.0,0.0,0.5,1e-06,1.5,16,20260910,"[3468870670,1795058418,782266476,3028781552,3601924132,2781666694,1477241983,2147731081,16]","[3468870670,1795058418,782266476,3028781552,3601924132,2781666694,1477241983,2147731081,16,0]","[3468870670,1795058418,782266476,3028781552,3601924132,2781666694,1477241983,2147731081,16,1]",PCG64,smoke,exponential,0.1,1.0,False,0.0,0,0.0,0.10140286558495495,0.10140286558495488,1.029315129309536,1.0293151293095373,25.249313530653765,0.00020395638239900649,0.1,0.0,True,
cec2c40e6afe6af22ea0706cb48789f0d6b10024a5ccdd86580cec7f8003c689,250,0.1,0.1,1.0,1.0,0.0,0.5,1e-06,1.5,17,20260910,"[3468870670,1795058418,782266476,3028781552,3601924132,2781666694,1477241983,2147731081,17]","[3468870670,1795058418,782266476,3028781552,3601924132,2781666694,1477241983,2147731081,17,0]","[3468870670,1795058418,782266476,3028781552,3601924132,2781666694,1477241983,2147731081,17,1]",PCG64,smoke,exponential,0.1,1.0,False,0.0,0,0.0,0.09510677962843551,0.09510677962843549,0.9357240205277387,0.9357240205277382,23.68158812748044,0.0001095934811736754,0.1,0.0,True,
cec2c40e6afe6af22ea0706cb48789f0d6b10024a5ccdd86580cec7f8003c689,250,0.1,0.1,1.0,1.0,0.0,0.5,1e-06,1.5,18,20260910,"[3468870670,1795058418,782266476,3028781552,3601924132,2781666694,1477241983,2147731081,18]","[3468870670,1795058418,782266476,3028781552,3601924132,2781666694,1477241983,2147731081,18,0]","[3468870670,1795058418,782266476,3028781552,3601924132,2781666694,1477241983,2147731081,18,1]",PCG64,smoke,exponential,0.1,1.0,False,0.0,0,0.0,0.10241345340362018,0.1024134534036202,1.038706266849275,1.038706266849275,25.500949897501428,0.000208451876121174,0.1,0.0,True,
cec2c40e6afe6af22ea0706cb48789f0d6b10024a5ccdd86580cec7f8003c689,250,0.1,0.1,1.0,1.0,0.0,0.5,1e-06,1.5,19,20260910,"[3468870670,1795058418,782266476,3028781552,3601924132,2781666694,1477241983,2147731081,19]","[3468870670,1795058418,782266476,3028781552,3601924132,2781666694,1477241983,2147731081,19,0]","[3468870670,1795058418,782266476,3028781552,3601924132,2781666694,1477241983,2147731081,19,1]",PCG64,smoke,exponential,0.1,1.0,False,0.0,0,0.0,0.09494899660829412,0.09494899660829417,1.0129569052597134,1.0129569052597116,23.642300155465247,8.71810639679893e-05,0.1,0.0,True,
235ef1f8035b9cc6732de77197f949f222fa3122de542245744d8e3e88c1098d,250,0.1,0.1,2.0,1.0,0.0,0.5,1e-06,1.5,0,20260910,"[593424888,56335558,1932388209,2549697010,586821922,3730055749,1951239742,2294352269,0]","[593424888,56335558,1932388209,2549697010,586821922,3730055749,1951239742,2294352269,0,0]","[593424888,56335558,1932388209,2549697010,586821922,3730055749,1951239742,2294352269,0,1]",PCG64,smoke,gamma,0.1,2.0,True,1e-07,6,0.024096385542168676,0.10616661666938974,0.10616661870645946,2.171972877714013,2.17197282720521,26.435488057908405,9.99999993922529e-08,0.10000000197357617,0.024669701620415353,True,
235ef1f8035b9cc6732de77197f949f222fa3122de542245744d8e3e88c1098d,250,0.1,0.1,2.0,1.0,0.0,0.5,1e-06,1.5,1,20260910,"[593424888,56335558,1932388209,2549697010,586821922,3730055749,1951239742,2294352269,1]","[593424888,56335558,1932388209,2549697010,586821922,3730055749,1951239742,2294352269,1,0]","[593424888,56335558,1932388209,2549697010,586821922,3730055749,1951239742,2294352269,1,1]",PCG64,smoke,gamma,0.1,2.0,True,1e-07,10,0.040160642570281124,0.10746762371824527,0.10746762663224388,2.1775384410841427,2.177538369587719,26.759439031428727,9.999999983634211e-08,0.10000000197357617,0.024669701620415353,True,
235ef1f8035b9cc6732de77197f949f222fa3122de542245744d8e3e88c1098d,250,0.1,0.1,2.0,1.0,0.0,0.5,1e-06,1.5,2,20260910,"[593424888,56335558,1932388209,2549697010,586821922,3730055749,1951239742,2294352269,2]","[593424888,56335558,1932388209,2549697010,586821922,3730055749,1951239742,2294352269,2,0]","[593424888,56335558,1932388209,2549697010,586821922,3730055749,1951239742,2294352269,2,1]",PCG64,smoke,gamma,0.1,2.0,True,1e-07,7,0.028112449799196786,0.09737164816287036,0.09737165046823797,2.314489543694452,2.3144894786672348,24.245540966591253,9.99999993922529e-08,0.10000000197357617,0.024669701620415353,True,
235ef1f8035b9cc6732de77197f949f222fa3122de542245744d8e3e88c1098d,250,0.1,0.1,2.0,1.0,0.0,0.5,1e-06,1.5,3,20260910,"[593424888,56335558,1932388209,2549697010,586821922,3730055749,1951239742,2294352269,3]","[593424888,56335558,1932388209,2549697010,586821922,3730055749,1951239742,2294352269,3,0]","[593424888,56335558,1932388209,2549697010,586821922,3730055749,1951239742,2294352269,3,1]",PCG64,smoke,gamma,0.1,2.0,True,1e-07,7,0.028112449799196786,0.10594681447050538,0.1059468168950426,1.9052062882023157,1.9052062325911316,26.3807574068656,9.99999993922529e-08,0.10000000197357617,0.024669701620415353,True,
235ef1f8035b9cc6732de77197f949f222fa3122de542245744d8e3e88c1098d,250,0.1,0.1,2.0,1.0,0.0,0.5,1e-06,1.5,4,20260910,"[593424888,56335558,1932388209,2549697010,586821922,3730055749,1951239742,2294352269,4]","[593424888,56335558,1932388209,2549697010,586821922,3730055749,1951239742,2294352269,4,0]","[593424888,56335558,1932388209,2549697010,586821922,3730055749,1951239742,2294352269,4,1]",PCG64,smoke,gamma,0.1,2.0,True,1e-07,8,0.0321285140562249,0.08495323043606161,0.08495323309018352,2.0295173900160584,2.029517311215693,21.1533550394557,9.99999993922529e-08,0.10000000197357617,0.024669701620415353,True,
235ef1f8035b9cc6732de77197f949f222fa3122de542245744d8e3e88c1098d,250,0.1,0.1,2.0,1.0,0.0,0.5,1e-06,1.5,5,20260910,"[593424888,56335558,1932388209,2549697010,586821922,3730055749,1951239742,2294352269,5]","[593424888,56335558,1932388209,2549697010,586821922,3730055749,1951239742,2294352269,5,0]","[593424888,56335558,1932388209,2549697010,586821922,3730055749,1951239742,2294352269,5,1]",PCG64,smoke,gamma,0.1,2.0,True,1e-07,6,0.024096385542168676,0.08494950666513655,0.08494950841003562,1.8809051031850657,1.880905053629981,21.15242759409887,9.99999993922529e-08,0.10000000197357617,0.024669701620415353,True,
235ef1f8035b9cc6732de77197f949f222fa3122de542245744d8e3e88c1098d,250,0.1,0.1,2.0,1.0,0.0,0.5,1e-06,1.5,6,20260910,"[593424888,56335558,1932388209,2549697010,586821922,3730055749,1951239742,2294352269,6]","[593424888,56335558,1932388209,2549697010,586821922,3730055749,1951239742,2294352269,6,0]","[593424888,56335558,1932388209,2549697010,586821922,3730055749,1951239742,2294352269,6,1]",PCG64,smoke,gamma,0.1,2.0,True,1e-07,7,0.028112449799196786,0.0951982651402727,0.09519826718487782,2.1535507663377285,2.153550710112214,23.704368529034582,9.99999993922529e-08,0.10000000197357617,0.024669701620415353,True,
235ef1f8035b9cc6732de77197f949f222fa3122de542245744d8e3e88c1098d,250,0.1,0.1,2.0,1.0,0.0,0.5,1e-06,1.5,7,20260910,"[593424888,56335558,1932388209,2549697010,586821922,3730055749,1951239742,2294352269,7]","[593424888,56335558,1932388209,2549697010,586821922,3730055749,1951239742,2294352269,7,0]","[593424888,56335558,1932388209,2549697010,586821922,3730055749,1951239742,2294352269,7,1]",PCG64,smoke,gamma,0.1,2.0,True,1e-07,5,0.020080321285140562,0.07053503464157362,0.07053503653994499,1.7708760923346585,1.7708760294754682,17.5632240984463,9.99999993922529e-08,0.10000000197357617,0.024669701620415353,True,
235ef1f8035b9cc6732de77197f949f222fa3122de542245744d8e3e88c1098d,250,0.1,0.1,2.0,1.0,0.0,0.5,1e-06,1.5,8,20260910,"[593424888,56335558,1932388209,2549697010,586821922,3730055749,1951239742,2294352269,8]","[593424888,56335558,1932388209,2549697010,586821922,3730055749,1951239742,2294352269,8,0]","[593424888,56335558,1932388209,2549697010,586821922,3730055749,1951239742,2294352269,8,1]",PCG64,smoke,gamma,0.1,2.0,True,1e-07,6,0.024096385542168676,0.09760588477812447,0.09760588685275837,2.1207369681043953,2.1207369130051257,24.303865826336832,9.999999994736442e-08,0.10000000197357617,0.024669701620415353,True,
235ef1f8035b9cc6732de77197f949f222fa3122de542245744d8e3e88c1098d,250,0.1,0.1,2.0,1.0,0.0,0.5,1e-06,1.5,9,20260910,"[593424888,56335558,1932388209,2549697010,586821922,3730055749,1951239742,2294352269,9]","[593424888,56335558,1932388209,2549697010,586821922,3730055749,1951239742,2294352269,9,0]","[593424888,56335558,1932388209,2549697010,586821922,3730055749,1951239742,2294352269,9,1]",PCG64,smoke,gamma,0.1,2.0,True,1e-07,5,0.020080321285140562,0.1083226276081775,0.10832262921252084,1.8374715667288826,1.8374715314540704,26.972334673917693,9.99999993922529e-08,0.10000000197357617,0.024669701620415353,True,
235ef1f8035b9cc6732de77197f949f222fa3122de542245744d8e3e88c1098d,250,0.1,0.1,2.0,1.0,0.0,0.5,1e-06,1.5,10,20260910,"[593424888,56335558,1932388209,2549697010,586821922,3730055749,1951239742,2294352269,10]","[593424888,56335558,1932388209,2549697010,586821922,3730055749,1951239742,2294352269,10,0]","[593424888,56335558,1932388209,2549697010,586821922,3730055749,1951239742,2294352269,10,1]",PCG64,smoke,gamma,0.1,2.0,True,1e-07,7,0.028112449799196786,0.11497175309297883,0.11497175527199104,2.0515023559742986,2.0515023078546313,28.627967062725766,9.999999983634211e-08,0.10000000197357617,0.024669701620415353,True,
235ef1f8035b9cc6732de77197f949f222fa3122de542245744d8e3e88c1098d,250,0.1,0.1,2.0,1.0,0.0,0.5,1e-06,1.5,11,20260910,"[593424888,56335558,1932388209,2549697010,586821922,3730055749,1951239742,2294352269,11]","[593424888,56335558,1932388209,2549697010,586821922,3730055749,1951239742,2294352269,11,0]","[593424888,56335558,1932388209,2549697010,586821922,3730055749,1951239742,2294352269,11,1]",PCG64,smoke,gamma,0.1,2.0,True,1e-07,2,0.008032128514056224,0.11101516175883888,0.1110151623493039,1.9630117172603168,1.9630117041099953,27.64277542497667,1e-07,0.10000000197357617,0.024669701620415353,True,
235ef1f8035b9cc6732de77197f949f222fa3122de542245744d8e3e88c1098d,250,0.1,0.1,2.0,1.0,0.0,0.5,1e-06,1.5,12,20260910,"[593424888,56335558,1932388209,2549697010,586821922,3730055749,1951239742,2294352269,12]","[593424888,56335558,1932388209,2549697010,586821922,3730055749,1951239742,2294352269,12,0]","[593424888,56335558,1932388209,2549697010,586821922,3730055749,1951239742,2294352269,12,1]",PCG64,smoke,gamma,0.1,2.0,True,1e-07,5,0.020080321285140562,0.08991194300542592,0.08991194442478122,1.9556110407163965,1.9556110017728214,22.388074161770525,9.99999993922529e-08,0.10000000197357617,0.024669701620415353,True,
235ef1f8035b9cc6732de77197f949f222fa3122de542245744d8e3e88c1098d,250,0.1,0.1,2.0,1.0,0.0,0.5,1e-06,1.5,13,20260910,"[593424888,56335558,1932388209,2549697010,586821922,3730055749,1951239742,2294352269,13]","[593424888,56335558,1932388209,2549697010,586821922,3730055749,1951239742,2294352269,13,0]","[593424888,56335558,1932388209,2549697010,586821922,3730055749,1951239742,2294352269,13,1]",PCG64,smoke,gamma,0.1,2.0,True,1e-07,10,0.040160642570281124,0.10901829028098557,0.10901829402311591,2.009112031499635,2.009111945450431,27.14555521175586,9.99999993922529e-08,0.10000000197357617,0.024669701620415353,True,
235ef1f8035b9cc6732de77197f949f222fa3122de542245744d8e3e88c1098d,250,0.1,0.1,2.0,1.0,0.0,0.5,1e-06,1.5,14,20260910,"[593424888,56335558,1932388209,2549697010,586821922,3730055749,1951239742,2294352269,14]","[593424888,56335558,1932388209,2549697010,586821922,3730055749,1951239742,2294352269,14,0]","[593424888,56335558,1932388209,2549697010,586821922,3730055749,1951239742,2294352269,14,1]",PCG64,smoke,gamma,0.1,2.0,True,1e-07,5,0.020080321285140562,0.0926189659947102,0.09261896790400218,2.115881428639565,2.115881375279034,23.062123008096542,9.99999993922529e-08,0.10000000197357617,0.024669701620415353,True,
235ef1f8035b9cc6732de77197f949f222fa3122de542245744d8e3e88c1098d,250,0.1,0.1,2.0,1.0,0.0,0.5,1e-06,1.5,15,20260910,"[593424888,56335558,1932388209,2549697010,586821922,3730055749,1951239742,2294352269,15]","[593424888,56335558,1932388209,2549697010,586821922,3730055749,1951239742,2294352269,15,0]","[593424888,56335558,1932388209,2549697010,586821922,3730055749,1951239742,2294352269,15,1]",PCG64,smoke,gamma,0.1,2.0,True,1e-07,6,0.024096385542168676,0.1098573905414426,0.10985739241533346,1.9238930048619527,1.9238929631790507,27.354490711418027,9.99999993922529e-08,0.10000000197357617,0.024669701620415353,True,
235ef1f8035b9cc6732de77197f949f222fa3122de542245744d8e3e88c1098d,250,0.1,0.1,2.0,1.0,0.0,0.5,1e-06,1.5,16,20260910,"[593424888,56335558,1932388209,2549697010,586821922,3730055749,1951239742,2294352269,16]","[593424888,56335558,1932388209,2549697010,586821922,3730055749,1951239742,2294352269,16,0]","[593424888,56335558,1932388209,2549697010,586821922,3730055749,1951239742,2294352269,16,1]",PCG64,smoke,gamma,0.1,2.0,True,1e-07,3,0.012048192771084338,0.11243728335708332,0.11243728451485638,2.0657614685568775,2.065761442300987,27.996883844199235,9.999999983634211e-08,0.10000000197357617,0.024669701620415353,True,
235ef1f8035b9cc6732de77197f949f222fa3122de542245744d8e3e88c1098d,250,0.1,0.1,2.0,1.0,0.0,0.5,1e-06,1.5,17,20260910,"[593424888,56335558,1932388209,2549697010,586821922,3730055749,1951239742,2294352269,17]","[593424888,56335558,1932388209,2549697010,586821922,3730055749,1951239742,2294352269,17,0]","[593424888,56335558,1932388209,2549697010,586821922,3730055749,1951239742,2294352269,17,1]",PCG64,smoke,gamma,0.1,2.0,True,1e-07,6,0.024096385542168676,0.10502093861538807,0.10502094075819642,2.001331793362498,2.0013317423330457,26.15021424879091,9.99999993922529e-08,0.10000000197357617,0.024669701620415353,True,
235ef1f8035b9cc6732de77197f949f222fa3122de542245744d8e3e88c1098d,250,0.1,0.1,2.0,1.0,0.0,0.5,1e-06,1.5,18,20260910,"[593424888,56335558,1932388209,2549697010,586821922,3730055749,1951239742,2294352269,18]","[593424888,56335558,1932388209,2549697010,586821922,3730055749,1951239742,2294352269,18,0]","[593424888,56335558,1932388209,2549697010,586821922,3730055749,1951239742,2294352269,18,1]",PCG64,smoke,gamma,0.1,2.0,True,1e-07,5,0.020080321285140562,0.0961359267918048,0.09613592854143525,2.080207503834182,2.080207457226441,23.937846206817376,9.99999993922529e-08,0.10000000197357617,0.024669701620415353,True,
235ef1f8035b9cc6732de77197f949f222fa3122de542245744d8e3e88c1098d,250,0.1,0.1,2.0,1.0,0.0,0.5,1e-06,1.5,19,20260910,"[593424888,56335558,1932388209,2549697010,586821922,3730055749,1951239742,2294352269,19]","[593424888,56335558,1932388209,2549697010,586821922,3730055749,1951239742,2294352269,19,0]","[593424888,56335558,1932388209,2549697010,586821922,3730055749,1951239742,2294352269,19,1]",PCG64,smoke,gamma,0.1,2.0,True,1e-07,8,0.0321285140562249,0.0974618426754028,0.09746184510768482,1.9706320453877098,1.9706319835440502,24.26799943181352,9.999999994736442e-08,0.10000000197357617,0.024669701620415353,True,
d027970362028d74549356c73c879afd38c074871d61a476b5bb0b1d9032b642,250,0.5,0.5,0.0,1.0,0.0,0.5,1e-06,1.5,0,20260910,"[3492255491,1644334452,1418942151,1015519997,952136839,492938358,3048934173,2419242562,0]","[3492255491,1644334452,1418942151,1015519997,952136839,492938358,3048934173,2419242562,0,0]","[3492255491,1644334452,1418942151,1015519997,952136839,492938358,3048934173,2419242562,0,1]",PCG64,smoke,equidistant,0.5,0.0,False,0.0,0,0.0,0.5,0.5,0.0,0.0,124.5,0.5,0.5,0.0,True,
d027970362028d74549356c73c879afd38c074871d61a476b5bb0b1d9032b642,250,0.5,0.5,0.0,1.0,0.0,0.5,1e-06,1.5,1,20260910,"[3492255491,1644334452,1418942151,1015519997,952136839,492938358,3048934173,2419242562,1]","[3492255491,1644334452,1418942151,1015519997,952136839,492938358,3048934173,2419242562,1,0]","[3492255491,1644334452,1418942151,1015519997,952136839,492938358,3048934173,2419242562,1,1]",PCG64,smoke,equidistant,0.5,0.0,False,0.0,0,0.0,0.5,0.5,0.0,0.0,124.5,0.5,0.5,0.0,True,
d027970362028d74549356c73c879afd38c074871d61a476b5bb0b1d9032b642,250,0.5,0.5,0.0,1.0,0.0,0.5,1e-06,1.5,2,20260910,"[3492255491,1644334452,1418942151,1015519997,952136839,492938358,3048934173,2419242562,2]","[3492255491,1644334452,1418942151,1015519997,952136839,492938358,3048934173,2419242562,2,0]","[3492255491,1644334452,1418942151,1015519997,952136839,492938358,3048934173,2419242562,2,1]",PCG64,smoke,equidistant,0.5,0.0,False,0.0,0,0.0,0.5,0.5,0.0,0.0,124.5,0.5,0.5,0.0,True,
d027970362028d74549356c73c879afd38c074871d61a476b5bb0b1d9032b642,250,0.5,0.5,0.0,1.0,0.0,0.5,1e-06,1.5,3,20260910,"[3492255491,1644334452,1418942151,1015519997,952136839,492938358,3048934173,2419242562,3]","[3492255491,1644334452,1418942151,1015519997,952136839,492938358,3048934173,2419242562,3,0]","[3492255491,1644334452,1418942151,1015519997,952136839,492938358,3048934173,2419242562,3,1]",PCG64,smoke,equidistant,0.5,0.0,False,0.0,0,0.0,0.5,0.5,0.0,0.0,124.5,0.5,0.5,0.0,True,
d027970362028d74549356c73c879afd38c074871d61a476b5bb0b1d9032b642,250,0.5,0.5,0.0,1.0,0.0,0.5,1e-06,1.5,4,20260910,"[3492255491,1644334452,1418942151,1015519997,952136839,492938358,3048934173,2419242562,4]","[3492255491,1644334452,1418942151,1015519997,952136839,492938358,3048934173,2419242562,4,0]","[3492255491,1644334452,1418942151,1015519997,952136839,492938358,3048934173,2419242562,4,1]",PCG64,smoke,equidistant,0.5,0.0,False,0.0,0,0.0,0.5,0.5,0.0,0.0,124.5,0.5,0.5,0.0,True,
d027970362028d74549356c73c879afd38c074871d61a476b5bb0b1d9032b642,250,0.5,0.5,0.0,1.0,0.0,0.5,1e-06,1.5,5,20260910,"[3492255491,1644334452,1418942151,1015519997,952136839,492938358,3048934173,2419242562,5]","[3492255491,1644334452,1418942151,1015519997,952136839,492938358,3048934173,2419242562,5,0]","[3492255491,1644334452,1418942151,1015519997,952136839,492938358,3048934173,2419242562,5,1]",PCG64,smoke,equidistant,0.5,0.0,False,0.0,0,0.0,0.5,0.5,0.0,0.0,124.5,0.5,0.5,0.0,True,
d027970362028d74549356c73c879afd38c074871d61a476b5bb0b1d9032b642,250,0.5,0.5,0.0,1.0,0.0,0.5,1e-06,1.5,6,20260910,"[3492255491,1644334452,1418942151,1015519997,952136839,492938358,3048934173,2419242562,6]","[3492255491,1644334452,1418942151,1015519997,952136839,492938358,3048934173,2419242562,6,0]","[3492255491,1644334452,1418942151,1015519997,952136839,492938358,3048934173,2419242562,6,1]",PCG64,smoke,equidistant,0.5,0.0,False,0.0,0,0.0,0.5,0.5,0.0,0.0,124.5,0.5,0.5,0.0,True,
d027970362028d74549356c73c879afd38c074871d61a476b5bb0b1d9032b642,250,0.5,0.5,0.0,1.0,0.0,0.5,1e-06,1.5,7,20260910,"[3492255491,1644334452,1418942151,1015519997,952136839,492938358,3048934173,2419242562,7]","[3492255491,1644334452,1418942151,1015519997,952136839,492938358,3048934173,2419242562,7,0]","[3492255491,1644334452,1418942151,1015519997,952136839,492938358,3048934173,2419242562,7,1]",PCG64,smoke,equidistant,0.5,0.0,False,0.0,0,0.0,0.5,0.5,0.0,0.0,124.5,0.5,0.5,0.0,True,
d027970362028d74549356c73c879afd38c074871d61a476b5bb0b1d9032b642,250,0.5,0.5,0.0,1.0,0.0,0.5,1e-06,1.5,8,20260910,"[3492255491,1644334452,1418942151,1015519997,952136839,492938358,3048934173,2419242562,8]","[3492255491,1644334452,1418942151,1015519997,952136839,492938358,3048934173,2419242562,8,0]","[3492255491,1644334452,1418942151,1015519997,952136839,492938358,3048934173,2419242562,8,1]",PCG64,smoke,equidistant,0.5,0.0,False,0.0,0,0.0,0.5,0.5,0.0,0.0,124.5,0.5,0.5,0.0,True,
d027970362028d74549356c73c879afd38c074871d61a476b5bb0b1d9032b642,250,0.5,0.5,0.0,1.0,0.0,0.5,1e-06,1.5,9,20260910,"[3492255491,1644334452,1418942151,1015519997,952136839,492938358,3048934173,2419242562,9]","[3492255491,1644334452,1418942151,1015519997,952136839,492938358,3048934173,2419242562,9,0]","[3492255491,1644334452,1418942151,1015519997,952136839,492938358,3048934173,2419242562,9,1]",PCG64,smoke,equidistant,0.5,0.0,False,0.0,0,0.0,0.5,0.5,0.0,0.0,124.5,0.5,0.5,0.0,True,
d027970362028d74549356c73c879afd38c074871d61a476b5bb0b1d9032b642,250,0.5,0.5,0.0,1.0,0.0,0.5,1e-06,1.5,10,20260910,"[3492255491,1644334452,1418942151,1015519997,952136839,492938358,3048934173,2419242562,10]","[3492255491,1644334452,1418942151,1015519997,952136839,492938358,3048934173,2419242562,10,0]","[3492255491,1644334452,1418942151,1015519997,952136839,492938358,3048934173,2419242562,10,1]",PCG64,smoke,equidistant,0.5,0.0,False,0.0,0,0.0,0.5,0.5,0.0,0.0,124.5,0.5,0.5,0.0,True,
d027970362028d74549356c73c879afd38c074871d61a476b5bb0b1d9032b642,250,0.5,0.5,0.0,1.0,0.0,0.5,1e-06,1.5,11,20260910,"[3492255491,1644334452,1418942151,1015519997,952136839,492938358,3048934173,2419242562,11]","[3492255491,1644334452,1418942151,1015519997,952136839,492938358,3048934173,2419242562,11,0]","[3492255491,1644334452,1418942151,1015519997,952136839,492938358,3048934173,2419242562,11,1]",PCG64,smoke,equidistant,0.5,0.0,False,0.0,0,0.0,0.5,0.5,0.0,0.0,124.5,0.5,0.5,0.0,True,
d027970362028d74549356c73c879afd38c074871d61a476b5bb0b1d9032b642,250,0.5,0.5,0.0,1.0,0.0,0.5,1e-06,1.5,12,20260910,"[3492255491,1644334452,1418942151,1015519997,952136839,492938358,3048934173,2419242562,12]","[3492255491,1644334452,1418942151,1015519997,952136839,492938358,3048934173,2419242562,12,0]","[3492255491,1644334452,1418942151,1015519997,952136839,492938358,3048934173,2419242562,12,1]",PCG64,smoke,equidistant,0.5,0.0,False,0.0,0,0.0,0.5,0.5,0.0,0.0,124.5,0.5,0.5,0.0,True,
d027970362028d74549356c73c879afd38c074871d61a476b5bb0b1d9032b642,250,0.5,0.5,0.0,1.0,0.0,0.5,1e-06,1.5,13,20260910,"[3492255491,1644334452,1418942151,1015519997,952136839,492938358,3048934173,2419242562,13]","[3492255491,1644334452,1418942151,1015519997,952136839,492938358,3048934173,2419242562,13,0]","[3492255491,1644334452,1418942151,1015519997,952136839,492938358,3048934173,2419242562,13,1]",PCG64,smoke,equidistant,0.5,0.0,False,0.0,0,0.0,0.5,0.5,0.0,0.0,124.5,0.5,0.5,0.0,True,
d027970362028d74549356c73c879afd38c074871d61a476b5bb0b1d9032b642,250,0.5,0.5,0.0,1.0,0.0,0.5,1e-06,1.5,14,20260910,"[3492255491,1644334452,1418942151,1015519997,952136839,492938358,3048934173,2419242562,14]","[3492255491,1644334452,1418942151,1015519997,952136839,492938358,3048934173,2419242562,14,0]","[3492255491,1644334452,1418942151,1015519997,952136839,492938358,3048934173,2419242562,14,1]",PCG64,smoke,equidistant,0.5,0.0,False,0.0,0,0.0,0.5,0.5,0.0,0.0,124.5,0.5,0.5,0.0,True,
d027970362028d74549356c73c879afd38c074871d61a476b5bb0b1d9032b642,250,0.5,0.5,0.0,1.0,0.0,0.5,1e-06,1.5,15,20260910,"[3492255491,1644334452,1418942151,1015519997,952136839,492938358,3048934173,2419242562,15]","[3492255491,1644334452,1418942151,1015519997,952136839,492938358,3048934173,2419242562,15,0]","[3492255491,1644334452,1418942151,1015519997,952136839,492938358,3048934173,2419242562,15,1]",PCG64,smoke,equidistant,0.5,0.0,False,0.0,0,0.0,0.5,0.5,0.0,0.0,124.5,0.5,0.5,0.0,True,
d027970362028d74549356c73c879afd38c074871d61a476b5bb0b1d9032b642,250,0.5,0.5,0.0,1.0,0.0,0.5,1e-06,1.5,16,20260910,"[3492255491,1644334452,1418942151,1015519997,952136839,492938358,3048934173,2419242562,16]","[3492255491,1644334452,1418942151,1015519997,952136839,492938358,3048934173,2419242562,16,0]","[3492255491,1644334452,1418942151,1015519997,952136839,492938358,3048934173,2419242562,16,1]",PCG64,smoke,equidistant,0.5,0.0,False,0.0,0,0.0,0.5,0.5,0.0,0.0,124.5,0.5,0.5,0.0,True,
d027970362028d74549356c73c879afd38c074871d61a476b5bb0b1d9032b642,250,0.5,0.5,0.0,1.0,0.0,0.5,1e-06,1.5,17,20260910,"[3492255491,1644334452,1418942151,1015519997,952136839,492938358,3048934173,2419242562,17]","[3492255491,1644334452,1418942151,1015519997,952136839,492938358,3048934173,2419242562,17,0]","[3492255491,1644334452,1418942151,1015519997,952136839,492938358,3048934173,2419242562,17,1]",PCG64,smoke,equidistant,0.5,0.0,False,0.0,0,0.0,0.5,0.5,0.0,0.0,124.5,0.5,0.5,0.0,True,
d027970362028d74549356c73c879afd38c074871d61a476b5bb0b1d9032b642,250,0.5,0.5,0.0,1.0,0.0,0.5,1e-06,1.5,18,20260910,"[3492255491,1644334452,1418942151,1015519997,952136839,492938358,3048934173,2419242562,18]","[3492255491,1644334452,1418942151,1015519997,952136839,492938358,3048934173,2419242562,18,0]","[3492255491,1644334452,1418942151,1015519997,952136839,492938358,3048934173,2419242562,18,1]",PCG64,smoke,equidistant,0.5,0.0,False,0.0,0,0.0,0.5,0.5,0.0,0.0,124.5,0.5,0.5,0.0,True,
d027970362028d74549356c73c879afd38c074871d61a476b5bb0b1d9032b642,250,0.5,0.5,0.0,1.0,0.0,0.5,1e-06,1.5,19,20260910,"[3492255491,1644334452,1418942151,1015519997,952136839,492938358,3048934173,2419242562,19]","[3492255491,1644334452,1418942151,1015519997,952136839,492938358,3048934173,2419242562,19,0]","[3492255491,1644334452,1418942151,1015519997,952136839,492938358,3048934173,2419242562,19,1]",PCG64,smoke,equidistant,0.5,0.0,False,0.0,0,0.0,0.5,0.5,0.0,0.0,124.5,0.5,0.5,0.0,True,
c9336ddbf5462c139a054699fef361ecbf08b537a70e8513696600b9ba442127,250,0.5,0.5,1.0,1.0,0.0,0.5,1e-06,1.5,0,20260910,"[3375590875,4115016723,2584037017,4277363180,3205018935,2802746643,1768292537,3125027111,0]","[3375590875,4115016723,2584037017,4277363180,3205018935,2802746643,1768292537,3125027111,0,0]","[3375590875,4115016723,2584037017,4277363180,3205018935,2802746643,1768292537,3125027111,0,1]",PCG64,smoke,exponential,0.5,1.0,False,0.0,0,0.0,0.5617282187349202,0.5617282187349197,1.0035743769679621,1.0035743769679635,139.87032646499503,7.867945157613576e-06,0.5,0.0,True,
c9336ddbf5462c139a054699fef361ecbf08b537a70e8513696600b9ba442127,250,0.5,0.5,1.0,1.0,0.0,0.5,1e-06,1.5,1,20260910,"[3375590875,4115016723,2584037017,4277363180,3205018935,2802746643,1768292537,3125027111,1]","[3375590875,4115016723,2584037017,4277363180,3205018935,2802746643,1768292537,3125027111,1,0]","[3375590875,4115016723,2584037017,4277363180,3205018935,2802746643,1768292537,3125027111,1,1]",PCG64,smoke,exponential,0.5,1.0,False,0.0,0,0.0,0.496442197430144,0.4964421974301444,0.9762828431548681,0.9762828431548679,123.61410716010596,0.0011086573759477858,0.5,0.0,True,
c9336ddbf5462c139a054699fef361ecbf08b537a70e8513696600b9ba442127,250,0.5,0.5,1.0,1.0,0.0,0.5,1e-06,1.5,2,20260910,"[3375590875,4115016723,2584037017,4277363180,3205018935,2802746643,1768292537,3125027111,2]","[3375590875,4115016723,2584037017,4277363180,3205018935,2802746643,1768292537,3125027111,2,0]","[3375590875,4115016723,2584037017,4277363180,3205018935,2802746643,1768292537,3125027111,2,1]",PCG64,smoke,exponential,0.5,1.0,False,0.0,0,0.0,0.4964609687842038,0.4964609687842041,1.0578233397109789,1.0578233397109789,123.61878122726682,0.002529857808966085,0.5,0.0,True,
c9336ddbf5462c139a054699fef361ecbf08b537a70e8513696600b9ba442127,250,0.5,0.5,1.0,1.0,0.0,0.5,1e-06,1.5,3,20260910,"[3375590875,4115016723,2584037017,4277363180,3205018935,2802746643,1768292537,3125027111,3]","[3375590875,4115016723,2584037017,4277363180,3205018935,2802746643,1768292537,3125027111,3,0]","[3375590875,4115016723,2584037017,4277363180,3205018935,2802746643,1768292537,3125027111,3,1]",PCG64,smoke,exponential,0.5,1.0,False,0.0,0,0.0,0.49696743252730924,0.49696743252730946,0.9633746236696412,0.9633746236696409,123.74489069930003,0.0037473107939129946,0.5,0.0,True,
c9336ddbf5462c139a054699fef361ecbf08b537a70e8513696600b9ba442127,250,0.5,0.5,1.0,1.0,0.0,0.5,1e-06,1.5,4,20260910,"[3375590875,4115016723,2584037017,4277363180,3205018935,2802746643,1768292537,3125027111,4]","[3375590875,4115016723,2584037017,4277363180,3205018935,2802746643,1768292537,3125027111,4,0]","[3375590875,4115016723,2584037017,4277363180,3205018935,2802746643,1768292537,3125027111,4,1]",PCG64,smoke,exponential,0.5,1.0,False,0.0,0,0.0,0.4906132469772239,0.4906132469772237,1.0673799699573365,1.0673799699573365,122.16269849732869,0.002483211688920406,0.5,0.0,True,
c9336ddbf5462c139a054699fef361ecbf08b537a70e8513696600b9ba442127,250,0.5,0.5,1.0,1.0,0.0,0.5,1e-06,1.5,5,20260910,"[3375590875,4115016723,2584037017,4277363180,3205018935,2802746643,1768292537,3125027111,5]","[3375590875,4115016723,2584037017,4277363180,3205018935,2802746643,1768292537,3125027111,5,0]","[3375590875,4115016723,2584037017,4277363180,3205018935,2802746643,1768292537,3125027111,5,1]",PCG64,smoke,exponential,0.5,1.0,False,0.0,0,0.0,0.5262216733355316,0.5262216733355315,0.9525454379221671,0.9525454379221666,131.02919666054734,0.004243607203131106,0.5,0.0,True,
c9336ddbf5462c139a054699fef361ecbf08b537a70e8513696600b9ba442127,250,0.5,0.5,1.0,1.0,0.0,0.5,1e-06,1.5,6,20260910,"[3375590875,4115016723,2584037017,4277363180,3205018935,2802746643,1768292537,3125027111,6]","[3375590875,4115016723,2584037017,4277363180,3205018935,2802746643,1768292537,3125027111,6,0]","[3375590875,4115016723,2584037017,4277363180,3205018935,2802746643,1768292537,3125027111,6,1]",PCG64,smoke,exponential,0.5,1.0,False,0.0,0,0.0,0.5735524172733183,0.5735524172733182,0.955968640008048,0.9559686400080484,142.81455190105623,1.960868189598841e-05,0.5,0.0,True,
c9336ddbf5462c139a054699fef361ecbf08b537a70e8513696600b9ba442127,250,0.5,0.5,1.0,1.0,0.0,0.5,1e-06,1.5,7,20260910,"[3375590875,4115016723,2584037017,4277363180,3205018935,2802746643,1768292537,3125027111,7]","[3375590875,4115016723,2584037017,4277363180,3205018935,2802746643,1768292537,3125027111,7,0]","[3375590875,4115016723,2584037017,4277363180,3205018935,2802746643,1768292537,3125027111,7,1]",PCG64,smoke,exponential,0.5,1.0,False,0.0,0,0.0,0.47948084632624666,0.47948084632624627,0.9710818856587856,0.9710818856587866,119.39073073523534,0.0010297197945590142,0.5,0.0,True,
c9336ddbf5462c139a054699fef361ecbf08b537a70e8513696600b9ba442127,250,0.5,0.5,1.0,1.0,0.0,0.5,1e-06,1.5,8,20260910,"[3375590875,4115016723,2584037017,4277363180,3205018935,2802746643,1768292537,3125027111,8]","[3375590875,4115016723,2584037017,4277363180,3205018935,2802746643,1768292537,3125027111,8,0]","[3375590875,4115016723,2584037017,4277363180,3205018935,2802746643,1768292537,3125027111,8,1]",PCG64,smoke,exponential,0.5,1.0,False,0.0,0,0.0,0.5270191655860047,0.5270191655860046,0.9732708540554837,0.9732708540554841,131.22777223091515,0.0018083658798673241,0.5,0.0,True,
c9336ddbf5462c139a054699fef361ecbf08b537a70e8513696600b9ba442127,250,0.5,0.5,1.0,1.0,0.0,0.5,1e-06,1.5,9,20260910,"[3375590875,4115016723,2584037017,4277363180,3205018935,2802746643,1768292537,3125027111,9]","[3375590875,4115016723,2584037017,4277363180,3205018935,2802746643,1768292537,3125027111,9,0]","[3375590875,4115016723,2584037017,4277363180,3205018935,2802746643,1768292537,3125027111,9,1]",PCG64,smoke,exponential,0.5,1.0,False,0.0,0,0.0,0.4944752282437678,0.4944752282437679,0.9835024400524364,0.9835024400524361,123.12433183269819,0.0020970033051135317,0.5,0.0,True,
c9336ddbf5462c139a054699fef361ecbf08b537a70e8513696600b9ba442127,250,0.5,0.5,1.0,1.0,0.0,0.5,1e-06,1.5,10,20260910,"[3375590875,4115016723,2584037017,4277363180,3205018935,2802746643,1768292537,3125027111,10]","[3375590875,4115016723,2584037017,4277363180,3205018935,2802746643,1768292537,3125027111,10,0]","[3375590875,4115016723,2584037017,4277363180,3205018935,2802746643,1768292537,3125027111,10,1]",PCG64,smoke,exponential,0.5,1.0,False,0.0,0,0.0,0.49098306986841517,0.49098306986841495,0.9967171100427457,0.9967171100427454,122.25478439723534,0.002486761741508303,0.5,0.0,True,
c9336ddbf5462c139a054699fef361ecbf08b537a70e8513696600b9ba442127,250,0.5,0.5,1.0,1.0,0.0,0.5,1e-06,1.5,11,20260910,"[3375590875,4115016723,2584037017,4277363180,3205018935,2802746643,1768292537,3125027111,11]","[3375590875,4115016723,2584037017,4277363180,3205018935,2802746643,1768292537,3125027111,11,0]","[3375590875,4115016723,2584037017,4277363180,3205018935,2802746643,1768292537,3125027111,11,1]",PCG64,smoke,exponential,0.5,1.0,False,0.0,0,0.0,0.4172163037660871,0.417216303766087,1.0357403502812583,1.0357403502812585,103.88685963775565,3.218299945828562e-05,0.5,0.0,True,
c9336ddbf5462c139a054699fef361ecbf08b537a70e8513696600b9ba442127,250,0.5,0.5,1.0,1.0,0.0,0.5,1e-06,1.5,12,20260910,"[3375590875,4115016723,2584037017,4277363180,3205018935,2802746643,1768292537,3125027111,12]","[3375590875,4115016723,2584037017,4277363180,3205018935,2802746643,1768292537,3125027111,12,0]","[3375590875,4115016723,2584037017,4277363180,3205018935,2802746643,1768292537,3125027111,12,1]",PCG64,smoke,exponential,0.5,1.0,False,0.0,0,0.0,0.5128167501999684,0.5128167501999684,1.0344515858867944,1.0344515858867944,127.69137079979214,0.0019844481992095098,0.5,0.0,True,
c9336ddbf5462c139a054699fef361ecbf08b537a70e8513696600b9ba442127,250,0.5,0.5,1.0,1.0,0.0,0.5,1e-06,1.5,13,20260910,"[3375590875,4115016723,2584037017,4277363180,3205018935,2802746643,1768292537,3125027111,13]","[3375590875,4115016723,2584037017,4277363180,3205018935,2802746643,1768292537,3125027111,13,0]","[3375590875,4115016723,2584037017,4277363180,3205018935,2802746643,1768292537,3125027111,13,1]",PCG64,smoke,exponential,0.5,1.0,False,0.0,0,0.0,0.48755911633691024,0.4875591163369103,1.0295246387754275,1.0295246387754278,121.40221996789064,0.0015862271954176776,0.5,0.0,True,
c9336ddbf5462c139a054699fef361ecbf08b537a70e8513696600b9ba442127,250,0.5,0.5,1.0,1.0,0.0,0.5,1e-06,1.5,14,20260910,"[3375590875,4115016723,2584037017,4277363180,3205018935,2802746643,1768292537,3125027111,14]","[3375590875,4115016723,2584037017,4277363180,3205018935,2802746643,1768292537,3125027111,14,0]","[3375590875,4115016723,2584037017,4277363180,3205018935,2802746643,1768292537,3125027111,14,1]",PCG64,smoke,exponential,0.5,1.0,False,0.0,0,0.0,0.4952689791053425,0.4952689791053427,1.0212945000696252,1.021294500069624,123.32197579723034,0.0020333803061873823,0.5,0.0,True,
c9336ddbf5462c139a054699fef361ecbf08b537a70e8513696600b9ba442127,250,0.5,0.5,1.0,1.0,0.0,0.5,1e-06,1.5,15,20260910,"[3375590875,4115016723,2584037017,4277363180,3205018935,2802746643,1768292537,3125027111,15]","[3375590875,4115016723,2584037017,4277363180,3205018935,2802746643,1768292537,3125027111,15,0]","[3375590875,4115016723,2584037017,4277363180,3205018935,2802746643,1768292537,3125027111,15,1]",PCG64,smoke,exponential,0.5,1.0,False,0.0,0,0.0,0.49528250780353433,0.4952825078035343,1.0055930672701134,1.005593067270113,123.32534444308004,2.578082224147238e-05,0.5,0.0,True,
c9336ddbf5462c139a054699fef361ecbf08b537a70e8513696600b9ba442127,250,0.5,0.5,1.0,1.0,0.0,0.5,1e-06,1.5,16,20260910,"[3375590875,4115016723,2584037017,4277363180,3205018935,2802746643,1768292537,3125027111,16]","[3375590875,4115016723,2584037017,4277363180,3205018935,2802746643,1768292537,3125027111,16,0]","[3375590875,4115016723,2584037017,4277363180,3205018935,2802746643,1768292537,3125027111,16,1]",PCG64,smoke,exponential,0.5,1.0,False,0.0,0,0.0,0.48756873910950915,0.48756873910950926,0.97288603559463,0.9728860355946298,121.40461603826778,0.00048126648255930604,0.5,0.0,True,
c9336ddbf5462c139a054699fef361ecbf08b537a70e8513696600b9ba442127,250,0.5,0.5,1.0,1.0,0.0,0.5,1e-06,1.5,17,20260910,"[3375590875,4115016723,2584037017,4277363180,3205018935,2802746643,1768292537,3125027111,17]","[3375590875,4115016723,2584037017,4277363180,3205018935,2802746643,1768292537,3125027111,17,0]","[3375590875,4115016723,2584037017,4277363180,3205018935,2802746643,1768292537,3125027111,17,1]",PCG64,smoke,exponential,0.5,1.0,False,0.0,0,0.0,0.5647736085226539,0.5647736085226539,0.9771780763692608,0.9771780763692606,140.62862852214081,0.006204298372495032,0.5,0.0,True,
c9336ddbf5462c139a054699fef361ecbf08b537a70e8513696600b9ba442127,250,0.5,0.5,1.0,1.0,0.0,0.5,1e-06,1.5,18,20260910,"[3375590875,4115016723,2584037017,4277363180,3205018935,2802746643,1768292537,3125027111,18]","[3375590875,4115016723,2584037017,4277363180,3205018935,2802746643,1768292537,3125027111,18,0]","[3375590875,4115016723,2584037017,4277363180,3205018935,2802746643,1768292537,3125027111,18,1]",PCG64,smoke,exponential,0.5,1.0,False,0.0,0,0.0,0.5396425034611123,0.5396425034611124,1.0665701643161032,1.0665701643161027,134.37098336181697,4.0640708078854004e-05,0.5,0.0,True,
c9336ddbf5462c139a054699fef361ecbf08b537a70e8513696600b9ba442127,250,0.5,0.5,1.0,1.0,0.0,0.5,1e-06,1.5,19,20260910,"[3375590875,4115016723,2584037017,4277363180,3205018935,2802746643,1768292537,3125027111,19]","[3375590875,4115016723,2584037017,4277363180,3205018935,2802746643,1768292537,3125027111,19,0]","[3375590875,4115016723,2584037017,4277363180,3205018935,2802746643,1768292537,3125027111,19,1]",PCG64,smoke,exponential,0.5,1.0,False,0.0,0,0.0,0.487049177483058,0.4870491774830578,0.9863413620417831,0.9863413620417844,121.27524519328138,0.0003289541968172216,0.5,0.0,True,
f8d4e4a0284815907238717ce73c66fe15dbe632869f978cfd54f905b681ba41,250,0.5,0.5,2.0,1.0,0.0,0.5,1e-06,1.5,0,20260910,"[4174701728,675812752,1916301692,3879495422,366732850,2258605964,4250204421,3061955137,0]","[4174701728,675812752,1916301692,3879495422,366732850,2258605964,4250204421,3061955137,0,0]","[4174701728,675812752,1916301692,3879495422,366732850,2258605964,4250204421,3061955137,0,1]",PCG64,smoke,gamma,0.5,2.0,True,5e-07,4,0.01606425702811245,0.4962035928012428,0.49620360062516733,2.1495267159534768,2.1495266747253012,123.55469655566668,4.999999987376214e-07,0.5000000098678808,0.024669701620415353,True,
f8d4e4a0284815907238717ce73c66fe15dbe632869f978cfd54f905b681ba41,250,0.5,0.5,2.0,1.0,0.0,0.5,1e-06,1.5,1,20260910,"[4174701728,675812752,1916301692,3879495422,366732850,2258605964,4250204421,3061955137,1]","[4174701728,675812752,1916301692,3879495422,366732850,2258605964,4250204421,3061955137,1,0]","[4174701728,675812752,1916301692,3879495422,366732850,2258605964,4250204421,3061955137,1,1]",PCG64,smoke,gamma,0.5,2.0,True,5e-07,6,0.024096385542168676,0.4834952876065929,0.4834952979349116,2.0533228698104784,2.053322815544344,120.390329185793,4.999999987376214e-07,0.5000000098678808,0.024669701620415353,True,
f8d4e4a0284815907238717ce73c66fe15dbe632869f978cfd54f905b681ba41,250,0.5,0.5,2.0,1.0,0.0,0.5,1e-06,1.5,2,20260910,"[4174701728,675812752,1916301692,3879495422,366732850,2258605964,4250204421,3061955137,2]","[4174701728,675812752,1916301692,3879495422,366732850,2258605964,4250204421,3061955137,2,0]","[4174701728,675812752,1916301692,3879495422,366732850,2258605964,4250204421,3061955137,2,1]",PCG64,smoke,gamma,0.5,2.0,True,5e-07,6,0.024096385542168676,0.5761135124954082,0.5761135213116829,1.7422319771459305,1.7422319417009602,143.4522668066091,4.999999987376214e-07,0.5000000098678808,0.024669701620415353,True,
f8d4e4a0284815907238717ce73c66fe15dbe632869f978cfd54f905b681ba41,250,0.5,0.5,2.0,1.0,0.0,0.5,1e-06,1.5,3,20260910,"[4174701728,675812752,1916301692,3879495422,366732850,2258605964,4250204421,3061955137,3]","[4174701728,675812752,1916301692,3879495422,366732850,2258605964,4250204421,3061955137,3,0]","[4174701728,675812752,1916301692,3879495422,366732850,2258605964,4250204421,3061955137,3,1]",PCG64,smoke,gamma,0.5,2.0,True,5e-07,8,0.0321285140562249,0.5071442657994153,0.5071442788889994,2.149796028171199,2.1497959606782,126.27892544336085,4.999999987376214e-07,0.5000000098678808,0.024669701620415353,True,
f8d4e4a0284815907238717ce73c66fe15dbe632869f978cfd54f905b681ba41,250,0.5,0.5,2.0,1.0,0.0,0.5,1e-06,1.5,4,20260910,"[4174701728,675812752,1916301692,3879495422,366732850,2258605964,4250204421,3061955137,4]","[4174701728,675812752,1916301692,3879495422,366732850,2258605964,4250204421,3061955137,4,0]","[4174701728,675812752,1916301692,3879495422,366732850,2258605964,4250204421,3061955137,4,1]",PCG64,smoke,gamma,0.5,2.0,True,5e-07,6,0.024096385542168676,0.6141679593908131,0.6141679688729387,1.8380027094749978,1.838002672698252,152.92782424936175,4.999999987376214e-07,0.5000000098678808,0.024669701620415353,True,
f8d4e4a0284815907238717ce73c66fe15dbe632869f978cfd54f905b681ba41,250,0.5,0.5,2.0,1.0,0.0,0.5,1e-06,1.5,5,20260910,"[4174701728,675812752,1916301692,3879495422,366732850,2258605964,4250204421,3061955137,5]","[4174701728,675812752,1916301692,3879495422,366732850,2258605964,4250204421,3061955137,5,0]","[4174701728,675812752,1916301692,3879495422,366732850,2258605964,4250204421,3061955137,5,1]",PCG64,smoke,gamma,0.5,2.0,True,5e-07,2,0.008032128514056224,0.5309369046861819,0.5309369081739284,2.1512117840148997,2.151211766829855,132.20329013530815,4.999999987376214e-07,0.5000000098678808,0.024669701620415353,True,
f8d4e4a0284815907238717ce73c66fe15dbe632869f978cfd54f905b681ba41,250,0.5,0.5,2.0,1.0,0.0,0.5,1e-06,1.5,6,20260910,"[4174701728,675812752,1916301692,3879495422,366732850,2258605964,4250204421,3061955137,6]","[4174701728,675812752,1916301692,3879495422,366732850,2258605964,4250204421,3061955137,6,0]","[4174701728,675812752,1916301692,3879495422,366732850,2258605964,4250204421,3061955137,6,1]",PCG64,smoke,gamma,0.5,2.0,True,5e-07,6,0.024096385542168676,0.5775432859038865,0.5775432942442642,1.9163884042293093,1.9163883690189023,143.8082802668218,4.999999987376214e-07,0.5000000098678808,0.024669701620415353,True,
f8d4e4a0284815907238717ce73c66fe15dbe632869f978cfd54f905b681ba41,250,0.5,0.5,2.0,1.0,0.0,0.5,1e-06,1.5,7,20260910,"[4174701728,675812752,1916301692,3879495422,366732850,2258605964,4250204421,3061955137,7]","[4174701728,675812752,1916301692,3879495422,366732850,2258605964,4250204421,3061955137,7,0]","[4174701728,675812752,1916301692,3879495422,366732850,2258605964,4250204421,3061955137,7,1]",PCG64,smoke,gamma,0.5,2.0,True,5e-07,5,0.020080321285140562,0.44207453341372377,0.4420745393274419,2.023341955541246,2.0233419218631705,110.07656029253303,4.999999987376214e-07,0.5000000098678808,0.024669701620415353,True,
f8d4e4a0284815907238717ce73c66fe15dbe632869f978cfd54f905b681ba41,250,0.5,0.5,2.0,1.0,0.0,0.5,1e-06,1.5,8,20260910,"[4174701728,675812752,1916301692,3879495422,366732850,2258605964,4250204421,3061955137,8]","[4174701728,675812752,1916301692,3879495422,366732850,2258605964,4250204421,3061955137,8,0]","[4174701728,675812752,1916301692,3879495422,366732850,2258605964,4250204421,3061955137,8,1]",PCG64,smoke,gamma,0.5,2.0,True,5e-07,7,0.028112449799196786,0.4460585316636074,0.44605854384829213,1.962710104981271,1.9627100374495703,111.06857741822475,4.999999987376214e-07,0.5000000098678808,0.024669701620415353,True,
f8d4e4a0284815907238717ce73c66fe15dbe632869f978cfd54f905b681ba41,250,0.5,0.5,2.0,1.0,0.0,0.5,1e-06,1.5,9,20260910,"[4174701728,675812752,1916301692,3879495422,366732850,2258605964,4250204421,3061955137,9]","[4174701728,675812752,1916301692,3879495422,366732850,2258605964,4250204421,3061955137,9,0]","[4174701728,675812752,1916301692,3879495422,366732850,2258605964,4250204421,3061955137,9,1]",PCG64,smoke,gamma,0.5,2.0,True,5e-07,5,0.020080321285140562,0.5619167773355804,0.5619167866015728,2.1359189525319207,2.1359189095903615,139.91727986379163,4.999999987376214e-07,0.5000000098678808,0.024669701620415353,True,
f8d4e4a0284815907238717ce73c66fe15dbe632869f978cfd54f905b681ba41,250,0.5,0.5,2.0,1.0,0.0,0.5,1e-06,1.5,10,20260910,"[4174701728,675812752,1916301692,3879495422,366732850,2258605964,4250204421,3061955137,10]","[4174701728,675812752,1916301692,3879495422,366732850,2258605964,4250204421,3061955137,10,0]","[4174701728,675812752,1916301692,3879495422,366732850,2258605964,4250204421,3061955137,10,1]",PCG64,smoke,gamma,0.5,2.0,True,5e-07,8,0.0321285140562249,0.5026908099161407,0.5026908211060688,1.886783035899237,1.886782982101449,125.17001445541109,4.999999987376214e-07,0.5000000098678808,0.024669701620415353,True,
f8d4e4a0284815907238717ce73c66fe15dbe632869f978cfd54f905b681ba41,250,0.5,0.5,2.0,1.0,0.0,0.5,1e-06,1.5,11,20260910,"[4174701728,675812752,1916301692,3879495422,366732850,2258605964,4250204421,3061955137,11]","[4174701728,675812752,1916301692,3879495422,366732850,2258605964,4250204421,3061955137,11,0]","[4174701728,675812752,1916301692,3879495422,366732850,2258605964,4250204421,3061955137,11,1]",PCG64,smoke,gamma,0.5,2.0,True,5e-07,11,0.04417670682730924,0.46582268878479705,0.4658227067854297,1.8937658274673967,1.893765733882044,115.98985398957201,4.999999987376214e-07,0.5000000098678808,0.024669701620415353,True,
f8d4e4a0284815907238717ce73c66fe15dbe632869f978cfd54f905b681ba41,250,0.5,0.5,2.0,1.0,0.0,0.5,1e-06,1.5,12,20260910,"[4174701728,675812752,1916301692,3879495422,366732850,2258605964,4250204421,3061955137,12]","[4174701728,675812752,1916301692,3879495422,366732850,2258605964,4250204421,3061955137,12,0]","[4174701728,675812752,1916301692,3879495422,366732850,2258605964,4250204421,3061955137,12,1]",PCG64,smoke,gamma,0.5,2.0,True,5e-07,6,0.024096385542168676,0.5451810379109612,0.5451810467480542,2.072283932635084,2.0722838912224444,135.75008064026554,4.999999987376214e-07,0.5000000098678808,0.024669701620415353,True,
f8d4e4a0284815907238717ce73c66fe15dbe632869f978cfd54f905b681ba41,250,0.5,0.5,2.0,1.0,0.0,0.5,1e-06,1.5,13,20260910,"[4174701728,675812752,1916301692,3879495422,366732850,2258605964,4250204421,3061955137,13]","[4174701728,675812752,1916301692,3879495422,366732850,2258605964,4250204421,3061955137,13,0]","[4174701728,675812752,1916301692,3879495422,366732850,2258605964,4250204421,3061955137,13,1]",PCG64,smoke,gamma,0.5,2.0,True,5e-07,6,0.024096385542168676,0.48196701679832404,0.48196702784364004,1.9041903319125575,1.9041902762388065,120.00978993306637,4.999999987376214e-07,0.5000000098678808,0.024669701620415353,True,
f8d4e4a0284815907238717ce73c66fe15dbe632869f978cfd54f905b681ba41,250,0.5,0.5,2.0,1.0,0.0,0.5,1e-06,1.5,14,20260910,"[4174701728,675812752,1916301692,3879495422,366732850,2258605964,4250204421,3061955137,14]","[4174701728,675812752,1916301692,3879495422,366732850,2258605964,4250204421,3061955137,14,0]","[4174701728,675812752,1916301692,3879495422,366732850,2258605964,4250204421,3061955137,14,1]",PCG64,smoke,gamma,0.5,2.0,True,5e-07,11,0.04417670682730924,0.5672109311771393,0.5672109513647763,1.9640018181351782,1.9640017301125843,141.23552688982932,4.999999987376214e-07,0.5000000098678808,0.024669701620415353,True,
f8d4e4a0284815907238717ce73c66fe15dbe632869f978cfd54f905b681ba41,250,0.5,0.5,2.0,1.0,0.0,0.5,1e-06,1.5,15,20260910,"[4174701728,675812752,1916301692,3879495422,366732850,2258605964,4250204421,3061955137,15]","[4174701728,675812752,1916301692,3879495422,366732850,2258605964,4250204421,3061955137,15,0]","[4174701728,675812752,1916301692,3879495422,366732850,2258605964,4250204421,3061955137,15,1]",PCG64,smoke,gamma,0.5,2.0,True,5e-07,5,0.020080321285140562,0.5414130912614017,0.5414130994214338,1.9489781582403989,1.9489781211327848,134.811861755937,4.999999987376214e-07,0.5000000098678808,0.024669701620415353,True,
f8d4e4a0284815907238717ce73c66fe15dbe632869f978cfd54f905b681ba41,250,0.5,0.5,2.0,1.0,0.0,0.5,1e-06,1.5,16,20260910,"[4174701728,675812752,1916301692,3879495422,366732850,2258605964,4250204421,3061955137,16]","[4174701728,675812752,1916301692,3879495422,366732850,2258605964,4250204421,3061955137,16,0]","[4174701728,675812752,1916301692,3879495422,366732850,2258605964,4250204421,3061955137,16,1]",PCG64,smoke,gamma,0.5,2.0,True,5e-07,2,0.008032128514056224,0.46177481644825313,0.46177482044063334,1.8734308430828372,1.8734308222707445,114.9819302897177,4.999999987376214e-07,0.5000000098678808,0.024669701620415353,True,
f8d4e4a0284815907238717ce73c66fe15dbe632869f978cfd54f905b681ba41,250,0.5,0.5,2.0,1.0,0.0,0.5,1e-06,1.5,17,20260910,"[4174701728,675812752,1916301692,3879495422,366732850,2258605964,4250204421,3061955137,17]","[4174701728,675812752,1916301692,3879495422,366732850,2258605964,4250204421,3061955137,17,0]","[4174701728,675812752,1916301692,3879495422,366732850,2258605964,4250204421,3061955137,17,1]",PCG64,smoke,gamma,0.5,2.0,True,5e-07,4,0.01606425702811245,0.4332447763741483,0.4332447842573587,2.3636529557541532,2.3636529050475934,107.87795128008231,4.999999987376214e-07,0.5000000098678808,0.024669701620415353,True,
f8d4e4a0284815907238717ce73c66fe15dbe632869f978cfd54f905b681ba41,250,0.5,0.5,2.0,1.0,0.0,0.5,1e-06,1.5,18,20260910,"[4174701728,675812752,1916301692,3879495422,366732850,2258605964,4250204421,3061955137,18]","[4174701728,675812752,1916301692,3879495422,366732850,2258605964,4250204421,3061955137,18,0]","[4174701728,675812752,1916301692,3879495422,366732850,2258605964,4250204421,3061955137,18,1]",PCG64,smoke,gamma,0.5,2.0,True,5e-07,3,0.012048192771084338,0.4621472029137732,0.46214720710138013,1.8301869042738526,1.8301868827392034,115.07465456824363,4.999999987376214e-07,0.5000000098678808,0.024669701620415353,True,
f8d4e4a0284815907238717ce73c66fe15dbe632869f978cfd54f905b681ba41,250,0.5,0.5,2.0,1.0,0.0,0.5,1e-06,1.5,19,20260910,"[4174701728,675812752,1916301692,3879495422,366732850,2258605964,4250204421,3061955137,19]","[4174701728,675812752,1916301692,3879495422,366732850,2258605964,4250204421,3061955137,19,0]","[4174701728,675812752,1916301692,3879495422,366732850,2258605964,4250204421,3061955137,19,1]",PCG64,smoke,gamma,0.5,2.0,True,5e-07,6,0.024096385542168676,0.4786551428885703,0.478655150844481,2.170753036868801,2.170752993130921,119.18513256027578,4.999999987376214e-07,0.5000000098678808,0.024669701620415353,True,
d3c988ccf3b1c6f6ba26e4c48ce46e756f6cb4287b026d0c8093d233344837da,250,1.0,1.0,0.0,1.0,0.0,0.5,1e-06,1.5,0,20260910,"[3553200332,4088514294,3123111108,2363780725,1869394984,2063756556,2157171251,877148122,0]","[3553200332,4088514294,3123111108,2363780725,1869394984,2063756556,2157171251,877148122,0,0]","[3553200332,4088514294,3123111108,2363780725,1869394984,2063756556,2157171251,877148122,0,1]",PCG64,smoke,equidistant,1.0,0.0,False,0.0,0,0.0,1.0,1.0,0.0,0.0,249.0,1.0,1.0,0.0,True,
d3c988ccf3b1c6f6ba26e4c48ce46e756f6cb4287b026d0c8093d233344837da,250,1.0,1.0,0.0,1.0,0.0,0.5,1e-06,1.5,1,20260910,"[3553200332,4088514294,3123111108,2363780725,1869394984,2063756556,2157171251,877148122,1]","[3553200332,4088514294,3123111108,2363780725,1869394984,2063756556,2157171251,877148122,1,0]","[3553200332,4088514294,3123111108,2363780725,1869394984,2063756556,2157171251,877148122,1,1]",PCG64,smoke,equidistant,1.0,0.0,False,0.0,0,0.0,1.0,1.0,0.0,0.0,249.0,1.0,1.0,0.0,True,
d3c988ccf3b1c6f6ba26e4c48ce46e756f6cb4287b026d0c8093d233344837da,250,1.0,1.0,0.0,1.0,0.0,0.5,1e-06,1.5,2,20260910,"[3553200332,4088514294,3123111108,2363780725,1869394984,2063756556,2157171251,877148122,2]","[3553200332,4088514294,3123111108,2363780725,1869394984,2063756556,2157171251,877148122,2,0]","[3553200332,4088514294,3123111108,2363780725,1869394984,2063756556,2157171251,877148122,2,1]",PCG64,smoke,equidistant,1.0,0.0,False,0.0,0,0.0,1.0,1.0,0.0,0.0,249.0,1.0,1.0,0.0,True,
d3c988ccf3b1c6f6ba26e4c48ce46e756f6cb4287b026d0c8093d233344837da,250,1.0,1.0,0.0,1.0,0.0,0.5,1e-06,1.5,3,20260910,"[3553200332,4088514294,3123111108,2363780725,1869394984,2063756556,2157171251,877148122,3]","[3553200332,4088514294,3123111108,2363780725,1869394984,2063756556,2157171251,877148122,3,0]","[3553200332,4088514294,3123111108,2363780725,1869394984,2063756556,2157171251,877148122,3,1]",PCG64,smoke,equidistant,1.0,0.0,False,0.0,0,0.0,1.0,1.0,0.0,0.0,249.0,1.0,1.0,0.0,True,
d3c988ccf3b1c6f6ba26e4c48ce46e756f6cb4287b026d0c8093d233344837da,250,1.0,1.0,0.0,1.0,0.0,0.5,1e-06,1.5,4,20260910,"[3553200332,4088514294,3123111108,2363780725,1869394984,2063756556,2157171251,877148122,4]","[3553200332,4088514294,3123111108,2363780725,1869394984,2063756556,2157171251,877148122,4,0]","[3553200332,4088514294,3123111108,2363780725,1869394984,2063756556,2157171251,877148122,4,1]",PCG64,smoke,equidistant,1.0,0.0,False,0.0,0,0.0,1.0,1.0,0.0,0.0,249.0,1.0,1.0,0.0,True,
d3c988ccf3b1c6f6ba26e4c48ce46e756f6cb4287b026d0c8093d233344837da,250,1.0,1.0,0.0,1.0,0.0,0.5,1e-06,1.5,5,20260910,"[3553200332,4088514294,3123111108,2363780725,1869394984,2063756556,2157171251,877148122,5]","[3553200332,4088514294,3123111108,2363780725,1869394984,2063756556,2157171251,877148122,5,0]","[3553200332,4088514294,3123111108,2363780725,1869394984,2063756556,2157171251,877148122,5,1]",PCG64,smoke,equidistant,1.0,0.0,False,0.0,0,0.0,1.0,1.0,0.0,0.0,249.0,1.0,1.0,0.0,True,
d3c988ccf3b1c6f6ba26e4c48ce46e756f6cb4287b026d0c8093d233344837da,250,1.0,1.0,0.0,1.0,0.0,0.5,1e-06,1.5,6,20260910,"[3553200332,4088514294,3123111108,2363780725,1869394984,2063756556,2157171251,877148122,6]","[3553200332,4088514294,3123111108,2363780725,1869394984,2063756556,2157171251,877148122,6,0]","[3553200332,4088514294,3123111108,2363780725,1869394984,2063756556,2157171251,877148122,6,1]",PCG64,smoke,equidistant,1.0,0.0,False,0.0,0,0.0,1.0,1.0,0.0,0.0,249.0,1.0,1.0,0.0,True,
d3c988ccf3b1c6f6ba26e4c48ce46e756f6cb4287b026d0c8093d233344837da,250,1.0,1.0,0.0,1.0,0.0,0.5,1e-06,1.5,7,20260910,"[3553200332,4088514294,3123111108,2363780725,1869394984,2063756556,2157171251,877148122,7]","[3553200332,4088514294,3123111108,2363780725,1869394984,2063756556,2157171251,877148122,7,0]","[3553200332,4088514294,3123111108,2363780725,1869394984,2063756556,2157171251,877148122,7,1]",PCG64,smoke,equidistant,1.0,0.0,False,0.0,0,0.0,1.0,1.0,0.0,0.0,249.0,1.0,1.0,0.0,True,
d3c988ccf3b1c6f6ba26e4c48ce46e756f6cb4287b026d0c8093d233344837da,250,1.0,1.0,0.0,1.0,0.0,0.5,1e-06,1.5,8,20260910,"[3553200332,4088514294,3123111108,2363780725,1869394984,2063756556,2157171251,877148122,8]","[3553200332,4088514294,3123111108,2363780725,1869394984,2063756556,2157171251,877148122,8,0]","[3553200332,4088514294,3123111108,2363780725,1869394984,2063756556,2157171251,877148122,8,1]",PCG64,smoke,equidistant,1.0,0.0,False,0.0,0,0.0,1.0,1.0,0.0,0.0,249.0,1.0,1.0,0.0,True,
d3c988ccf3b1c6f6ba26e4c48ce46e756f6cb4287b026d0c8093d233344837da,250,1.0,1.0,0.0,1.0,0.0,0.5,1e-06,1.5,9,20260910,"[3553200332,4088514294,3123111108,2363780725,1869394984,2063756556,2157171251,877148122,9]","[3553200332,4088514294,3123111108,2363780725,1869394984,2063756556,2157171251,877148122,9,0]","[3553200332,4088514294,3123111108,2363780725,1869394984,2063756556,2157171251,877148122,9,1]",PCG64,smoke,equidistant,1.0,0.0,False,0.0,0,0.0,1.0,1.0,0.0,0.0,249.0,1.0,1.0,0.0,True,
d3c988ccf3b1c6f6ba26e4c48ce46e756f6cb4287b026d0c8093d233344837da,250,1.0,1.0,0.0,1.0,0.0,0.5,1e-06,1.5,10,20260910,"[3553200332,4088514294,3123111108,2363780725,1869394984,2063756556,2157171251,877148122,10]","[3553200332,4088514294,3123111108,2363780725,1869394984,2063756556,2157171251,877148122,10,0]","[3553200332,4088514294,3123111108,2363780725,1869394984,2063756556,2157171251,877148122,10,1]",PCG64,smoke,equidistant,1.0,0.0,False,0.0,0,0.0,1.0,1.0,0.0,0.0,249.0,1.0,1.0,0.0,True,
d3c988ccf3b1c6f6ba26e4c48ce46e756f6cb4287b026d0c8093d233344837da,250,1.0,1.0,0.0,1.0,0.0,0.5,1e-06,1.5,11,20260910,"[3553200332,4088514294,3123111108,2363780725,1869394984,2063756556,2157171251,877148122,11]","[3553200332,4088514294,3123111108,2363780725,1869394984,2063756556,2157171251,877148122,11,0]","[3553200332,4088514294,3123111108,2363780725,1869394984,2063756556,2157171251,877148122,11,1]",PCG64,smoke,equidistant,1.0,0.0,False,0.0,0,0.0,1.0,1.0,0.0,0.0,249.0,1.0,1.0,0.0,True,
d3c988ccf3b1c6f6ba26e4c48ce46e756f6cb4287b026d0c8093d233344837da,250,1.0,1.0,0.0,1.0,0.0,0.5,1e-06,1.5,12,20260910,"[3553200332,4088514294,3123111108,2363780725,1869394984,2063756556,2157171251,877148122,12]","[3553200332,4088514294,3123111108,2363780725,1869394984,2063756556,2157171251,877148122,12,0]","[3553200332,4088514294,3123111108,2363780725,1869394984,2063756556,2157171251,877148122,12,1]",PCG64,smoke,equidistant,1.0,0.0,False,0.0,0,0.0,1.0,1.0,0.0,0.0,249.0,1.0,1.0,0.0,True,
d3c988ccf3b1c6f6ba26e4c48ce46e756f6cb4287b026d0c8093d233344837da,250,1.0,1.0,0.0,1.0,0.0,0.5,1e-06,1.5,13,20260910,"[3553200332,4088514294,3123111108,2363780725,1869394984,2063756556,2157171251,877148122,13]","[3553200332,4088514294,3123111108,2363780725,1869394984,2063756556,2157171251,877148122,13,0]","[3553200332,4088514294,3123111108,2363780725,1869394984,2063756556,2157171251,877148122,13,1]",PCG64,smoke,equidistant,1.0,0.0,False,0.0,0,0.0,1.0,1.0,0.0,0.0,249.0,1.0,1.0,0.0,True,
d3c988ccf3b1c6f6ba26e4c48ce46e756f6cb4287b026d0c8093d233344837da,250,1.0,1.0,0.0,1.0,0.0,0.5,1e-06,1.5,14,20260910,"[3553200332,4088514294,3123111108,2363780725,1869394984,2063756556,2157171251,877148122,14]","[3553200332,4088514294,3123111108,2363780725,1869394984,2063756556,2157171251,877148122,14,0]","[3553200332,4088514294,3123111108,2363780725,1869394984,2063756556,2157171251,877148122,14,1]",PCG64,smoke,equidistant,1.0,0.0,False,0.0,0,0.0,1.0,1.0,0.0,0.0,249.0,1.0,1.0,0.0,True,
d3c988ccf3b1c6f6ba26e4c48ce46e756f6cb4287b026d0c8093d233344837da,250,1.0,1.0,0.0,1.0,0.0,0.5,1e-06,1.5,15,20260910,"[3553200332,4088514294,3123111108,2363780725,1869394984,2063756556,2157171251,877148122,15]","[3553200332,4088514294,3123111108,2363780725,1869394984,2063756556,2157171251,877148122,15,0]","[3553200332,4088514294,3123111108,2363780725,1869394984,2063756556,2157171251,877148122,15,1]",PCG64,smoke,equidistant,1.0,0.0,False,0.0,0,0.0,1.0,1.0,0.0,0.0,249.0,1.0,1.0,0.0,True,
d3c988ccf3b1c6f6ba26e4c48ce46e756f6cb4287b026d0c8093d233344837da,250,1.0,1.0,0.0,1.0,0.0,0.5,1e-06,1.5,16,20260910,"[3553200332,4088514294,3123111108,2363780725,1869394984,2063756556,2157171251,877148122,16]","[3553200332,4088514294,3123111108,2363780725,1869394984,2063756556,2157171251,877148122,16,0]","[3553200332,4088514294,3123111108,2363780725,1869394984,2063756556,2157171251,877148122,16,1]",PCG64,smoke,equidistant,1.0,0.0,False,0.0,0,0.0,1.0,1.0,0.0,0.0,249.0,1.0,1.0,0.0,True,
d3c988ccf3b1c6f6ba26e4c48ce46e756f6cb4287b026d0c8093d233344837da,250,1.0,1.0,0.0,1.0,0.0,0.5,1e-06,1.5,17,20260910,"[3553200332,4088514294,3123111108,2363780725,1869394984,2063756556,2157171251,877148122,17]","[3553200332,4088514294,3123111108,2363780725,1869394984,2063756556,2157171251,877148122,17,0]","[3553200332,4088514294,3123111108,2363780725,1869394984,2063756556,2157171251,877148122,17,1]",PCG64,smoke,equidistant,1.0,0.0,False,0.0,0,0.0,1.0,1.0,0.0,0.0,249.0,1.0,1.0,0.0,True,
d3c988ccf3b1c6f6ba26e4c48ce46e756f6cb4287b026d0c8093d233344837da,250,1.0,1.0,0.0,1.0,0.0,0.5,1e-06,1.5,18,20260910,"[3553200332,4088514294,3123111108,2363780725,1869394984,2063756556,2157171251,877148122,18]","[3553200332,4088514294,3123111108,2363780725,1869394984,2063756556,2157171251,877148122,18,0]","[3553200332,4088514294,3123111108,2363780725,1869394984,2063756556,2157171251,877148122,18,1]",PCG64,smoke,equidistant,1.0,0.0,False,0.0,0,0.0,1.0,1.0,0.0,0.0,249.0,1.0,1.0,0.0,True,
d3c988ccf3b1c6f6ba26e4c48ce46e756f6cb4287b026d0c8093d233344837da,250,1.0,1.0,0.0,1.0,0.0,0.5,1e-06,1.5,19,20260910,"[3553200332,4088514294,3123111108,2363780725,1869394984,2063756556,2157171251,877148122,19]","[3553200332,4088514294,3123111108,2363780725,1869394984,2063756556,2157171251,877148122,19,0]","[3553200332,4088514294,3123111108,2363780725,1869394984,2063756556,2157171251,877148122,19,1]",PCG64,smoke,equidistant,1.0,0.0,False,0.0,0,0.0,1.0,1.0,0.0,0.0,249.0,1.0,1.0,0.0,True,
6b01c943c3bb701aeb145f77e0b9245961b31f9a5b007fcf3a1a4ee1ef5e17bc,250,1.0,1.0,1.0,1.0,0.0,0.5,1e-06,1.5,0,20260910,"[1795279171,3283841050,3943980919,3770229849,1639128986,1526759375,974802657,4015921084,0]","[1795279171,3283841050,3943980919,3770229849,1639128986,1526759375,974802657,4015921084,0,0]","[1795279171,3283841050,3943980919,3770229849,1639128986,1526759375,974802657,4015921084,0,1]",PCG64,smoke,exponential,1.0,1.0,False,0.0,0,0.0,1.120671276976827,1.120671276976827,0.9747473965979129,0.9747473965979125,279.0471479672299,0.0013779963725714661,1.0,0.0,True,
6b01c943c3bb701aeb145f77e0b9245961b31f9a5b007fcf3a1a4ee1ef5e17bc,250,1.0,1.0,1.0,1.0,0.0,0.5,1e-06,1.5,1,20260910,"[1795279171,3283841050,3943980919,3770229849,1639128986,1526759375,974802657,4015921084,1]","[1795279171,3283841050,3943980919,3770229849,1639128986,1526759375,974802657,4015921084,1,0]","[1795279171,3283841050,3943980919,3770229849,1639128986,1526759375,974802657,4015921084,1,1]",PCG64,smoke,exponential,1.0,1.0,False,0.0,0,0.0,0.9770570207176055,0.9770570207176055,0.9350114785628815,0.9350114785628811,243.28719815868376,0.007355490799056952,1.0,0.0,True,
6b01c943c3bb701aeb145f77e0b9245961b31f9a5b007fcf3a1a4ee1ef5e17bc,250,1.0,1.0,1.0,1.0,0.0,0.5,1e-06,1.5,2,20260910,"[1795279171,3283841050,3943980919,3770229849,1639128986,1526759375,974802657,4015921084,2]","[1795279171,3283841050,3943980919,3770229849,1639128986,1526759375,974802657,4015921084,2,0]","[1795279171,3283841050,3943980919,3770229849,1639128986,1526759375,974802657,4015921084,2,1]",PCG64,smoke,exponential,1.0,1.0,False,0.0,0,0.0,1.0017006816884664,1.0017006816884664,0.8991133194616254,0.8991133194616253,249.4234697404281,0.005552551046847043,1.0,0.0,True,
6b01c943c3bb701aeb145f77e0b9245961b31f9a5b007fcf3a1a4ee1ef5e17bc,250,1.0,1.0,1.0,1.0,0.0,0.5,1e-06,1.5,3,20260910,"[1795279171,3283841050,3943980919,3770229849,1639128986,1526759375,974802657,4015921084,3]","[1795279171,3283841050,3943980919,3770229849,1639128986,1526759375,974802657,4015921084,3,0]","[1795279171,3283841050,3943980919,3770229849,1639128986,1526759375,974802657,4015921084,3,1]",PCG64,smoke,exponential,1.0,1.0,False,0.0,0,0.0,1.0129906739304004,1.012990673930401,0.9148882757074989,0.9148882757074976,252.23467780866991,0.00017682642396543713,1.0,0.0,True,
6b01c943c3bb701aeb145f77e0b9245961b31f9a5b007fcf3a1a4ee1ef5e17bc,250,1.0,1.0,1.0,1.0,0.0,0.5,1e-06,1.5,4,20260910,"[1795279171,3283841050,3943980919,3770229849,1639128986,1526759375,974802657,4015921084,4]","[1795279171,3283841050,3943980919,3770229849,1639128986,1526759375,974802657,4015921084,4,0]","[1795279171,3283841050,3943980919,3770229849,1639128986,1526759375,974802657,4015921084,4,1]",PCG64,smoke,exponential,1.0,1.0,False,0.0,0,0.0,1.0050256030447846,1.0050256030447848,1.041463051790762,1.0414630517907622,250.2513751581514,0.0014734595303309561,1.0,0.0,True,
6b01c943c3bb701aeb145f77e0b9245961b31f9a5b007fcf3a1a4ee1ef5e17bc,250,1.0,1.0,1.0,1.0,0.0,0.5,1e-06,1.5,5,20260910,"[1795279171,3283841050,3943980919,3770229849,1639128986,1526759375,974802657,4015921084,5]","[1795279171,3283841050,3943980919,3770229849,1639128986,1526759375,974802657,4015921084,5,0]","[1795279171,3283841050,3943980919,3770229849,1639128986,1526759375,974802657,4015921084,5,1]",PCG64,smoke,exponential,1.0,1.0,False,0.0,0,0.0,0.9281048601371402,0.9281048601371399,1.0080056102863713,1.0080056102863715,231.09811017414782,0.0008580429510516296,1.0,0.0,True,
6b01c943c3bb701aeb145f77e0b9245961b31f9a5b007fcf3a1a4ee1ef5e17bc,250,1.0,1.0,1.0,1.0,0.0,0.5,1e-06,1.5,6,20260910,"[1795279171,3283841050,3943980919,3770229849,1639128986,1526759375,974802657,4015921084,6]","[1795279171,3283841050,3943980919,3770229849,1639128986,1526759375,974802657,4015921084,6,0]","[1795279171,3283841050,3943980919,3770229849,1639128986,1526759375,974802657,4015921084,6,1]",PCG64,smoke,exponential,1.0,1.0,False,0.0,0,0.0,1.1162634461952021,1.1162634461952026,0.9747408867319917,0.9747408867319916,277.9495981026054,0.0003916461115096581,1.0,0.0,True,
6b01c943c3bb701aeb145f77e0b9245961b31f9a5b007fcf3a1a4ee1ef5e17bc,250,1.0,1.0,1.0,1.0,0.0,0.5,1e-06,1.5,7,20260910,"[1795279171,3283841050,3943980919,3770229849,1639128986,1526759375,974802657,4015921084,7]","[1795279171,3283841050,3943980919,3770229849,1639128986,1526759375,974802657,4015921084,7,0]","[1795279171,3283841050,3943980919,3770229849,1639128986,1526759375,974802657,4015921084,7,1]",PCG64,smoke,exponential,1.0,1.0,False,0.0,0,0.0,1.1543304714583098,1.1543304714583098,0.9450762767597489,0.9450762767597489,287.42828739311915,0.0027429357040062996,1.0,0.0,True,
6b01c943c3bb701aeb145f77e0b9245961b31f9a5b007fcf3a1a4ee1ef5e17bc,250,1.0,1.0,1.0,1.0,0.0,0.5,1e-06,1.5,8,20260910,"[1795279171,3283841050,3943980919,3770229849,1639128986,1526759375,974802657,4015921084,8]","[1795279171,3283841050,3943980919,3770229849,1639128986,1526759375,974802657,4015921084,8,0]","[1795279171,3283841050,3943980919,3770229849,1639128986,1526759375,974802657,4015921084,8,1]",PCG64,smoke,exponential,1.0,1.0,False,0.0,0,0.0,1.0268601458409465,1.0268601458409468,0.944118854462934,0.9441188544629338,255.68817631439572,0.00443351964658234,1.0,0.0,True,
6b01c943c3bb701aeb145f77e0b9245961b31f9a5b007fcf3a1a4ee1ef5e17bc,250,1.0,1.0,1.0,1.0,0.0,0.5,1e-06,1.5,9,20260910,"[1795279171,3283841050,3943980919,3770229849,1639128986,1526759375,974802657,4015921084,9]","[1795279171,3283841050,3943980919,3770229849,1639128986,1526759375,974802657,4015921084,9,0]","[1795279171,3283841050,3943980919,3770229849,1639128986,1526759375,974802657,4015921084,9,1]",PCG64,smoke,exponential,1.0,1.0,False,0.0,0,0.0,1.0023543538600104,1.0023543538600106,0.9707072175549628,0.970707217554962,249.58623411114266,0.003429538410244959,1.0,0.0,True,
6b01c943c3bb701aeb145f77e0b9245961b31f9a5b007fcf3a1a4ee1ef5e17bc,250,1.0,1.0,1.0,1.0,0.0,0.5,1e-06,1.5,10,20260910,"[1795279171,3283841050,3943980919,3770229849,1639128986,1526759375,974802657,4015921084,10]","[1795279171,3283841050,3943980919,3770229849,1639128986,1526759375,974802657,4015921084,10,0]","[1795279171,3283841050,3943980919,3770229849,1639128986,1526759375,974802657,4015921084,10,1]",PCG64,smoke,exponential,1.0,1.0,False,0.0,0,0.0,1.0348077875083368,1.0348077875083366,0.9507728002782533,0.9507728002782536,257.6671390895758,0.001123827691330348,1.0,0.0,True,
6b01c943c3bb701aeb145f77e0b9245961b31f9a5b007fcf3a1a4ee1ef5e17bc,250,1.0,1.0,1.0,1.0,0.0,0.5,1e-06,1.5,11,20260910,"[1795279171,3283841050,3943980919,3770229849,1639128986,1526759375,974802657,4015921084,11]","[1795279171,3283841050,3943980919,3770229849,1639128986,1526759375,974802657,4015921084,11,0]","[1795279171,3283841050,3943980919,3770229849,1639128986,1526759375,974802657,4015921084,11,1]",PCG64,smoke,exponential,1.0,1.0,False,0.0,0,0.0,1.0204262725675382,1.020426272567538,1.1219022489233876,1.1219022489233885,254.08614186931695,0.0035677973527867834,1.0,0.0,True,
6b01c943c3bb701aeb145f77e0b9245961b31f9a5b007fcf3a1a4ee1ef5e17bc,250,1.0,1.0,1.0,1.0,0.0,0.5,1e-06,1.5,12,20260910,"[1795279171,3283841050,3943980919,3770229849,1639128986,1526759375,974802657,4015921084,12]","[1795279171,3283841050,3943980919,3770229849,1639128986,1526759375,974802657,4015921084,12,0]","[1795279171,3283841050,3943980919,3770229849,1639128986,1526759375,974802657,4015921084,12,1]",PCG64,smoke,exponential,1.0,1.0,False,0.0,0,0.0,1.0129883587790058,1.012988358779006,0.9781221268104028,0.9781221268104022,252.23410133597247,0.004206438121627798,1.0,0.0,True,
6b01c943c3bb701aeb145f77e0b9245961b31f9a5b007fcf3a1a4ee1ef5e17bc,250,1.0,1.0,1.0,1.0,0.0,0.5,1e-06,1.5,13,20260910,"[1795279171,3283841050,3943980919,3770229849,1639128986,1526759375,974802657,4015921084,13]","[1795279171,3283841050,3943980919,3770229849,1639128986,1526759375,974802657,4015921084,13,0]","[1795279171,3283841050,3943980919,3770229849,1639128986,1526759375,974802657,4015921084,13,1]",PCG64,smoke,exponential,1.0,1.0,False,0.0,0,0.0,0.9823294295953775,0.9823294295953772,0.9923993943720455,0.9923993943720455,244.6000279692489,0.0002923000343315607,1.0,0.0,True,
6b01c943c3bb701aeb145f77e0b9245961b31f9a5b007fcf3a1a4ee1ef5e17bc,250,1.0,1.0,1.0,1.0,0.0,0.5,1e-06,1.5,14,20260910,"[1795279171,3283841050,3943980919,3770229849,1639128986,1526759375,974802657,4015921084,14]","[1795279171,3283841050,3943980919,3770229849,1639128986,1526759375,974802657,4015921084,14,0]","[1795279171,3283841050,3943980919,3770229849,1639128986,1526759375,974802657,4015921084,14,1]",PCG64,smoke,exponential,1.0,1.0,False,0.0,0,0.0,0.9808741514587929,0.980874151458793,1.0188191346219158,1.0188191346219162,244.23766371323944,0.0038991938282890715,1.0,0.0,True,
6b01c943c3bb701aeb145f77e0b9245961b31f9a5b007fcf3a1a4ee1ef5e17bc,250,1.0,1.0,1.0,1.0,0.0,0.5,1e-06,1.5,15,20260910,"[1795279171,3283841050,3943980919,3770229849,1639128986,1526759375,974802657,4015921084,15]","[1795279171,3283841050,3943980919,3770229849,1639128986,1526759375,974802657,4015921084,15,0]","[1795279171,3283841050,3943980919,3770229849,1639128986,1526759375,974802657,4015921084,15,1]",PCG64,smoke,exponential,1.0,1.0,False,0.0,0,0.0,0.9736709736204435,0.9736709736204425,0.9535047975498063,0.9535047975498078,242.44407243149018,0.0016517143342014151,1.0,0.0,True,
6b01c943c3bb701aeb145f77e0b9245961b31f9a5b007fcf3a1a4ee1ef5e17bc,250,1.0,1.0,1.0,1.0,0.0,0.5,1e-06,1.5,16,20260910,"[1795279171,3283841050,3943980919,3770229849,1639128986,1526759375,974802657,4015921084,16]","[1795279171,3283841050,3943980919,3770229849,1639128986,1526759375,974802657,4015921084,16,0]","[1795279171,3283841050,3943980919,3770229849,1639128986,1526759375,974802657,4015921084,16,1]",PCG64,smoke,exponential,1.0,1.0,False,0.0,0,0.0,0.9885243913559187,0.9885243913559191,1.0112716253190723,1.0112716253190712,246.14257344762385,5.280221273551433e-07,1.0,0.0,True,
6b01c943c3bb701aeb145f77e0b9245961b31f9a5b007fcf3a1a4ee1ef5e17bc,250,1.0,1.0,1.0,1.0,0.0,0.5,1e-06,1.5,17,20260910,"[1795279171,3283841050,3943980919,3770229849,1639128986,1526759375,974802657,4015921084,17]","[1795279171,3283841050,3943980919,3770229849,1639128986,1526759375,974802657,4015921084,17,0]","[1795279171,3283841050,3943980919,3770229849,1639128986,1526759375,974802657,4015921084,17,1]",PCG64,smoke,exponential,1.0,1.0,False,0.0,0,0.0,0.9007343346854637,0.9007343346854642,0.9180040806699639,0.9180040806699638,224.28284933668056,0.006399534397559137,1.0,0.0,True,
6b01c943c3bb701aeb145f77e0b9245961b31f9a5b007fcf3a1a4ee1ef5e17bc,250,1.0,1.0,1.0,1.0,0.0,0.5,1e-06,1.5,18,20260910,"[1795279171,3283841050,3943980919,3770229849,1639128986,1526759375,974802657,4015921084,18]","[1795279171,3283841050,3943980919,3770229849,1639128986,1526759375,974802657,4015921084,18,0]","[1795279171,3283841050,3943980919,3770229849,1639128986,1526759375,974802657,4015921084,18,1]",PCG64,smoke,exponential,1.0,1.0,False,0.0,0,0.0,0.9801465297310789,0.9801465297310791,0.908823185623996,0.9088231856239952,244.0564859030387,0.002616593322358085,1.0,0.0,True,
6b01c943c3bb701aeb145f77e0b9245961b31f9a5b007fcf3a1a4ee1ef5e17bc,250,1.0,1.0,1.0,1.0,0.0,0.5,1e-06,1.5,19,20260910,"[1795279171,3283841050,3943980919,3770229849,1639128986,1526759375,974802657,4015921084,19]","[1795279171,3283841050,3943980919,3770229849,1639128986,1526759375,974802657,4015921084,19,0]","[1795279171,3283841050,3943980919,3770229849,1639128986,1526759375,974802657,4015921084,19,1]",PCG64,smoke,exponential,1.0,1.0,False,0.0,0,0.0,1.0622921887406205,1.0622921887406207,0.9807207443557616,0.9807207443557614,264.51075499641456,0.002759094606915369,1.0,0.0,True,
a28cd55993f16d3495a20ae0e34dfd016fd6a9823f88fbf06aa8b717c6b39d36,250,1.0,1.0,2.0,1.0,0.0,0.5,1e-06,1.5,0,20260910,"[2727138649,2482072884,2510424800,3813539073,1876339074,1065942000,1789441815,3333659958,0]","[2727138649,2482072884,2510424800,3813539073,1876339074,1065942000,1789441815,3333659958,0,0]","[2727138649,2482072884,2510424800,3813539073,1876339074,1065942000,1789441815,3333659958,0,1]",PCG64,smoke,gamma,1.0,2.0,True,1e-06,5,0.020080321285140562,0.8344249468975172,0.8344249658671421,1.8689332987262002,1.8689332440742747,207.77181650091836,9.999999974752427e-07,1.0000000197357617,0.024669701620415353,True,
a28cd55993f16d3495a20ae0e34dfd016fd6a9823f88fbf06aa8b717c6b39d36,250,1.0,1.0,2.0,1.0,0.0,0.5,1e-06,1.5,1,20260910,"[2727138649,2482072884,2510424800,3813539073,1876339074,1065942000,1789441815,3333659958,1]","[2727138649,2482072884,2510424800,3813539073,1876339074,1065942000,1789441815,3333659958,1,0]","[2727138649,2482072884,2510424800,3813539073,1876339074,1065942000,1789441815,3333659958,1,1]",PCG64,smoke,gamma,1.0,2.0,True,1e-06,8,0.0321285140562249,0.766266700601516,0.7662667259783741,1.8605840872540138,1.8605840078365525,190.80041476861516,9.999999974752427e-07,1.0000000197357617,0.024669701620415353,True,
a28cd55993f16d3495a20ae0e34dfd016fd6a9823f88fbf06aa8b717c6b39d36,250,1.0,1.0,2.0,1.0,0.0,0.5,1e-06,1.5,2,20260910,"[2727138649,2482072884,2510424800,3813539073,1876339074,1065942000,1789441815,3333659958,2]","[2727138649,2482072884,2510424800,3813539073,1876339074,1065942000,1789441815,3333659958,2,0]","[2727138649,2482072884,2510424800,3813539073,1876339074,1065942000,1789441815,3333659958,2,1]",PCG64,smoke,gamma,1.0,2.0,True,1e-06,8,0.0321285140562249,1.0743317512136143,1.0743317818266558,2.3974873426673478,2.397487262465703,267.5086136748373,9.999999974752427e-07,1.0000000197357617,0.024669701620415353,True,
a28cd55993f16d3495a20ae0e34dfd016fd6a9823f88fbf06aa8b717c6b39d36,250,1.0,1.0,2.0,1.0,0.0,0.5,1e-06,1.5,3,20260910,"[2727138649,2482072884,2510424800,3813539073,1876339074,1065942000,1789441815,3333659958,3]","[2727138649,2482072884,2510424800,3813539073,1876339074,1065942000,1789441815,3333659958,3,0]","[2727138649,2482072884,2510424800,3813539073,1876339074,1065942000,1789441815,3333659958,3,1]",PCG64,smoke,gamma,1.0,2.0,True,1e-06,7,0.028112449799196786,0.978927043517896,0.9789270600298438,1.9897298373949466,1.989729795356168,243.7528379474311,9.999999974752427e-07,1.0000000197357617,0.024669701620415353,True,
a28cd55993f16d3495a20ae0e34dfd016fd6a9823f88fbf06aa8b717c6b39d36,250,1.0,1.0,2.0,1.0,0.0,0.5,1e-06,1.5,4,20260910,"[2727138649,2482072884,2510424800,3813539073,1876339074,1065942000,1789441815,3333659958,4]","[2727138649,2482072884,2510424800,3813539073,1876339074,1065942000,1789441815,3333659958,4,0]","[2727138649,2482072884,2510424800,3813539073,1876339074,1065942000,1789441815,3333659958,4,1]",PCG64,smoke,gamma,1.0,2.0,True,1e-06,6,0.024096385542168676,1.0227259959834607,1.022726018518665,1.781480444685525,1.7814803930629741,254.65877861114762,9.999999974752427e-07,1.0000000197357617,0.024669701620415353,True,
a28cd55993f16d3495a20ae0e34dfd016fd6a9823f88fbf06aa8b717c6b39d36,250,1.0,1.0,2.0,1.0,0.0,0.5,1e-06,1.5,5,20260910,"[2727138649,2482072884,2510424800,3813539073,1876339074,1065942000,1789441815,3333659958,5]","[2727138649,2482072884,2510424800,3813539073,1876339074,1065942000,1789441815,3333659958,5,0]","[2727138649,2482072884,2510424800,3813539073,1876339074,1065942000,1789441815,3333659958,5,1]",PCG64,smoke,gamma,1.0,2.0,True,1e-06,10,0.040160642570281124,0.9981820956052343,0.998182130059908,2.2295629380565756,2.229562845616121,248.54735038491708,9.999999974752427e-07,1.0000000197357617,0.024669701620415353,True,
a28cd55993f16d3495a20ae0e34dfd016fd6a9823f88fbf06aa8b717c6b39d36,250,1.0,1.0,2.0,1.0,0.0,0.5,1e-06,1.5,6,20260910,"[2727138649,2482072884,2510424800,3813539073,1876339074,1065942000,1789441815,3333659958,6]","[2727138649,2482072884,2510424800,3813539073,1876339074,1065942000,1789441815,3333659958,6,0]","[2727138649,2482072884,2510424800,3813539073,1876339074,1065942000,1789441815,3333659958,6,1]",PCG64,smoke,gamma,1.0,2.0,True,1e-06,5,0.020080321285140562,0.9834324427068799,0.9834324588953762,2.081692083491791,2.0816920413169933,244.8746822649487,9.999999974752427e-07,1.0000000197357617,0.024669701620415353,True,
a28cd55993f16d3495a20ae0e34dfd016fd6a9823f88fbf06aa8b717c6b39d36,250,1.0,1.0,2.0,1.0,0.0,0.5,1e-06,1.5,7,20260910,"[2727138649,2482072884,2510424800,3813539073,1876339074,1065942000,1789441815,3333659958,7]","[2727138649,2482072884,2510424800,3813539073,1876339074,1065942000,1789441815,3333659958,7,0]","[2727138649,2482072884,2510424800,3813539073,1876339074,1065942000,1789441815,3333659958,7,1]",PCG64,smoke,gamma,1.0,2.0,True,1e-06,5,0.020080321285140562,0.8876117717764715,0.8876117888996656,1.8988364819874435,1.898836435196865,221.01533543601676,9.999999974752427e-07,1.0000000197357617,0.024669701620415353,True,
a28cd55993f16d3495a20ae0e34dfd016fd6a9823f88fbf06aa8b717c6b39d36,250,1.0,1.0,2.0,1.0,0.0,0.5,1e-06,1.5,8,20260910,"[2727138649,2482072884,2510424800,3813539073,1876339074,1065942000,1789441815,3333659958,8]","[2727138649,2482072884,2510424800,3813539073,1876339074,1065942000,1789441815,3333659958,8,0]","[2727138649,2482072884,2510424800,3813539073,1876339074,1065942000,1789441815,3333659958,8,1]",PCG64,smoke,gamma,1.0,2.0,True,1e-06,4,0.01606425702811245,0.9627358752483246,0.9627358888520418,1.7791265840595607,1.7791265509777774,239.72123632415838,9.999999974752427e-07,1.0000000197357617,0.024669701620415353,True,
a28cd55993f16d3495a20ae0e34dfd016fd6a9823f88fbf06aa8b717c6b39d36,250,1.0,1.0,2.0,1.0,0.0,0.5,1e-06,1.5,9,20260910,"[2727138649,2482072884,2510424800,3813539073,1876339074,1065942000,1789441815,3333659958,9]","[2727138649,2482072884,2510424800,3813539073,1876339074,1065942000,1789441815,3333659958,9,0]","[2727138649,2482072884,2510424800,3813539073,1876339074,1065942000,1789441815,3333659958,9,1]",PCG64,smoke,gamma,1.0,2.0,True,1e-06,7,0.028112449799196786,0.9051269244889356,0.90512694801556,1.7701157554125075,1.7701156947184244,225.37661005587447,9.999999974752427e-07,1.0000000197357617,0.024669701620415353,True,
a28cd55993f16d3495a20ae0e34dfd016fd6a9823f88fbf06aa8b717c6b39d36,250,1.0,1.0,2.0,1.0,0.0,0.5,1e-06,1.5,10,20260910,"[2727138649,2482072884,2510424800,3813539073,1876339074,1065942000,1789441815,3333659958,10]","[2727138649,2482072884,2510424800,3813539073,1876339074,1065942000,1789441815,3333659958,10,0]","[2727138649,2482072884,2510424800,3813539073,1876339074,1065942000,1789441815,3333659958,10,1]",PCG64,smoke,gamma,1.0,2.0,True,1e-06,8,0.0321285140562249,1.073325169984693,1.0733251980712335,2.0193268665444295,2.0193268007444627,267.2579743197371,9.999999974752427e-07,1.0000000197357617,0.024669701620415353,True,
a28cd55993f16d3495a20ae0e34dfd016fd6a9823f88fbf06aa8b717c6b39d36,250,1.0,1.0,2.0,1.0,0.0,0.5,1e-06,1.5,11,20260910,"[2727138649,2482072884,2510424800,3813539073,1876339074,1065942000,1789441815,3333659958,11]","[2727138649,2482072884,2510424800,3813539073,1876339074,1065942000,1789441815,3333659958,11,0]","[2727138649,2482072884,2510424800,3813539073,1876339074,1065942000,1789441815,3333659958,11,1]",PCG64,smoke,gamma,1.0,2.0,True,1e-06,4,0.01606425702811245,0.9565390947371442,0.9565391070161382,2.0270042596184377,2.027004227265056,238.17823764701842,9.999999974752427e-07,1.0000000197357617,0.024669701620415353,True,
a28cd55993f16d3495a20ae0e34dfd016fd6a9823f88fbf06aa8b717c6b39d36,250,1.0,1.0,2.0,1.0,0.0,0.5,1e-06,1.5,12,20260910,"[2727138649,2482072884,2510424800,3813539073,1876339074,1065942000,1789441815,3333659958,12]","[2727138649,2482072884,2510424800,3813539073,1876339074,1065942000,1789441815,3333659958,12,0]","[2727138649,2482072884,2510424800,3813539073,1876339074,1065942000,1789441815,3333659958,12,1]",PCG64,smoke,gamma,1.0,2.0,True,1e-06,5,0.020080321285140562,1.1718642415645146,1.1718642608449568,2.036165856165993,2.0361658145850954,291.7942009503942,9.999999974752427e-07,1.0000000197357617,0.024669701620415353,True,
a28cd55993f16d3495a20ae0e34dfd016fd6a9823f88fbf06aa8b717c6b39d36,250,1.0,1.0,2.0,1.0,0.0,0.5,1e-06,1.5,13,20260910,"[2727138649,2482072884,2510424800,3813539073,1876339074,1065942000,1789441815,3333659958,13]","[2727138649,2482072884,2510424800,3813539073,1876339074,1065942000,1789441815,3333659958,13,0]","[2727138649,2482072884,2510424800,3813539073,1876339074,1065942000,1789441815,3333659958,13,1]",PCG64,smoke,gamma,1.0,2.0,True,1e-06,4,0.01606425702811245,0.8481286403240325,0.8481286517708431,1.794215248838559,1.7942152171005903,211.18403429093993,9.999999974752427e-07,1.0000000197357617,0.024669701620415353,True,
a28cd55993f16d3495a20ae0e34dfd016fd6a9823f88fbf06aa8b717c6b39d36,250,1.0,1.0,2.0,1.0,0.0,0.5,1e-06,1.5,14,20260910,"[2727138649,2482072884,2510424800,3813539073,1876339074,1065942000,1789441815,3333659958,14]","[2727138649,2482072884,2510424800,3813539073,1876339074,1065942000,1789441815,3333659958,14,0]","[2727138649,2482072884,2510424800,3813539073,1876339074,1065942000,1789441815,3333659958,14,1]",PCG64,smoke,gamma,1.0,2.0,True,1e-06,6,0.024096385542168676,1.2096534284626665,1.2096534505234047,1.8078035764075442,1.8078035333501405,301.20370918032773,9.999999974752427e-07,1.0000000197357617,0.024669701620415353,True,
a28cd55993f16d3495a20ae0e34dfd016fd6a9823f88fbf06aa8b717c6b39d36,250,1.0,1.0,2.0,1.0,0.0,0.5,1e-06,1.5,15,20260910,"[2727138649,2482072884,2510424800,3813539073,1876339074,1065942000,1789441815,3333659958,15]","[2727138649,2482072884,2510424800,3813539073,1876339074,1065942000,1789441815,3333659958,15,0]","[2727138649,2482072884,2510424800,3813539073,1876339074,1065942000,1789441815,3333659958,15,1]",PCG64,smoke,gamma,1.0,2.0,True,1e-06,8,0.0321285140562249,0.8737100627507349,0.873710089598622,1.8876384063296698,1.887638332046338,217.55381231005683,9.999999974752427e-07,1.0000000197357617,0.024669701620415353,True,
a28cd55993f16d3495a20ae0e34dfd016fd6a9823f88fbf06aa8b717c6b39d36,250,1.0,1.0,2.0,1.0,0.0,0.5,1e-06,1.5,16,20260910,"[2727138649,2482072884,2510424800,3813539073,1876339074,1065942000,1789441815,3333659958,16]","[2727138649,2482072884,2510424800,3813539073,1876339074,1065942000,1789441815,3333659958,16,0]","[2727138649,2482072884,2510424800,3813539073,1876339074,1065942000,1789441815,3333659958,16,1]",PCG64,smoke,gamma,1.0,2.0,True,1e-06,10,0.040160642570281124,0.9698580766015683,0.9698581045334733,2.195777242212628,2.1957771658581895,241.49466802883484,9.999999974752427e-07,1.0000000197357617,0.024669701620415353,True,
a28cd55993f16d3495a20ae0e34dfd016fd6a9823f88fbf06aa8b717c6b39d36,250,1.0,1.0,2.0,1.0,0.0,0.5,1e-06,1.5,17,20260910,"[2727138649,2482072884,2510424800,3813539073,1876339074,1065942000,1789441815,3333659958,17]","[2727138649,2482072884,2510424800,3813539073,1876339074,1065942000,1789441815,3333659958,17,0]","[2727138649,2482072884,2510424800,3813539073,1876339074,1065942000,1789441815,3333659958,17,1]",PCG64,smoke,gamma,1.0,2.0,True,1e-06,7,0.028112449799196786,0.881127407166471,0.881127428250848,2.2271042361886897,2.2271041721522415,219.40072963446113,9.999999974752427e-07,1.0000000197357617,0.024669701620415353,True,
a28cd55993f16d3495a20ae0e34dfd016fd6a9823f88fbf06aa8b717c6b39d36,250,1.0,1.0,2.0,1.0,0.0,0.5,1e-06,1.5,18,20260910,"[2727138649,2482072884,2510424800,3813539073,1876339074,1065942000,1789441815,3333659958,18]","[2727138649,2482072884,2510424800,3813539073,1876339074,1065942000,1789441815,3333659958,18,0]","[2727138649,2482072884,2510424800,3813539073,1876339074,1065942000,1789441815,3333659958,18,1]",PCG64,smoke,gamma,1.0,2.0,True,1e-06,6,0.024096385542168676,0.7891251388196561,0.7891251603748725,1.8750832709985763,1.8750832052125317,196.49216493334322,9.999999974752427e-07,1.0000000197357617,0.024669701620415353,True,
a28cd55993f16d3495a20ae0e34dfd016fd6a9823f88fbf06aa8b717c6b39d36,250,1.0,1.0,2.0,1.0,0.0,0.5,1e-06,1.5,19,20260910,"[2727138649,2482072884,2510424800,3813539073,1876339074,1065942000,1789441815,3333659958,19]","[2727138649,2482072884,2510424800,3813539073,1876339074,1065942000,1789441815,3333659958,19,0]","[2727138649,2482072884,2510424800,3813539073,1876339074,1065942000,1789441815,3333659958,19,1]",PCG64,smoke,gamma,1.0,2.0,True,1e-06,6,0.024096385542168676,0.8346437603148125,0.8346437827753913,1.934475805530004,1.9344757395615992,207.82630191107242,9.999999974752427e-07,1.0000000197357617,0.024669701620415353,True,
