rep,theta_exact,mu_exact,sigma_exact,success_exact,nll_exact,nit_exact,status_exact,message_exact,n_starts_exact,n_successful_exact,selected_start_exact,objective_gap_exact,objective_tolerance_exact,theta_naive,mu_naive,sigma_naive,success_naive,nll_naive,nit_naive,status_naive,message_naive,n_starts_naive,n_successful_naive,selected_start_naive,objective_gap_naive,objective_tolerance_naive,ok
0,1.0128490124221456,0.017886410282454347,0.48918192595464816,True,-133.4144170192115,10,0,CONVERGENCE: RELATIVE REDUCTION OF F <= FACTR*EPSMCH,3,3,2,0.0,2.334144170192115e-08,0.9340248779602119,0.011136729785185083,0.4636248020670674,True,77.55523944793295,13,0,CONVERGENCE: RELATIVE REDUCTION OF F <= FACTR*EPSMCH,3,3,2,0.0,1.7755523944793295e-08,True
1,0.9681289847948215,-0.018889172950615218,0.47769232560859026,True,-156.22701960437522,10,0,CONVERGENCE: RELATIVE REDUCTION OF F <= FACTR*EPSMCH,3,3,0,0.0,2.562270196043752e-08,0.816108959688868,-0.02289458641456094,0.4394679111008882,True,56.78509631914108,14,0,CONVERGENCE: NORM OF PROJECTED GRADIENT <= PGTOL,3,3,1,0.0,1.567850963191411e-08,True
2,1.0247500523569772,-0.024807208889407333,0.5072685580779389,True,-97.29681300828443,11,0,CONVERGENCE: RELATIVE REDUCTION OF F <= FACTR*EPSMCH,3,3,0,0.0,1.9729681300828443e-08,0.827716323400763,-0.032661870140140215,0.4469624783276004,True,89.55301625532957,11,0,CONVERGENCE: RELATIVE REDUCTION OF F <= FACTR*EPSMCH,3,3,2,0.0,1.8955301625532958e-08,True
3,1.0344019733608172,0.009045427178178673,0.47774904339480834,True,-184.16143065053234,10,0,CONVERGENCE: RELATIVE REDUCTION OF F <= FACTR*EPSMCH,3,3,0,0.0,2.8416143065053236e-08,0.9071035369812039,-0.004282808302447012,0.446912926619835,True,40.19478642003523,14,0,CONVERGENCE: RELATIVE REDUCTION OF F <= FACTR*EPSMCH,3,3,1,0.0,1.4019478642003523e-08,True
4,1.1537091947960099,-0.009580275047040624,0.524738690226632,True,-99.22633745758803,10,0,CONVERGENCE: RELATIVE REDUCTION OF F <= FACTR*EPSMCH,3,3,0,0.0,1.9922633745758804e-08,0.971074082834616,-0.006877788105986204,0.47650345714684245,True,100.49501000485353,9,0,CONVERGENCE: RELATIVE REDUCTION OF F <= FACTR*EPSMCH,3,3,0,0.0,2.0049501000485354e-08,True
5,0.9202249053549343,0.012911772737789373,0.49827686348866757,True,-106.60860278348171,10,0,CONVERGENCE: RELATIVE REDUCTION OF F <= FACTR*EPSMCH,3,3,0,0.0,2.0660860278348173e-08,0.813949293529849,0.01743139333579751,0.4631476748705978,True,121.77793128310927,8,0,CONVERGENCE: RELATIVE REDUCTION OF F <= FACTR*EPSMCH,3,3,0,0.0,2.2177793128310925e-08,True
6,0.9434963390275378,-0.0029471900380873364,0.5074138217602258,True,-91.58125062589107,13,0,CONVERGENCE: RELATIVE REDUCTION OF F <= FACTR*EPSMCH,3,3,1,0.0,1.9158125062589106e-08,0.7687697340026022,0.006353520969961377,0.4572329011422089,True,99.05734337531962,10,0,CONVERGENCE: RELATIVE REDUCTION OF F <= FACTR*EPSMCH,3,3,2,0.0,1.9905734337531963e-08,True
7,1.2701442545717159,0.023494074186141266,0.5282547992263024,True,-96.73482316961665,10,0,CONVERGENCE: RELATIVE REDUCTION OF F <= FACTR*EPSMCH,3,3,0,0.0,1.9673482316961663e-08,1.0534739512672178,0.021594365257370293,0.47880844873198586,True,95.1969423316848,13,0,CONVERGENCE: RELATIVE REDUCTION OF F <= FACTR*EPSMCH,3,3,1,0.0,1.951969423316848e-08,True
8,1.224632816652112,0.016773325294886544,0.49609186283231693,True,-177.04705484300194,10,0,CONVERGENCE: RELATIVE REDUCTION OF F <= FACTR*EPSMCH,3,3,2,0.0,2.7704705484300194e-08,0.9120610734514386,0.016141342920383266,0.4327629343385312,True,19.19233414709425,14,0,CONVERGENCE: RELATIVE REDUCTION OF F <= FACTR*EPSMCH,3,3,1,0.0,1.1919233414709426e-08,True
9,1.215587011419354,-0.0003640379580369314,0.5277697113774645,True,-108.38711282513074,10,0,CONVERGENCE: RELATIVE REDUCTION OF F <= FACTR*EPSMCH,3,3,0,0.0,2.0838711282513075e-08,0.9600447463404639,-0.01071146660332211,0.4668389291050359,True,83.48052292629092,13,0,CONVERGENCE: RELATIVE REDUCTION OF F <= FACTR*EPSMCH,3,3,2,0.0,1.8348052292629095e-08,True
10,0.962083621098022,0.028778767930084072,0.4914559755738091,True,-122.50686412619139,9,0,CONVERGENCE: RELATIVE REDUCTION OF F <= FACTR*EPSMCH,3,3,0,0.0,2.225068641261914e-08,0.7821007790119721,0.025652865851423207,0.4580214545047295,True,106.89826990015727,11,0,CONVERGENCE: RELATIVE REDUCTION OF F <= FACTR*EPSMCH,3,3,2,0.0,2.0689826990015728e-08,True
11,0.889458288720205,-0.014308535429022554,0.4955632151670085,True,-95.00489400464608,11,0,CONVERGENCE: RELATIVE REDUCTION OF F <= FACTR*EPSMCH,3,3,0,0.0,1.9500489400464607e-08,0.7852950078869928,-0.0068123836111347895,0.4463460899011101,True,94.5413199958116,7,0,CONVERGENCE: RELATIVE REDUCTION OF F <= FACTR*EPSMCH,3,3,0,0.0,1.945413199958116e-08,True
12,1.1307287912693864,0.005734757692379725,0.5041605959527462,True,-145.91369938075573,12,0,CONVERGENCE: RELATIVE REDUCTION OF F <= FACTR*EPSMCH,3,3,1,0.0,2.4591369938075576e-08,0.86501354200042,0.008010021970798737,0.44280800301891826,True,48.173733166484375,13,0,CONVERGENCE: RELATIVE REDUCTION OF F <= FACTR*EPSMCH,3,3,2,0.0,1.4817373316648437e-08,True
13,0.9262003264071423,0.013541804517681912,0.47456311698153664,True,-180.10888627107528,10,0,CONVERGENCE: RELATIVE REDUCTION OF F <= FACTR*EPSMCH,3,3,0,0.0,2.801088862710753e-08,0.74195453393904,0.007235903755635412,0.4305310914667136,True,38.12690927215224,9,0,CONVERGENCE: RELATIVE REDUCTION OF F <= FACTR*EPSMCH,3,3,0,0.0,1.3812690927215223e-08,True
14,0.9776183575363765,-0.002650316357045442,0.4916645000367092,True,-145.51335476378335,13,0,CONVERGENCE: RELATIVE REDUCTION OF F <= FACTR*EPSMCH,3,3,1,0.0,2.4551335476378334e-08,0.8580105826737706,-0.006057034484543962,0.45474872506958935,True,73.6377058911706,12,0,CONVERGENCE: RELATIVE REDUCTION OF F <= FACTR*EPSMCH,3,3,2,0.0,1.736377058911706e-08,True
15,1.038590559757041,-0.015007808919705053,0.4900950696587498,True,-142.32070487690268,10,0,CONVERGENCE: RELATIVE REDUCTION OF F <= FACTR*EPSMCH,3,3,0,0.0,2.4232070487690268e-08,0.8362376175968311,-0.01817098490582073,0.43614924540388333,True,44.80907761518125,12,0,CONVERGENCE: RELATIVE REDUCTION OF F <= FACTR*EPSMCH,3,3,2,0.0,1.4480907761518125e-08,True
16,1.0571630714127744,-0.005301290166887662,0.5012493847121055,True,-131.76074437955774,12,0,CONVERGENCE: RELATIVE REDUCTION OF F <= FACTR*EPSMCH,3,3,1,0.0,2.3176074437955774e-08,0.819400664282158,0.00565490820318864,0.43824488869419026,True,53.11787766583328,12,0,CONVERGENCE: RELATIVE REDUCTION OF F <= FACTR*EPSMCH,3,3,2,0.0,1.5311787766583326e-08,True
17,0.8101603300862544,-0.006006009720146272,0.49041849256293907,True,-122.72019062865012,11,0,CONVERGENCE: RELATIVE REDUCTION OF F <= FACTR*EPSMCH,3,3,0,0.0,2.227201906286501e-08,0.7479591242775496,0.0017266994972347078,0.4577343040856818,True,121.89812978492381,11,0,CONVERGENCE: RELATIVE REDUCTION OF F <= FACTR*EPSMCH,3,3,2,0.0,2.2189812978492383e-08,True
18,1.0675365944999773,0.019376248493324918,0.497457927908753,True,-148.49516519837817,11,0,CONVERGENCE: RELATIVE REDUCTION OF F <= FACTR*EPSMCH,3,3,2,0.0,2.4849516519837817e-08,0.8327562574424285,0.029367706639556266,0.4284816570393355,True,17.970435759713045,9,0,CONVERGENCE: RELATIVE REDUCTION OF F <= FACTR*EPSMCH,3,3,0,0.0,1.1797043575971305e-08,True
19,1.1311643275089753,0.0062895060930115935,0.5144712431669244,True,-116.64838940079024,12,0,CONVERGENCE: RELATIVE REDUCTION OF F <= FACTR*EPSMCH,3,3,1,0.0,2.1664838940079024e-08,0.839261632653382,0.007683877153696933,0.4483545133026189,True,87.64000775024275,12,0,CONVERGENCE: RELATIVE REDUCTION OF F <= FACTR*EPSMCH,3,3,2,0.0,1.8764000775024276e-08,True
20,1.2616940394570022,-0.027914921832025725,0.5312918927773763,True,-120.64330119455904,10,0,CONVERGENCE: RELATIVE REDUCTION OF F <= FACTR*EPSMCH,3,3,0,0.0,2.2064330119455903e-08,1.005212922663557,-0.02801266777263208,0.4700686994735351,True,89.49374979835505,13,0,CONVERGENCE: RELATIVE REDUCTION OF F <= FACTR*EPSMCH,3,3,1,0.0,1.8949374979835504e-08,True
21,1.182788680159708,-0.06544547929751046,0.5248355009028141,True,-119.71601670382269,10,0,CONVERGENCE: RELATIVE REDUCTION OF F <= FACTR*EPSMCH,3,3,0,0.0,2.197160167038227e-08,0.8774419867235477,-0.06904390381808997,0.45551463935545367,True,87.56844221064691,13,0,CONVERGENCE: RELATIVE REDUCTION OF F <= FACTR*EPSMCH,3,3,1,0.0,1.875684422106469e-08,True
22,1.0553986206801047,-0.01079880169029621,0.5184759331754436,True,-123.89891252740765,10,0,CONVERGENCE: RELATIVE REDUCTION OF F <= FACTR*EPSMCH,3,3,0,0.0,2.2389891252740767e-08,0.8855102135554922,-0.00619859721302561,0.4721611165099843,True,102.88327722133383,11,0,CONVERGENCE: RELATIVE REDUCTION OF F <= FACTR*EPSMCH,3,3,2,0.0,2.0288327722133384e-08,True
23,1.0628011431569164,-0.0037903986026040443,0.501434257346199,True,-136.75786019016246,12,0,CONVERGENCE: RELATIVE REDUCTION OF F <= FACTR*EPSMCH,3,3,1,0.0,2.3675786019016245e-08,0.9716767755900747,-0.006107076067760089,0.46662565083841995,True,65.55810962192257,14,0,CONVERGENCE: RELATIVE REDUCTION OF F <= FACTR*EPSMCH,3,3,1,0.0,1.6555810962192256e-08,True
24,0.8423633407580734,0.031319212023988234,0.486360587357006,True,-154.21811945983072,10,0,CONVERGENCE: RELATIVE REDUCTION OF F <= FACTR*EPSMCH,3,3,0,0.0,2.5421811945983072e-08,0.6901707568640103,0.024517823241223986,0.44516437109458157,True,76.71405362344834,9,0,CONVERGENCE: RELATIVE REDUCTION OF F <= FACTR*EPSMCH,3,3,0,0.0,1.7671405362344833e-08,True
25,0.8580590474816554,-0.02483877946668838,0.486363484835674,True,-163.08532078186465,13,0,CONVERGENCE: RELATIVE REDUCTION OF F <= FACTR*EPSMCH,3,3,1,0.0,2.6308532078186465e-08,0.7345081619841739,-0.02700192155842143,0.44572294978442667,True,76.36119108732842,13,0,CONVERGENCE: RELATIVE REDUCTION OF F <= FACTR*EPSMCH,3,3,1,0.0,1.7636119108732843e-08,True
26,0.9985039497040956,0.016303932744943544,0.5030226659898088,True,-115.51640855373822,11,0,CONVERGENCE: RELATIVE REDUCTION OF F <= FACTR*EPSMCH,3,3,0,0.0,2.1551640855373824e-08,0.8590567531545702,0.027344470021561575,0.45875994306719076,True,98.03035776245213,12,0,CONVERGENCE: RELATIVE REDUCTION OF F <= FACTR*EPSMCH,3,3,2,0.0,1.9803035776245213e-08,True
27,1.092576478635952,-0.0024173451296435294,0.5096880143267789,True,-142.14162057284898,10,0,CONVERGENCE: RELATIVE REDUCTION OF F <= FACTR*EPSMCH,3,3,0,0.0,2.4214162057284897e-08,0.8909522441061958,-0.010793651217694291,0.4546572315436791,True,62.59323992021415,12,0,CONVERGENCE: RELATIVE REDUCTION OF F <= FACTR*EPSMCH,3,3,2,0.0,1.6259323992021417e-08,True
28,1.0726191622901877,0.028438001452938417,0.5108141436467138,True,-118.8619236070965,10,0,CONVERGENCE: RELATIVE REDUCTION OF F <= FACTR*EPSMCH,3,3,0,0.0,2.1886192360709652e-08,0.8906319434051417,0.03273222458851633,0.46796930141533305,True,93.7629754087499,13,0,CONVERGENCE: RELATIVE REDUCTION OF F <= FACTR*EPSMCH,3,3,1,0.0,1.9376297540874992e-08,True
29,0.9350156389928963,0.02439193840190877,0.48806089071650344,True,-147.5968619236535,11,0,CONVERGENCE: RELATIVE REDUCTION OF F <= FACTR*EPSMCH,3,3,0,0.0,2.4759686192365352e-08,0.6805717536565619,0.03439112442010378,0.4233899131355075,True,51.30893789728248,12,0,CONVERGENCE: RELATIVE REDUCTION OF F <= FACTR*EPSMCH,3,3,2,0.0,1.513089378972825e-08,True
30,1.0070387898824453,-0.03363564260136133,0.4999885335735929,True,-106.13851640128823,10,0,CONVERGENCE: RELATIVE REDUCTION OF F <= FACTR*EPSMCH,3,3,0,0.0,2.0613851640128822e-08,0.8525025704087408,-0.031673059509649826,0.453491622611697,True,90.5234349757566,8,0,CONVERGENCE: RELATIVE REDUCTION OF F <= FACTR*EPSMCH,3,3,0,0.0,1.905234349757566e-08,True
31,0.9948724986424498,-0.018449796977739977,0.4980484466570673,True,-133.48148749074767,10,0,CONVERGENCE: RELATIVE REDUCTION OF F <= FACTR*EPSMCH,3,3,0,0.0,2.3348148749074767e-08,0.8421858047376146,-0.025175933201363822,0.4588117574052338,True,84.32343476680805,13,0,CONVERGENCE: RELATIVE REDUCTION OF F <= FACTR*EPSMCH,3,3,1,0.0,1.8432343476680804e-08,True
32,0.9726102263023019,0.017279566838202347,0.502742517138992,True,-112.6759487483558,12,0,CONVERGENCE: RELATIVE REDUCTION OF F <= FACTR*EPSMCH,3,3,1,0.0,2.1267594874835578e-08,0.7500141025925177,0.020485616664905573,0.4542315475422175,True,120.46945247503757,14,0,CONVERGENCE: RELATIVE REDUCTION OF F <= FACTR*EPSMCH,3,3,1,0.0,2.204694524750376e-08,True
33,1.1246356554549977,-0.006511068346895278,0.5030704539662563,True,-149.86195197874622,10,0,CONVERGENCE: RELATIVE REDUCTION OF F <= FACTR*EPSMCH,3,3,0,0.0,2.498619519787462e-08,0.8829404797820757,-0.012358357987403697,0.44662930912718857,True,58.15772772643217,12,0,CONVERGENCE: RELATIVE REDUCTION OF F <= FACTR*EPSMCH,3,3,2,0.0,1.581577277264322e-08,True
34,1.1337181832369096,0.021846163919296918,0.5171422115923118,True,-106.8026015541601,13,0,CONVERGENCE: RELATIVE REDUCTION OF F <= FACTR*EPSMCH,3,3,1,0.0,2.068026015541601e-08,0.8913623684753865,0.016941472601228115,0.45933713147083677,True,96.48719596213208,14,0,CONVERGENCE: RELATIVE REDUCTION OF F <= FACTR*EPSMCH,3,3,1,0.0,1.964871959621321e-08,True
35,1.0390975523804111,0.014962509525320885,0.5190034761745442,True,-122.1115945977376,10,0,CONVERGENCE: RELATIVE REDUCTION OF F <= FACTR*EPSMCH,3,3,0,0.0,2.221115945977376e-08,0.8923208979086503,-0.0010384281002028765,0.4786665770168047,True,115.77106342762528,9,0,CONVERGENCE: RELATIVE REDUCTION OF F <= FACTR*EPSMCH,3,3,0,0.0,2.157710634276253e-08,True
36,1.038938832353709,0.00268299634816189,0.5097983049680714,True,-93.30708450416432,10,0,CONVERGENCE: RELATIVE REDUCTION OF F <= FACTR*EPSMCH,3,3,0,0.0,1.9330708450416433e-08,0.797802900030125,0.0051567510186992845,0.4463202067651787,True,95.6996322944297,11,0,CONVERGENCE: RELATIVE REDUCTION OF F <= FACTR*EPSMCH,3,3,2,0.0,1.9569963229442972e-08,True
37,1.1835638356577876,0.016571234019350498,0.5080114873194626,True,-98.01495619740123,10,0,CONVERGENCE: RELATIVE REDUCTION OF F <= FACTR*EPSMCH,3,3,0,0.0,1.980149561974012e-08,0.8860849243764058,0.016825582912875114,0.44826442155553814,True,74.77612364841977,13,0,CONVERGENCE: RELATIVE REDUCTION OF F <= FACTR*EPSMCH,3,3,1,0.0,1.7477612364841977e-08,True
38,0.9033316504048855,0.05761771982442645,0.49710121454822526,True,-84.13969637282969,11,0,CONVERGENCE: RELATIVE REDUCTION OF F <= FACTR*EPSMCH,3,3,0,0.0,1.8413969637282968e-08,0.759976073338196,0.06831849957698011,0.45155125999212314,True,113.91083835288656,11,0,CONVERGENCE: RELATIVE REDUCTION OF F <= FACTR*EPSMCH,3,3,2,0.0,2.1391083835288656e-08,True
39,1.0663286960183223,0.04941238643273934,0.4911664340960367,True,-143.38943657433515,12,0,CONVERGENCE: RELATIVE REDUCTION OF F <= FACTR*EPSMCH,3,3,1,0.0,2.4338943657433518e-08,0.7954933136211866,0.0474933249902237,0.4277235356606694,True,35.09339685629089,12,0,CONVERGENCE: RELATIVE REDUCTION OF F <= FACTR*EPSMCH,3,3,2,0.0,1.350933968562909e-08,True
40,0.8211265698955398,-0.04726075360988769,0.5058835499403483,True,-61.7720697925728,11,0,CONVERGENCE: RELATIVE REDUCTION OF F <= FACTR*EPSMCH,3,3,2,0.0,1.617720697925728e-08,0.7400146676795644,-0.05312279756569715,0.4792792679064926,True,169.83611977615504,8,0,CONVERGENCE: RELATIVE REDUCTION OF F <= FACTR*EPSMCH,3,3,0,0.0,2.6983611977615504e-08,True
41,1.1498427049228508,-0.011739585271149619,0.49957232669724877,True,-129.00314638359237,10,0,CONVERGENCE: RELATIVE REDUCTION OF F <= FACTR*EPSMCH,3,3,0,0.0,2.2900314638359238e-08,0.8758892733893276,-0.017143549190791238,0.44963035318203665,True,67.43164989006891,13,0,CONVERGENCE: RELATIVE REDUCTION OF F <= FACTR*EPSMCH,3,3,2,0.0,1.674316498900689e-08,True
42,0.9697322199305112,-0.022809785476257047,0.48139103504720887,True,-160.4570198261549,9,0,CONVERGENCE: RELATIVE REDUCTION OF F <= FACTR*EPSMCH,3,3,2,0.0,2.604570198261549e-08,0.8291931900906832,-0.01642615650786506,0.4418401524790982,True,56.53743759508195,12,0,CONVERGENCE: RELATIVE REDUCTION OF F <= FACTR*EPSMCH,3,3,2,0.0,1.5653743759508196e-08,True
43,1.1155966060774465,-0.013061371994846263,0.5172154266302581,True,-99.99494029163156,10,0,CONVERGENCE: RELATIVE REDUCTION OF F <= FACTR*EPSMCH,3,3,2,0.0,1.9999494029163157e-08,0.8007406816801053,-0.017020188355185744,0.44466531373642065,True,66.62399899831387,11,0,CONVERGENCE: RELATIVE REDUCTION OF F <= FACTR*EPSMCH,3,3,2,0.0,1.6662399899831388e-08,True
44,0.8493999913205642,-0.05651500065729418,0.49538541437200884,True,-83.74896613339561,11,0,CONVERGENCE: RELATIVE REDUCTION OF F <= FACTR*EPSMCH,3,3,0,0.0,1.8374896613339562e-08,0.6828977345673501,-0.060220456857056535,0.4405596947185647,True,98.0013933104027,11,0,CONVERGENCE: RELATIVE REDUCTION OF F <= FACTR*EPSMCH,3,3,2,0.0,1.9800139331040272e-08,True
45,0.9842181019334891,0.00698947206555066,0.4961168256962269,True,-138.47752309018747,10,0,CONVERGENCE: RELATIVE REDUCTION OF F <= FACTR*EPSMCH,3,3,0,0.0,2.384775230901875e-08,0.8170413427104508,0.011907625307247208,0.4549243526115269,True,68.53691764499622,12,0,CONVERGENCE: RELATIVE REDUCTION OF F <= FACTR*EPSMCH,3,3,2,0.0,1.6853691764499623e-08,True
46,1.0576952275988196,-0.024238602996035797,0.515262236565326,True,-89.43543132623634,10,0,CONVERGENCE: RELATIVE REDUCTION OF F <= FACTR*EPSMCH,3,3,0,0.0,1.8943543132623635e-08,0.7869233583637203,-0.028098743030846647,0.44940822068727015,True,78.87232422603056,11,0,CONVERGENCE: RELATIVE REDUCTION OF F <= FACTR*EPSMCH,3,3,2,0.0,1.7887232422603056e-08,True
47,0.9469100784310882,0.03145146130619718,0.49807318966468783,True,-136.70267605211848,13,0,CONVERGENCE: RELATIVE REDUCTION OF F <= FACTR*EPSMCH,3,3,1,0.0,2.367026760521185e-08,0.724946547631576,0.015419851810849183,0.44351330105071757,True,95.17192420415921,11,0,CONVERGENCE: RELATIVE REDUCTION OF F <= FACTR*EPSMCH,3,3,2,0.0,1.951719242041592e-08,True
48,0.9899411402338205,-0.0071318878395373285,0.5034590937689838,True,-98.44547498885683,10,0,CONVERGENCE: RELATIVE REDUCTION OF F <= FACTR*EPSMCH,3,3,0,0.0,1.9844547498885685e-08,0.793414545913401,-0.011982877346829405,0.45384445903672527,True,99.93592342478036,9,0,CONVERGENCE: RELATIVE REDUCTION OF F <= FACTR*EPSMCH,3,3,0,0.0,1.9993592342478035e-08,True
49,1.0908972564589614,-0.017955655019526416,0.50719281367462,True,-127.62290174380625,11,0,CONVERGENCE: RELATIVE REDUCTION OF F <= FACTR*EPSMCH,3,3,2,0.0,2.2762290174380627e-08,0.928724197559382,-0.017570297367308252,0.46012520344936075,True,68.25772270665777,8,0,CONVERGENCE: RELATIVE REDUCTION OF F <= FACTR*EPSMCH,3,3,0,0.0,1.682577227066578e-08,True
50,0.9950863139809919,-0.005611919599342844,0.49764489189334726,True,-126.11987651837998,14,0,CONVERGENCE: RELATIVE REDUCTION OF F <= FACTR*EPSMCH,3,3,1,0.0,2.2611987651838e-08,0.7203322358306888,-0.0032036435802637827,0.4166126534596629,True,41.39275918916117,13,0,CONVERGENCE: RELATIVE REDUCTION OF F <= FACTR*EPSMCH,3,3,1,0.0,1.4139275918916117e-08,True
51,1.0234907652032312,0.042111978315919125,0.5026631195646585,True,-137.3982291021207,10,0,CONVERGENCE: RELATIVE REDUCTION OF F <= FACTR*EPSMCH,3,3,2,0.0,2.3739822910212072e-08,0.7890794119752776,0.034228502619168794,0.4496071904981646,True,81.79991406367988,7,0,CONVERGENCE: RELATIVE REDUCTION OF F <= FACTR*EPSMCH,3,3,0,0.0,1.817999140636799e-08,True
52,0.8919755580770777,0.04657370733284842,0.4725862256914503,True,-135.0685464008966,10,0,CONVERGENCE: RELATIVE REDUCTION OF F <= FACTR*EPSMCH,3,3,0,0.0,2.3506854640089662e-08,0.7829490403000131,0.04094782666727539,0.44518925823415245,True,80.75312955000155,12,0,CONVERGENCE: RELATIVE REDUCTION OF F <= FACTR*EPSMCH,3,3,2,0.0,1.8075312955000156e-08,True
53,1.0130513555574736,0.027302311147740177,0.49149236020266673,True,-128.85699940858873,12,0,CONVERGENCE: RELATIVE REDUCTION OF F <= FACTR*EPSMCH,3,3,1,0.0,2.2885699940858873e-08,0.7613325417166427,0.02694770881230607,0.439626740075382,True,67.16185395589115,13,0,CONVERGENCE: RELATIVE REDUCTION OF F <= FACTR*EPSMCH,3,3,1,0.0,1.6716185395589114e-08,True
54,1.1441953106170737,-0.031461146972632276,0.5202138871431888,True,-100.66160147168355,13,0,CONVERGENCE: RELATIVE REDUCTION OF F <= FACTR*EPSMCH,3,3,1,0.0,2.0066160147168355e-08,0.9827105990165728,-0.03441241405743903,0.4900298743104185,True,127.59071434429717,12,0,CONVERGENCE: RELATIVE REDUCTION OF F <= FACTR*EPSMCH,3,3,2,0.0,2.2759071434429717e-08,True
55,0.9596379706961335,-0.013477251358006507,0.5073166318107813,True,-100.1100996097414,9,0,CONVERGENCE: RELATIVE REDUCTION OF F <= FACTR*EPSMCH,3,3,2,0.0,2.001100996097414e-08,0.824479117152548,0.00027095610825105394,0.46444628313210023,True,113.07902427324925,8,0,CONVERGENCE: RELATIVE REDUCTION OF F <= FACTR*EPSMCH,3,3,0,0.0,2.1307902427324925e-08,True
56,0.9671749285949959,0.04032819392776655,0.48475264023116515,True,-151.60358043014978,11,0,CONVERGENCE: RELATIVE REDUCTION OF F <= FACTR*EPSMCH,3,3,0,0.0,2.516035804301498e-08,0.8401069819120159,0.046046812524047076,0.4480891424351041,True,65.47894453434999,14,0,CONVERGENCE: RELATIVE REDUCTION OF F <= FACTR*EPSMCH,3,3,1,0.0,1.6547894453435e-08,True
57,1.0597144205542937,-0.0463595278286213,0.4911270359317641,True,-131.6883380538581,10,0,CONVERGENCE: RELATIVE REDUCTION OF F <= FACTR*EPSMCH,3,3,0,0.0,2.316883380538581e-08,0.787608306495122,-0.05049864220115224,0.4358644430492347,True,63.280926497146424,7,0,CONVERGENCE: RELATIVE REDUCTION OF F <= FACTR*EPSMCH,3,3,0,0.0,1.6328092649714642e-08,True
58,0.9034081953407557,0.0035185614433204415,0.5005976170396038,True,-93.22039455713019,10,0,CONVERGENCE: RELATIVE REDUCTION OF F <= FACTR*EPSMCH,3,3,2,0.0,1.9322039455713018e-08,0.7833512577073871,0.018151753174940236,0.45640387755881046,True,123.8936218626543,8,0,CONVERGENCE: RELATIVE REDUCTION OF F <= FACTR*EPSMCH,3,3,0,0.0,2.238936218626543e-08,True
59,1.0412814944721678,0.01617794385701923,0.506581940335924,True,-104.80779077926965,10,0,CONVERGENCE: RELATIVE REDUCTION OF F <= FACTR*EPSMCH,3,3,2,0.0,2.0480779077926967e-08,0.7836708643711426,0.013062725306078613,0.44706787721021574,True,93.93024817986995,14,0,CONVERGENCE: RELATIVE REDUCTION OF F <= FACTR*EPSMCH,3,3,1,0.0,1.9393024817986998e-08,True
60,1.1687982273735145,0.0012011768708136412,0.5007346266515745,True,-148.35898396414487,12,0,CONVERGENCE: RELATIVE REDUCTION OF F <= FACTR*EPSMCH,3,3,1,0.0,2.483589839641449e-08,0.997607004996042,-0.01107709671130921,0.45582950390113447,True,47.30052751581359,13,0,CONVERGENCE: RELATIVE REDUCTION OF F <= FACTR*EPSMCH,3,3,2,0.0,1.473005275158136e-08,True
61,0.9316397703367013,-0.010282490091315124,0.48784368197990857,True,-154.59634936919113,10,0,CONVERGENCE: RELATIVE REDUCTION OF F <= FACTR*EPSMCH,3,3,2,0.0,2.5459634936919114e-08,0.7223775542467314,-0.019505075991769927,0.4317102886369163,True,64.12225102852983,9,0,CONVERGENCE: RELATIVE REDUCTION OF F <= FACTR*EPSMCH,3,3,0,0.0,1.6412225102852985e-08,True
62,0.9653971232945031,-0.022532408921937867,0.49752152095768487,True,-122.72143750391581,10,0,CONVERGENCE: RELATIVE REDUCTION OF F <= FACTR*EPSMCH,3,3,0,0.0,2.2272143750391582e-08,0.8187981437135626,-0.027713006007606743,0.45748500316871327,True,105.82737209829243,11,0,CONVERGENCE: RELATIVE REDUCTION OF F <= FACTR*EPSMCH,3,3,2,0.0,2.0582737209829244e-08,True
63,1.052416629500594,0.018465191245682407,0.5114634106875477,True,-84.35412809397373,11,0,CONVERGENCE: RELATIVE REDUCTION OF F <= FACTR*EPSMCH,3,3,0,0.0,1.8435412809397372e-08,0.8805146046908217,0.028464947564421653,0.45342011059081466,True,82.73839577243629,13,0,CONVERGENCE: RELATIVE REDUCTION OF F <= FACTR*EPSMCH,3,3,1,0.0,1.827383957724363e-08,True
64,0.9493734934615219,0.0451551434704008,0.5064220154161833,True,-77.84153377744035,10,0,CONVERGENCE: NORM OF PROJECTED GRADIENT <= PGTOL,3,3,0,0.0,1.7784153377744035e-08,0.7620510517210464,0.046363008385045854,0.4604560816255811,True,136.57931510261693,11,0,CONVERGENCE: RELATIVE REDUCTION OF F <= FACTR*EPSMCH,3,3,2,0.0,2.3657931510261694e-08,True
65,0.9146063954790776,-0.011963123124686142,0.49849400691129003,True,-128.73811074380808,11,0,CONVERGENCE: RELATIVE REDUCTION OF F <= FACTR*EPSMCH,3,3,0,0.0,2.2873811074380808e-08,0.7099771600085106,-0.03010514249822631,0.4462266602070077,True,87.35681968774693,7,0,CONVERGENCE: RELATIVE REDUCTION OF F <= FACTR*EPSMCH,3,3,0,0.0,1.8735681968774694e-08,True
66,0.8854579872158168,0.0027732881063769503,0.4808044377508028,True,-134.90073010898877,12,0,CONVERGENCE: RELATIVE REDUCTION OF F <= FACTR*EPSMCH,3,3,2,0.0,2.349007301089888e-08,0.7309215830710171,0.025444498517057844,0.425789934484907,True,58.71424414173033,8,0,CONVERGENCE: RELATIVE REDUCTION OF F <= FACTR*EPSMCH,3,3,0,0.0,1.5871424414173035e-08,True
67,1.0447436083496338,0.006149911503932112,0.5152981550695819,True,-102.37621474624697,10,0,CONVERGENCE: RELATIVE REDUCTION OF F <= FACTR*EPSMCH,3,3,0,0.0,2.02376214746247e-08,0.9979981266860546,-0.0018036237720565264,0.48856268971007766,True,139.12117906154754,12,0,CONVERGENCE: RELATIVE REDUCTION OF F <= FACTR*EPSMCH,3,3,1,0.0,2.3912117906154752e-08,True
68,0.9743666961985443,-0.04107813585829495,0.5232293077328709,True,-73.69778332795124,12,0,CONVERGENCE: RELATIVE REDUCTION OF F <= FACTR*EPSMCH,3,3,1,0.0,1.7369778332795124e-08,0.7972140249652653,-0.048270967609771044,0.4693527357089332,True,130.76364124177468,7,0,CONVERGENCE: RELATIVE REDUCTION OF F <= FACTR*EPSMCH,3,3,0,0.0,2.307636412417747e-08,True
69,1.0411198966555235,0.024581097697741555,0.4981355717159563,True,-128.28799334771713,10,0,CONVERGENCE: RELATIVE REDUCTION OF F <= FACTR*EPSMCH,3,3,0,0.0,2.2828799334771714e-08,0.8860748620373731,0.01942941866298142,0.4486781915879862,True,72.00278416151309,14,0,CONVERGENCE: RELATIVE REDUCTION OF F <= FACTR*EPSMCH,3,3,1,0.0,1.7200278416151308e-08,True
70,1.0007718328263473,-0.03908245053757032,0.5037111253948376,True,-103.79546539470117,12,0,CONVERGENCE: RELATIVE REDUCTION OF F <= FACTR*EPSMCH,3,3,1,0.0,2.0379546539470118e-08,0.7729505875256331,-0.03731761456403973,0.44095817704787377,True,77.36781591147704,14,0,CONVERGENCE: RELATIVE REDUCTION OF F <= FACTR*EPSMCH,3,3,1,0.0,1.7736781591147703e-08,True
71,1.035409604914912,0.03365978160205327,0.5034464580942758,True,-131.81500760264728,12,0,CONVERGENCE: RELATIVE REDUCTION OF F <= FACTR*EPSMCH,3,3,1,0.0,2.318150076026473e-08,0.785875834149342,0.03157799638821965,0.452344998574444,True,104.55267365911564,13,0,CONVERGENCE: RELATIVE REDUCTION OF F <= FACTR*EPSMCH,3,3,1,0.0,2.0455267365911565e-08,True
72,1.0079711058345422,0.04820906695725454,0.48522038944712065,True,-158.38414634930274,12,0,CONVERGENCE: RELATIVE REDUCTION OF F <= FACTR*EPSMCH,3,3,1,0.0,2.5838414634930275e-08,0.7941191777978348,0.04706998705356274,0.43064204413768836,True,37.53145439932347,8,0,CONVERGENCE: RELATIVE REDUCTION OF F <= FACTR*EPSMCH,3,3,0,0.0,1.3753145439932347e-08,True
73,0.9669416373973047,-0.004926285371135439,0.4969852843237204,True,-131.53455708218462,10,0,CONVERGENCE: RELATIVE REDUCTION OF F <= FACTR*EPSMCH,3,3,2,0.0,2.3153455708218463e-08,0.7495615858880754,-0.011013288891525646,0.4393896658264106,True,63.47582679851149,14,0,CONVERGENCE: RELATIVE REDUCTION OF F <= FACTR*EPSMCH,3,3,1,0.0,1.634758267985115e-08,True
74,1.086736947681213,0.013084950472907678,0.5094618732022256,True,-103.3605126744524,10,0,CONVERGENCE: RELATIVE REDUCTION OF F <= FACTR*EPSMCH,3,3,0,0.0,2.033605126744524e-08,0.841743954869847,0.02694098315220367,0.45572582515566296,True,84.77253572796063,12,0,CONVERGENCE: RELATIVE REDUCTION OF F <= FACTR*EPSMCH,3,3,2,0.0,1.8477253572796063e-08,True
75,1.1448498910068823,0.004980577899664022,0.48774240295005156,True,-174.42992309917582,12,0,CONVERGENCE: RELATIVE REDUCTION OF F <= FACTR*EPSMCH,3,3,1,0.0,2.7442992309917583e-08,0.9752261807868606,0.010519447035860356,0.44661970024412506,True,31.593806880254824,13,0,CONVERGENCE: RELATIVE REDUCTION OF F <= FACTR*EPSMCH,3,3,1,0.0,1.3159380688025483e-08,True
76,0.9694897023020335,0.012630621674950467,0.49707150943326844,True,-118.43128690731848,10,0,CONVERGENCE: RELATIVE REDUCTION OF F <= FACTR*EPSMCH,3,3,0,0.0,2.184312869073185e-08,0.7905177644450359,0.01710528074463795,0.4539466246955138,True,99.57167101574198,11,0,CONVERGENCE: RELATIVE REDUCTION OF F <= FACTR*EPSMCH,3,3,2,0.0,1.99571671015742e-08,True
77,0.9543141030749954,0.0040657105698095105,0.4909720824116388,True,-133.3513842256969,10,0,CONVERGENCE: RELATIVE REDUCTION OF F <= FACTR*EPSMCH,3,3,0,0.0,2.333513842256969e-08,0.8216572728570237,0.0003286630102858312,0.45222725341438563,True,85.78639795039743,13,0,CONVERGENCE: RELATIVE REDUCTION OF F <= FACTR*EPSMCH,3,3,1,0.0,1.8578639795039743e-08,True
78,1.148792676206657,0.0078160806659,0.5059526765648751,True,-122.26063078127461,10,0,CONVERGENCE: RELATIVE REDUCTION OF F <= FACTR*EPSMCH,3,3,2,0.0,2.222606307812746e-08,0.8656142332623359,0.010682506451954291,0.44925765890510977,True,72.71422464272948,11,0,CONVERGENCE: RELATIVE REDUCTION OF F <= FACTR*EPSMCH,3,3,2,0.0,1.7271422464272948e-08,True
79,1.1486962030944052,-0.004484889334004469,0.5124157377230705,True,-138.15981640666837,12,0,CONVERGENCE: RELATIVE REDUCTION OF F <= FACTR*EPSMCH,3,3,1,0.0,2.381598164066684e-08,0.9990856614235634,0.0008668338161572765,0.4697607595390772,True,89.80589939687712,13,0,CONVERGENCE: RELATIVE REDUCTION OF F <= FACTR*EPSMCH,3,3,1,0.0,1.8980589939687712e-08,True
80,1.2493182810749546,0.023569627229888465,0.5142473782846534,True,-158.18792893359807,12,0,CONVERGENCE: RELATIVE REDUCTION OF F <= FACTR*EPSMCH,3,3,1,0.0,2.5818792893359807e-08,1.109050639284572,0.03521246279426114,0.4752107961124485,True,69.42047717818987,12,0,CONVERGENCE: RELATIVE REDUCTION OF F <= FACTR*EPSMCH,3,3,2,0.0,1.6942047717818987e-08,True
81,1.087059597827072,-0.007335062612056199,0.5130258235609444,True,-109.78285560815476,10,0,CONVERGENCE: RELATIVE REDUCTION OF F <= FACTR*EPSMCH,3,3,2,0.0,2.0978285560815478e-08,0.8251902332568726,0.0014268745698187142,0.44623672320319646,True,73.85423233245467,11,0,CONVERGENCE: RELATIVE REDUCTION OF F <= FACTR*EPSMCH,3,3,2,0.0,1.7385423233245467e-08,True
82,1.1009453577014765,0.01360714877589196,0.5197510167106162,True,-100.34314885982765,11,0,CONVERGENCE: RELATIVE REDUCTION OF F <= FACTR*EPSMCH,3,3,2,0.0,2.0034314885982765e-08,1.0137339062914035,0.01847642778312596,0.49079187996361257,True,121.59295793092451,13,0,CONVERGENCE: RELATIVE REDUCTION OF F <= FACTR*EPSMCH,3,3,2,0.0,2.215929579309245e-08,True
83,0.9769640838091149,0.018981376166708277,0.4968870072907277,True,-96.30164034140215,9,0,CONVERGENCE: RELATIVE REDUCTION OF F <= FACTR*EPSMCH,3,3,2,0.0,1.9630164034140216e-08,0.7858939511591697,0.011430002490494444,0.4369812483164631,True,80.08220549227585,9,0,CONVERGENCE: RELATIVE REDUCTION OF F <= FACTR*EPSMCH,3,3,0,0.0,1.8008220549227587e-08,True
84,1.2711096561848185,-0.033855069130149046,0.499868911880238,True,-149.59680776976938,10,0,CONVERGENCE: RELATIVE REDUCTION OF F <= FACTR*EPSMCH,3,3,0,0.0,2.495968077697694e-08,1.0382114057884724,-0.02338726250881846,0.45413046093526155,True,44.07162160531793,8,0,CONVERGENCE: RELATIVE REDUCTION OF F <= FACTR*EPSMCH,3,3,0,0.0,1.4407162160531793e-08,True
85,1.0600678047039989,-0.040975051024798446,0.5265204640307543,True,-66.8975628882829,11,0,CONVERGENCE: NORM OF PROJECTED GRADIENT <= PGTOL,3,3,0,0.0,1.668975628882829e-08,0.8788995771439778,-0.035771056468779414,0.46941769041060566,True,127.55377854817817,11,0,CONVERGENCE: RELATIVE REDUCTION OF F <= FACTR*EPSMCH,3,3,2,0.0,2.2755377854817817e-08,True
86,0.9539002217162066,-0.020084984033217238,0.4804481789193807,True,-129.8838779203148,10,0,CONVERGENCE: RELATIVE REDUCTION OF F <= FACTR*EPSMCH,3,3,0,0.0,2.298838779203148e-08,0.7805610356770073,-0.020423717099940203,0.43703684816812055,True,72.49162203415582,9,0,CONVERGENCE: RELATIVE REDUCTION OF F <= FACTR*EPSMCH,3,3,0,0.0,1.724916220341558e-08,True
87,1.015615527706965,-0.022648203345413294,0.5010942828875843,True,-118.23033427399093,10,0,CONVERGENCE: RELATIVE REDUCTION OF F <= FACTR*EPSMCH,3,3,0,0.0,2.1823033427399094e-08,0.7957888176484403,-0.030276795295817307,0.4480409612528523,True,85.36211357631373,12,0,CONVERGENCE: RELATIVE REDUCTION OF F <= FACTR*EPSMCH,3,3,2,0.0,1.853621135763137e-08,True
88,0.95538278497491,-0.029949073753037004,0.4906410456145584,True,-164.25592172131638,10,0,CONVERGENCE: RELATIVE REDUCTION OF F <= FACTR*EPSMCH,3,3,0,0.0,2.642559217213164e-08,0.7782331607078448,-0.03365413791915319,0.4448772369908776,True,55.01655111023302,12,0,CONVERGENCE: RELATIVE REDUCTION OF F <= FACTR*EPSMCH,3,3,2,0.0,1.5501655111023303e-08,True
89,1.0386790164054107,0.014930255105165675,0.5068991567719724,True,-110.09540575605381,10,0,CONVERGENCE: RELATIVE REDUCTION OF F <= FACTR*EPSMCH,3,3,2,0.0,2.100954057560538e-08,0.8804216703473094,0.0075118084103421075,0.4651569451185627,True,100.4115931232221,8,0,CONVERGENCE: RELATIVE REDUCTION OF F <= FACTR*EPSMCH,3,3,0,0.0,2.0041159312322212e-08,True
90,0.9027230153105117,-0.016518379367794416,0.5019198025102968,True,-133.4000177933565,14,0,CONVERGENCE: RELATIVE REDUCTION OF F <= FACTR*EPSMCH,3,3,1,0.0,2.3340001779335652e-08,0.765237606566671,-0.005870020495652279,0.46844490456455606,True,127.71535775409968,12,0,CONVERGENCE: RELATIVE REDUCTION OF F <= FACTR*EPSMCH,3,3,1,0.0,2.277153577540997e-08,True
91,0.9646122873154412,0.02257399443409035,0.5000592783422256,True,-140.44042918706495,12,0,CONVERGENCE: RELATIVE REDUCTION OF F <= FACTR*EPSMCH,3,3,1,0.0,2.4044042918706497e-08,0.7915483297268174,0.020307206821816817,0.4444157319906276,True,69.47075637273608,12,0,CONVERGENCE: RELATIVE REDUCTION OF F <= FACTR*EPSMCH,3,3,2,0.0,1.694707563727361e-08,True
92,1.0723052340895067,0.00403341534102626,0.49655025364072475,True,-132.66602191759824,10,0,CONVERGENCE: RELATIVE REDUCTION OF F <= FACTR*EPSMCH,3,3,2,0.0,2.3266602191759827e-08,0.8100414000661069,0.00118200066702778,0.43526260805704736,True,57.23328532495998,12,0,CONVERGENCE: RELATIVE REDUCTION OF F <= FACTR*EPSMCH,3,3,2,0.0,1.5723328532495997e-08,True
93,0.954682791361629,0.02734881220070301,0.5012159764887428,True,-102.7639139120194,10,0,CONVERGENCE: RELATIVE REDUCTION OF F <= FACTR*EPSMCH,3,3,0,0.0,2.027639139120194e-08,0.7738563634644976,0.03760179078717413,0.45694825325174315,True,108.5849289660691,13,0,CONVERGENCE: RELATIVE REDUCTION OF F <= FACTR*EPSMCH,3,3,1,0.0,2.0858492896606912e-08,True
94,0.9741973294593402,0.011786894622392935,0.4802368744427807,True,-145.8463433947274,12,0,CONVERGENCE: RELATIVE REDUCTION OF F <= FACTR*EPSMCH,3,3,1,0.0,2.458463433947274e-08,0.8001537116715308,0.01830366725072615,0.445270049198502,True,91.51041232870898,11,0,CONVERGENCE: RELATIVE REDUCTION OF F <= FACTR*EPSMCH,3,3,2,0.0,1.9151041232870897e-08,True
95,0.958475196281746,0.025221465926808486,0.49404285727000713,True,-147.6782245068764,10,0,CONVERGENCE: RELATIVE REDUCTION OF F <= FACTR*EPSMCH,3,3,0,0.0,2.476782245068764e-08,0.8012007611066433,0.01757775319577415,0.4557359906529673,True,78.63723345649584,12,0,CONVERGENCE: RELATIVE REDUCTION OF F <= FACTR*EPSMCH,3,3,2,0.0,1.7863723345649583e-08,True
96,1.013017529385498,0.001521733125049977,0.4931408286594654,True,-112.44414651709796,10,0,CONVERGENCE: RELATIVE REDUCTION OF F <= FACTR*EPSMCH,3,3,0,0.0,2.1244414651709798e-08,0.9329061213389886,0.007222575923904736,0.47083686948684744,True,102.31737592153385,13,0,CONVERGENCE: RELATIVE REDUCTION OF F <= FACTR*EPSMCH,3,3,1,0.0,2.0231737592153386e-08,True
97,1.141491038640519,-0.007477492612242429,0.5137450451215126,True,-139.1781584616702,10,0,CONVERGENCE: RELATIVE REDUCTION OF F <= FACTR*EPSMCH,3,3,0,0.0,2.391781584616702e-08,0.8256798939842931,-0.017492020479036845,0.4397424454971616,True,74.31044637640204,14,0,CONVERGENCE: RELATIVE REDUCTION OF F <= FACTR*EPSMCH,3,3,1,0.0,1.7431044637640205e-08,True
98,1.020685135581157,0.04237717899983562,0.4945858077398286,True,-132.22308241998493,10,0,CONVERGENCE: RELATIVE REDUCTION OF F <= FACTR*EPSMCH,3,3,2,0.0,2.3222308241998494e-08,0.8169129844363044,0.035768165251856075,0.44838753969214584,True,93.67137074252025,7,0,CONVERGENCE: RELATIVE REDUCTION OF F <= FACTR*EPSMCH,3,3,0,0.0,1.9367137074252024e-08,True
99,1.1533549720825644,-0.024694264893378712,0.5028162747071487,True,-139.05126334757475,12,0,CONVERGENCE: RELATIVE REDUCTION OF F <= FACTR*EPSMCH,3,3,1,0.0,2.3905126334757474e-08,0.9434480417715068,-0.016796737809519766,0.4504619863720885,True,53.778632185883005,13,0,CONVERGENCE: RELATIVE REDUCTION OF F <= FACTR*EPSMCH,3,2,2,2.842170943040401e-14,1.53778632185883e-08,True
100,0.8646270270569516,0.003318211103172592,0.5023781163256702,True,-101.98173327255539,14,0,CONVERGENCE: RELATIVE REDUCTION OF F <= FACTR*EPSMCH,3,3,1,0.0,2.019817332725554e-08,0.7640588436307855,0.011034854679966948,0.478512507281896,True,158.36150213074154,9,0,CONVERGENCE: RELATIVE REDUCTION OF F <= FACTR*EPSMCH,3,3,0,0.0,2.5836150213074154e-08,True
101,0.9996647955834608,-0.008729178227796324,0.4972775304047128,True,-142.82210028634444,10,0,CONVERGENCE: RELATIVE REDUCTION OF F <= FACTR*EPSMCH,3,3,0,0.0,2.4282210028634445e-08,0.8080961934068659,-0.017944826258951597,0.45007236505558407,True,79.50108180740979,13,0,CONVERGENCE: RELATIVE REDUCTION OF F <= FACTR*EPSMCH,3,3,1,0.0,1.795010818074098e-08,True
102,0.975996499938906,-0.0444897572638965,0.4861504640514376,True,-172.82193818663893,11,0,CONVERGENCE: RELATIVE REDUCTION OF F <= FACTR*EPSMCH,3,3,0,0.0,2.7282193818663893e-08,0.875719711871273,-0.03590164539613528,0.45143174488803034,True,54.86422460258834,7,0,CONVERGENCE: RELATIVE REDUCTION OF F <= FACTR*EPSMCH,3,3,0,0.0,1.5486422460258833e-08,True
103,0.9267445774943609,-0.029783507850225342,0.49835207869806186,True,-114.73931095060956,10,0,CONVERGENCE: RELATIVE REDUCTION OF F <= FACTR*EPSMCH,3,3,0,0.0,2.1473931095060958e-08,0.726172144348599,-0.03525240157869542,0.44969865548401744,True,98.48602268915764,9,0,CONVERGENCE: RELATIVE REDUCTION OF F <= FACTR*EPSMCH,3,3,0,0.0,1.9848602268915762e-08,True
104,1.0745208183542272,-0.04243971297534629,0.5108559388649447,True,-141.40141061713553,12,0,CONVERGENCE: RELATIVE REDUCTION OF F <= FACTR*EPSMCH,3,3,1,0.0,2.4140141061713555e-08,0.8428648240553459,-0.034695551008507394,0.4536889991253842,True,74.22034614561488,12,0,CONVERGENCE: RELATIVE REDUCTION OF F <= FACTR*EPSMCH,3,3,2,0.0,1.742203461456149e-08,True
105,1.049637680405486,0.001878640908658716,0.5157507481688809,True,-82.9931001369108,12,0,CONVERGENCE: RELATIVE REDUCTION OF F <= FACTR*EPSMCH,3,3,1,0.0,1.829931001369108e-08,0.843283211474496,0.004147549969214964,0.45969401357884093,True,114.48092737038577,14,0,CONVERGENCE: RELATIVE REDUCTION OF F <= FACTR*EPSMCH,3,3,1,0.0,2.1448092737038576e-08,True
106,0.9386029395911142,-0.010008670711180669,0.5109425777816775,True,-63.996095318857215,12,0,CONVERGENCE: RELATIVE REDUCTION OF F <= FACTR*EPSMCH,3,3,1,0.0,1.6399609531885722e-08,0.7188425232109379,-0.020881823007489028,0.45194018799823393,True,114.91547818220862,13,0,CONVERGENCE: RELATIVE REDUCTION OF F <= FACTR*EPSMCH,3,3,1,0.0,2.1491547818220863e-08,True
107,1.0194027783410609,0.027166212472742875,0.5053806874812842,True,-126.30932988201712,12,0,CONVERGENCE: RELATIVE REDUCTION OF F <= FACTR*EPSMCH,3,3,1,0.0,2.2630932988201712e-08,0.8802304779573462,0.020725253996690757,0.4639605234635306,True,100.8588302394713,9,0,CONVERGENCE: RELATIVE REDUCTION OF F <= FACTR*EPSMCH,3,3,0,0.0,2.008588302394713e-08,True
108,1.0827271076665645,0.02332958256961252,0.503843598775672,True,-130.80837820421203,10,0,CONVERGENCE: RELATIVE REDUCTION OF F <= FACTR*EPSMCH,3,3,0,0.0,2.3080837820421205e-08,0.9091613212099489,0.03318045087941585,0.4630109585836214,True,96.75347284858937,8,0,CONVERGENCE: RELATIVE REDUCTION OF F <= FACTR*EPSMCH,3,3,0,0.0,1.9675347284858938e-08,True
109,0.9047840901557631,0.03530019085160538,0.48016815756982756,True,-161.2666970277981,9,0,CONVERGENCE: RELATIVE REDUCTION OF F <= FACTR*EPSMCH,3,3,2,0.0,2.6126669702779812e-08,0.7934686476447154,0.04767267335083199,0.44458951860299334,True,53.12356901352062,8,0,CONVERGENCE: RELATIVE REDUCTION OF F <= FACTR*EPSMCH,3,3,0,0.0,1.5312356901352064e-08,True
110,0.8820553604855904,-0.0012283578754656943,0.49960269081648784,True,-104.36442604775178,10,0,CONVERGENCE: RELATIVE REDUCTION OF F <= FACTR*EPSMCH,3,3,2,0.0,2.043644260477518e-08,0.6797844149089629,-0.008825314566055885,0.441876502922038,True,105.62491404990996,13,0,CONVERGENCE: RELATIVE REDUCTION OF F <= FACTR*EPSMCH,3,3,1,0.0,2.0562491404990996e-08,True
111,1.114917933731961,0.02058222033417168,0.499305867559183,True,-106.46024039874914,10,0,CONVERGENCE: RELATIVE REDUCTION OF F <= FACTR*EPSMCH,3,3,2,0.0,2.0646024039874916e-08,0.8530841532786941,0.014222774795881,0.43546234479172213,True,62.383330304610666,13,0,CONVERGENCE: RELATIVE REDUCTION OF F <= FACTR*EPSMCH,3,3,1,0.0,1.6238333030461068e-08,True
112,0.9360035200801996,0.01918829868746212,0.5044537776293608,True,-114.31793345330556,10,0,CONVERGENCE: RELATIVE REDUCTION OF F <= FACTR*EPSMCH,3,3,2,0.0,2.1431793345330555e-08,0.7375679003676123,0.034206230100762174,0.44554204321285856,True,94.57590595985832,13,0,CONVERGENCE: RELATIVE REDUCTION OF F <= FACTR*EPSMCH,3,3,1,0.0,1.945759059598583e-08,True
113,0.9533377269825152,-0.039495299612881625,0.4828179746680007,True,-131.60920725140778,10,0,CONVERGENCE: RELATIVE REDUCTION OF F <= FACTR*EPSMCH,3,3,0,0.0,2.316092072514078e-08,0.8174442680968984,-0.04583858135374367,0.4511953803261618,True,104.13636243399513,6,0,CONVERGENCE: RELATIVE REDUCTION OF F <= FACTR*EPSMCH,3,3,0,0.0,2.0413636243399513e-08,True
114,1.0624886569826366,-0.0018598168461235324,0.5072219174999073,True,-118.108396325343,10,0,CONVERGENCE: RELATIVE REDUCTION OF F <= FACTR*EPSMCH,3,3,0,0.0,2.18108396325343e-08,0.833860105792975,-0.011879504152759469,0.45282716239573995,True,86.68661976265929,6,0,CONVERGENCE: RELATIVE REDUCTION OF F <= FACTR*EPSMCH,3,3,0,0.0,1.866866197626593e-08,True
115,0.9782521905149157,0.0019745949541961857,0.5076753447055918,True,-102.21387690405456,10,0,CONVERGENCE: RELATIVE REDUCTION OF F <= FACTR*EPSMCH,3,3,0,0.0,2.0221387690405458e-08,0.8715847789735083,0.0037184190994071723,0.4798829475904126,True,134.47328246894483,8,0,CONVERGENCE: RELATIVE REDUCTION OF F <= FACTR*EPSMCH,3,3,0,0.0,2.3447328246894484e-08,True
116,0.9925889439897329,-0.016673851905587084,0.5027165795462278,True,-108.07442952241469,10,0,CONVERGENCE: RELATIVE REDUCTION OF F <= FACTR*EPSMCH,3,3,0,0.0,2.080744295224147e-08,0.8184422455473993,-0.01425349633276311,0.46103484560904207,True,103.58013338997158,8,0,CONVERGENCE: RELATIVE REDUCTION OF F <= FACTR*EPSMCH,3,3,0,0.0,2.035801333899716e-08,True
117,1.077315681110329,-0.00937674159668607,0.49474233831976266,True,-140.66943023739086,13,0,CONVERGENCE: RELATIVE REDUCTION OF F <= FACTR*EPSMCH,3,3,1,0.0,2.4066943023739086e-08,0.8895774844127223,-0.020368093930945134,0.4399483169310411,True,46.96050997321331,14,0,CONVERGENCE: RELATIVE REDUCTION OF F <= FACTR*EPSMCH,3,3,1,0.0,1.4696050997321332e-08,True
118,1.0463369150501047,0.0032868863554402442,0.48706202168537965,True,-148.4029605574068,10,0,CONVERGENCE: RELATIVE REDUCTION OF F <= FACTR*EPSMCH,3,3,0,0.0,2.4840296055740682e-08,0.8189346323972655,0.02022974406723619,0.4301957615246384,True,46.02754673277146,9,0,CONVERGENCE: RELATIVE REDUCTION OF F <= FACTR*EPSMCH,3,3,0,0.0,1.4602754673277147e-08,True
119,0.8508813125711984,0.009985651468023743,0.4685893247326069,True,-142.79526324219563,12,0,CONVERGENCE: RELATIVE REDUCTION OF F <= FACTR*EPSMCH,3,3,1,0.0,2.4279526324219563e-08,0.6563415182713315,0.017025586676830844,0.41734554149508113,True,47.74515493239269,9,0,CONVERGENCE: RELATIVE REDUCTION OF F <= FACTR*EPSMCH,3,3,0,0.0,1.4774515493239269e-08,True
120,0.8685576350101104,-0.02158143018031831,0.5057193991082806,True,-59.96544620161923,10,0,CONVERGENCE: RELATIVE REDUCTION OF F <= FACTR*EPSMCH,3,3,2,0.0,1.5996544620161923e-08,0.6767888612084285,-0.01733230356832379,0.4419197214509079,True,99.92879869567969,12,0,CONVERGENCE: RELATIVE REDUCTION OF F <= FACTR*EPSMCH,3,3,2,0.0,1.999287986956797e-08,True
121,0.9427773622056749,0.021358536347637062,0.5004688802057604,True,-112.15115821528897,10,0,CONVERGENCE: RELATIVE REDUCTION OF F <= FACTR*EPSMCH,3,3,0,0.0,2.12151158215289e-08,0.8091826614008166,0.028917571027352224,0.462704632270541,True,102.48732112216845,11,0,CONVERGENCE: RELATIVE REDUCTION OF F <= FACTR*EPSMCH,3,3,2,0.0,2.0248732112216846e-08,True
122,1.0126557428424248,0.014624814620578052,0.4973247607877303,True,-124.30335753748727,10,0,CONVERGENCE: RELATIVE REDUCTION OF F <= FACTR*EPSMCH,3,3,0,0.0,2.2430335753748726e-08,0.7512401404602614,0.011563758401276136,0.4312168725886526,True,61.24051100936967,12,0,CONVERGENCE: RELATIVE REDUCTION OF F <= FACTR*EPSMCH,3,3,2,0.0,1.6124051100936968e-08,True
123,0.9209855202686181,-0.03532553443618404,0.4838673112354622,True,-131.7058292598421,10,0,CONVERGENCE: RELATIVE REDUCTION OF F <= FACTR*EPSMCH,3,3,0,0.0,2.317058292598421e-08,0.755207904886857,-0.034564763805519406,0.4391859216497616,True,74.24497623854222,13,0,CONVERGENCE: RELATIVE REDUCTION OF F <= FACTR*EPSMCH,3,3,1,0.0,1.7424497623854222e-08,True
124,0.9910167344598352,0.031339516909250846,0.48904607095999547,True,-147.253323418511,11,0,CONVERGENCE: RELATIVE REDUCTION OF F <= FACTR*EPSMCH,3,3,0,0.0,2.47253323418511e-08,0.8617448579114086,0.046921414753029765,0.45053269992999434,True,75.64506787491418,6,0,CONVERGENCE: RELATIVE REDUCTION OF F <= FACTR*EPSMCH,3,3,0,0.0,1.7564506787491418e-08,True
125,1.0181054547581532,-0.01489142104450755,0.5080202647684147,True,-97.72836486010695,10,0,CONVERGENCE: RELATIVE REDUCTION OF F <= FACTR*EPSMCH,3,3,2,0.0,1.9772836486010695e-08,0.8258407425549985,-0.021039986863747227,0.4508986858426414,True,94.45628065159002,13,0,CONVERGENCE: RELATIVE REDUCTION OF F <= FACTR*EPSMCH,3,3,1,0.0,1.9445628065159003e-08,True
126,1.0323046516031338,0.009943983119277048,0.5099932011415607,True,-100.44248610710568,11,0,CONVERGENCE: RELATIVE REDUCTION OF F <= FACTR*EPSMCH,3,3,0,0.0,2.0044248610710567e-08,0.7663200267606932,0.024956685844269716,0.4301931192291454,True,62.724858296722694,13,0,CONVERGENCE: RELATIVE REDUCTION OF F <= FACTR*EPSMCH,3,3,1,0.0,1.627248582967227e-08,True
127,1.0283008831318459,0.02305704387383016,0.5027304589482504,True,-129.99893186081505,9,0,CONVERGENCE: RELATIVE REDUCTION OF F <= FACTR*EPSMCH,3,3,2,0.0,2.2999893186081505e-08,0.7183094527886196,0.025619385894951267,0.4255117021784795,True,41.506068297856885,9,0,CONVERGENCE: RELATIVE REDUCTION OF F <= FACTR*EPSMCH,3,3,0,0.0,1.4150606829785688e-08,True
128,1.0925948696900325,0.0007051624692635305,0.5084484300676703,True,-114.27501596671114,10,0,CONVERGENCE: RELATIVE REDUCTION OF F <= FACTR*EPSMCH,3,3,0,0.0,2.1427501596671113e-08,0.9104006732062151,0.008359377488533843,0.4559146083900329,True,73.58320543408419,12,0,CONVERGENCE: RELATIVE REDUCTION OF F <= FACTR*EPSMCH,3,3,2,0.0,1.735832054340842e-08,True
129,0.9913881354498615,0.04888076728833829,0.5100461510709614,True,-102.5000791925948,12,0,CONVERGENCE: RELATIVE REDUCTION OF F <= FACTR*EPSMCH,3,3,1,0.0,2.0250007919259478e-08,0.8027813321661428,0.05441472374362,0.4453047291760044,True,66.51731980723449,13,0,CONVERGENCE: RELATIVE REDUCTION OF F <= FACTR*EPSMCH,3,3,1,0.0,1.665173198072345e-08,True
130,1.1271628832990266,-0.02175093824252517,0.5073960431076575,True,-120.64385796864235,10,0,CONVERGENCE: RELATIVE REDUCTION OF F <= FACTR*EPSMCH,3,3,0,0.0,2.2064385796864237e-08,0.9236368375049245,-0.02331733067567046,0.45980233802983267,True,87.48746245437566,11,0,CONVERGENCE: RELATIVE REDUCTION OF F <= FACTR*EPSMCH,3,3,2,0.0,1.8748746245437567e-08,True
131,1.0700518108170498,0.024273712354246756,0.5036796576478484,True,-137.94029796601544,10,0,CONVERGENCE: RELATIVE REDUCTION OF F <= FACTR*EPSMCH,3,3,2,0.0,2.3794029796601546e-08,0.9339431431919691,0.027293652579298406,0.46511956440001284,True,83.50925711101078,13,0,CONVERGENCE: RELATIVE REDUCTION OF F <= FACTR*EPSMCH,3,3,2,0.0,1.835092571110108e-08,True
132,0.9477650428595926,-0.027107438341966595,0.4997198406874322,True,-86.95536195606373,13,0,CONVERGENCE: RELATIVE REDUCTION OF F <= FACTR*EPSMCH,3,3,1,0.0,1.8695536195606372e-08,0.6992998225949852,-0.03356578030103536,0.4310651222223158,True,74.4675229181594,10,0,CONVERGENCE: RELATIVE REDUCTION OF F <= FACTR*EPSMCH,3,3,0,0.0,1.744675229181594e-08,True
133,1.0619620630659323,0.025717094937520606,0.5033166784864336,True,-125.02608161220489,10,0,CONVERGENCE: RELATIVE REDUCTION OF F <= FACTR*EPSMCH,3,3,0,0.0,2.250260816122049e-08,0.8488827213634019,0.022053250505826565,0.44815975555431153,True,76.72198147518745,13,0,CONVERGENCE: RELATIVE REDUCTION OF F <= FACTR*EPSMCH,3,3,1,0.0,1.7672198147518747e-08,True
134,0.8993488360121387,-0.003905998107352409,0.4903463561516937,True,-106.47433318854051,13,0,CONVERGENCE: RELATIVE REDUCTION OF F <= FACTR*EPSMCH,3,3,1,0.0,2.0647433318854054e-08,0.7281050624314744,-0.017521846328485788,0.43892152247319677,True,94.30896784071662,11,0,CONVERGENCE: RELATIVE REDUCTION OF F <= FACTR*EPSMCH,3,3,2,0.0,1.9430896784071662e-08,True
135,1.0532132020666949,0.0371807650466858,0.5118457922195893,True,-78.91480580133197,11,0,CONVERGENCE: RELATIVE REDUCTION OF F <= FACTR*EPSMCH,3,3,0,0.0,1.7891480580133195e-08,0.8858517913984338,0.0246225952525823,0.472439491265213,True,126.51794326851386,13,0,CONVERGENCE: RELATIVE REDUCTION OF F <= FACTR*EPSMCH,3,3,2,0.0,2.2651794326851387e-08,True
136,0.9524985398950475,0.03763523721081011,0.5008683252703278,True,-143.38253349816512,12,0,CONVERGENCE: RELATIVE REDUCTION OF F <= FACTR*EPSMCH,3,3,1,0.0,2.4338253349816515e-08,0.7238191819612255,0.0343889053398088,0.4428848283420457,True,75.02062973323119,8,0,CONVERGENCE: RELATIVE REDUCTION OF F <= FACTR*EPSMCH,3,3,0,0.0,1.7502062973323118e-08,True
137,1.082980722203343,0.009828688820785145,0.5182879419549695,True,-91.92994873603944,10,0,CONVERGENCE: RELATIVE REDUCTION OF F <= FACTR*EPSMCH,3,3,0,0.0,1.9192994873603944e-08,0.8526736988921174,0.011293298076207275,0.4543675133362164,True,101.98632414956953,14,0,CONVERGENCE: RELATIVE REDUCTION OF F <= FACTR*EPSMCH,3,3,1,0.0,2.0198632414956954e-08,True
138,0.9697223295367732,-0.021497210964128585,0.5055363074066286,True,-89.82433483995804,9,0,CONVERGENCE: RELATIVE REDUCTION OF F <= FACTR*EPSMCH,3,3,2,0.0,1.8982433483995804e-08,0.8354271619791774,-0.028391138497351608,0.46523317798422864,True,122.6742685149422,13,0,CONVERGENCE: RELATIVE REDUCTION OF F <= FACTR*EPSMCH,3,3,1,0.0,2.226742685149422e-08,True
139,1.0622923505652138,0.017270999421240486,0.5054539611378064,True,-133.67101626916212,11,0,CONVERGENCE: NORM OF PROJECTED GRADIENT <= PGTOL,3,3,0,0.0,2.336710162691621e-08,0.8727680301958035,-0.0043861730794041015,0.44397776078140905,True,59.187556679831154,7,0,CONVERGENCE: RELATIVE REDUCTION OF F <= FACTR*EPSMCH,3,3,0,0.0,1.5918755667983116e-08,True
140,1.0786844723587792,0.026696418128788663,0.5164704395613171,True,-113.212097561656,10,0,CONVERGENCE: RELATIVE REDUCTION OF F <= FACTR*EPSMCH,3,3,0,0.0,2.1321209756165602e-08,0.904552639911356,0.024533966592582515,0.46152935435489534,True,85.86396681385241,13,0,CONVERGENCE: RELATIVE REDUCTION OF F <= FACTR*EPSMCH,3,3,2,0.0,1.8586396681385244e-08,True
141,1.0357624476787983,0.017772441777993007,0.5398567348307564,True,-51.650755825833166,10,0,CONVERGENCE: RELATIVE REDUCTION OF F <= FACTR*EPSMCH,3,3,2,0.0,1.5165075582583317e-08,0.7884133936014324,0.030801819926586094,0.4714923470622201,True,128.55641507412503,9,0,CONVERGENCE: RELATIVE REDUCTION OF F <= FACTR*EPSMCH,3,3,0,0.0,2.2855641507412504e-08,True
142,1.0016835860000666,-0.029095068972886183,0.4696924341229675,True,-190.9099192138547,10,0,CONVERGENCE: RELATIVE REDUCTION OF F <= FACTR*EPSMCH,3,3,2,0.0,2.909099192138547e-08,0.7646890244520734,-0.028469480917774195,0.4128289285973562,True,7.260243214237763,13,0,CONVERGENCE: RELATIVE REDUCTION OF F <= FACTR*EPSMCH,3,3,1,0.0,1.0726024321423777e-08,True
143,0.9105040356080074,0.017960810736813576,0.5131767992462481,True,-77.23297720568561,13,0,CONVERGENCE: RELATIVE REDUCTION OF F <= FACTR*EPSMCH,3,3,1,0.0,1.7723297720568564e-08,0.7647364187125871,0.01635985286212085,0.46712861190829036,True,135.11734405329787,10,0,CONVERGENCE: RELATIVE REDUCTION OF F <= FACTR*EPSMCH,3,3,2,0.0,2.351173440532979e-08,True
144,0.9340110136896591,0.046314416202376335,0.49315570404728676,True,-128.91979321704423,13,0,CONVERGENCE: RELATIVE REDUCTION OF F <= FACTR*EPSMCH,3,3,1,0.0,2.2891979321704424e-08,0.7766573716345037,0.04039911759925824,0.4475425984746994,True,91.40672976025459,14,0,CONVERGENCE: RELATIVE REDUCTION OF F <= FACTR*EPSMCH,3,3,1,0.0,1.9140672976025458e-08,True
145,0.9806092254654125,0.023855490552037485,0.5012758645872368,True,-123.49368690865934,12,0,CONVERGENCE: RELATIVE REDUCTION OF F <= FACTR*EPSMCH,3,3,1,0.0,2.2349368690865935e-08,0.8097806191509354,0.021739977499699546,0.4526383525656635,True,81.47591980758185,14,0,CONVERGENCE: RELATIVE REDUCTION OF F <= FACTR*EPSMCH,3,3,1,0.0,1.8147591980758185e-08,True
146,0.9406886722890423,0.003688579282588414,0.5127326136583057,True,-103.12179274931913,11,0,CONVERGENCE: RELATIVE REDUCTION OF F <= FACTR*EPSMCH,3,3,0,0.0,2.0312179274931914e-08,0.8076106387562465,-0.001250885906536733,0.4720222285988423,True,126.32966872929939,14,0,CONVERGENCE: RELATIVE REDUCTION OF F <= FACTR*EPSMCH,3,3,1,0.0,2.2632966872929938e-08,True
147,0.9963195445374325,0.004280548315256303,0.49623163152782035,True,-126.34119086644955,10,0,CONVERGENCE: RELATIVE REDUCTION OF F <= FACTR*EPSMCH,3,3,0,0.0,2.2634119086644957e-08,0.8266020787764253,-0.00025768215329821913,0.45852192045223455,True,92.66909641396619,13,0,CONVERGENCE: RELATIVE REDUCTION OF F <= FACTR*EPSMCH,3,3,1,0.0,1.926690964139662e-08,True
148,1.0697732452851243,-0.018247215470574993,0.5072592011434737,True,-124.93409975405983,10,0,CONVERGENCE: RELATIVE REDUCTION OF F <= FACTR*EPSMCH,3,3,0,0.0,2.249340997540598e-08,0.9065864031574371,-0.023864912746333476,0.46448029087142456,True,93.05474636641968,14,0,CONVERGENCE: RELATIVE REDUCTION OF F <= FACTR*EPSMCH,3,3,1,0.0,1.9305474636641966e-08,True
149,0.9664499890998911,0.04034127994860983,0.5094364165271792,True,-112.74932321302273,10,0,CONVERGENCE: RELATIVE REDUCTION OF F <= FACTR*EPSMCH,3,3,0,0.0,2.1274932321302273e-08,0.7052028104687761,0.043987034383911064,0.4403507402542894,True,78.51293841859373,11,0,CONVERGENCE: RELATIVE REDUCTION OF F <= FACTR*EPSMCH,3,3,2,0.0,1.7851293841859372e-08,True
150,1.115632348255111,0.06419015960765592,0.49473148177984216,True,-157.8805787611563,9,0,CONVERGENCE: RELATIVE REDUCTION OF F <= FACTR*EPSMCH,3,3,0,0.0,2.5788057876115632e-08,0.9117541813387986,0.06802228282670866,0.45416433402269685,True,47.206710712229366,12,0,CONVERGENCE: RELATIVE REDUCTION OF F <= FACTR*EPSMCH,3,3,2,0.0,1.4720671071222937e-08,True
151,0.8469549463578788,0.02391515737338021,0.4828272396948916,True,-183.340086071713,11,0,CONVERGENCE: RELATIVE REDUCTION OF F <= FACTR*EPSMCH,3,3,0,0.0,2.83340086071713e-08,0.7158285896370338,0.029874660952512774,0.4292241161317144,True,45.471282620000935,13,0,CONVERGENCE: RELATIVE REDUCTION OF F <= FACTR*EPSMCH,3,3,1,0.0,1.4547128262000094e-08,True
152,0.9446529724686387,-0.027431896599155507,0.48659728015660525,True,-163.36591059205278,10,0,CONVERGENCE: RELATIVE REDUCTION OF F <= FACTR*EPSMCH,3,3,0,0.0,2.633659105920528e-08,0.7808838625399049,-0.0314561010932171,0.44756879651395515,True,68.19164657813162,12,0,CONVERGENCE: RELATIVE REDUCTION OF F <= FACTR*EPSMCH,3,3,2,0.0,1.6819164657813165e-08,True
153,0.9246169960211766,0.002424346541978258,0.5118761620355621,True,-123.56316752317119,13,0,CONVERGENCE: RELATIVE REDUCTION OF F <= FACTR*EPSMCH,3,3,1,0.0,2.235631675231712e-08,0.745974300187038,-0.010574720466296523,0.459575757999899,True,88.22838449155287,13,0,CONVERGENCE: RELATIVE REDUCTION OF F <= FACTR*EPSMCH,3,3,1,0.0,1.8822838449155288e-08,True
154,1.0517271509187303,0.02121850421209635,0.5193702439585746,True,-67.56121890707456,10,0,CONVERGENCE: RELATIVE REDUCTION OF F <= FACTR*EPSMCH,3,3,0,0.0,1.675612189070746e-08,0.8964947659185554,0.01747931558599095,0.476367597124102,True,139.51798329555228,14,0,CONVERGENCE: RELATIVE REDUCTION OF F <= FACTR*EPSMCH,3,3,1,0.0,2.395179832955523e-08,True
155,0.9358007242162213,-0.021535329627007757,0.5007815448294436,True,-123.32163413421324,10,0,CONVERGENCE: RELATIVE REDUCTION OF F <= FACTR*EPSMCH,3,3,0,0.0,2.2332163413421323e-08,0.7173645428646761,-0.022532076130906253,0.44123539919799587,True,98.80289318109472,13,0,CONVERGENCE: RELATIVE REDUCTION OF F <= FACTR*EPSMCH,3,3,1,0.0,1.9880289318109473e-08,True
156,0.9654684466229199,-0.02013924417527233,0.4935114080106644,True,-103.41271021969966,10,0,CONVERGENCE: RELATIVE REDUCTION OF F <= FACTR*EPSMCH,3,3,0,0.0,2.0341271021969967e-08,0.8114724480790295,-0.029545273680201933,0.45256510956273877,True,90.94998797634318,12,0,CONVERGENCE: RELATIVE REDUCTION OF F <= FACTR*EPSMCH,3,3,2,0.0,1.909499879763432e-08,True
157,0.9049715996556271,0.02925554667172041,0.48622957459490973,True,-144.9748729431099,10,0,CONVERGENCE: RELATIVE REDUCTION OF F <= FACTR*EPSMCH,3,3,2,0.0,2.449748729431099e-08,0.6875031467435416,0.03294778894599365,0.43327250583079985,True,54.63226812573281,10,0,CONVERGENCE: RELATIVE REDUCTION OF F <= FACTR*EPSMCH,3,3,0,0.0,1.546322681257328e-08,True
158,1.0642704202636062,0.014762738232741558,0.5051407791294773,True,-118.31717383462463,11,0,CONVERGENCE: RELATIVE REDUCTION OF F <= FACTR*EPSMCH,3,3,2,0.0,2.1831717383462462e-08,0.8353237829905302,0.02500074763008609,0.44258829444430947,True,53.15842082950218,12,0,CONVERGENCE: RELATIVE REDUCTION OF F <= FACTR*EPSMCH,3,3,2,0.0,1.531584208295022e-08,True
159,0.9192969277559371,-0.02521717954933547,0.4929732060196378,True,-113.6018047707398,11,0,CONVERGENCE: RELATIVE REDUCTION OF F <= FACTR*EPSMCH,3,3,0,0.0,2.136018047707398e-08,0.7233098803995518,-0.049586757521882234,0.431546255768628,True,71.21757659088736,12,0,CONVERGENCE: RELATIVE REDUCTION OF F <= FACTR*EPSMCH,3,3,2,0.0,1.7121757659088735e-08,True
160,0.9968861456034817,-0.0011347469897227732,0.5265797318934873,True,-76.73989546407967,12,0,CONVERGENCE: RELATIVE REDUCTION OF F <= FACTR*EPSMCH,3,3,1,0.0,1.7673989546407967e-08,0.8394819574016957,0.009685770683128522,0.4723503978274742,True,123.44423898228166,13,0,CONVERGENCE: RELATIVE REDUCTION OF F <= FACTR*EPSMCH,3,3,1,0.0,2.2344423898228165e-08,True
161,1.092898144695956,0.017053835253668253,0.5296042624411402,True,-71.98419093203316,10,0,CONVERGENCE: RELATIVE REDUCTION OF F <= FACTR*EPSMCH,3,3,2,0.0,1.7198419093203317e-08,0.844160478595954,0.024081238128569736,0.4719252233121287,True,129.0086848616653,13,0,CONVERGENCE: RELATIVE REDUCTION OF F <= FACTR*EPSMCH,3,3,1,0.0,2.290086848616653e-08,True
162,0.8793853231479543,0.05905914237373615,0.505922443447761,True,-54.09176598084932,10,0,CONVERGENCE: RELATIVE REDUCTION OF F <= FACTR*EPSMCH,3,3,0,0.0,1.5409176598084934e-08,0.755686119804435,0.06409780998038546,0.4733991101820344,True,169.54220500801534,12,0,CONVERGENCE: RELATIVE REDUCTION OF F <= FACTR*EPSMCH,3,3,2,0.0,2.6954220500801535e-08,True
163,1.0597847623929209,-0.023778479675958624,0.504019762192882,True,-119.46120863419085,13,0,CONVERGENCE: RELATIVE REDUCTION OF F <= FACTR*EPSMCH,3,3,1,0.0,2.1946120863419086e-08,0.8555558858098157,-0.0288087000112095,0.44751720926048427,True,93.10221892687409,14,0,CONVERGENCE: RELATIVE REDUCTION OF F <= FACTR*EPSMCH,3,3,1,0.0,1.9310221892687408e-08,True
164,0.9706277278419335,0.03831954661060471,0.5041652981094962,True,-125.41887235497992,10,0,CONVERGENCE: RELATIVE REDUCTION OF F <= FACTR*EPSMCH,3,3,2,0.0,2.2541887235497994e-08,0.8553436532880665,0.0276232790903364,0.45656417187695975,True,88.02594015277188,12,0,CONVERGENCE: RELATIVE REDUCTION OF F <= FACTR*EPSMCH,3,3,2,0.0,1.8802594015277188e-08,True
165,0.9146771109582583,0.009908350523204363,0.49549500251784606,True,-90.29607710217664,10,0,CONVERGENCE: RELATIVE REDUCTION OF F <= FACTR*EPSMCH,3,3,0,0.0,1.9029607710217664e-08,0.753111853765585,0.022489976598058452,0.4535081612193386,True,110.68944441926574,8,0,CONVERGENCE: RELATIVE REDUCTION OF F <= FACTR*EPSMCH,3,3,0,0.0,2.1068944441926573e-08,True
166,0.9634902513547278,-0.009345446348414624,0.4981076512822955,True,-118.85032551807109,12,0,CONVERGENCE: RELATIVE REDUCTION OF F <= FACTR*EPSMCH,3,3,1,0.0,2.188503255180711e-08,0.8150963504080094,-0.005559828551042667,0.4530001955693087,True,89.35396226482652,11,0,CONVERGENCE: RELATIVE REDUCTION OF F <= FACTR*EPSMCH,3,3,2,0.0,1.893539622648265e-08,True
167,1.1863554210188336,-0.03372875001668135,0.5089620135060484,True,-100.84956422451974,10,0,CONVERGENCE: RELATIVE REDUCTION OF F <= FACTR*EPSMCH,3,3,0,0.0,2.0084956422451975e-08,0.9144214869985914,-0.039781028936038354,0.45492623156893425,True,74.47299139284365,12,0,CONVERGENCE: RELATIVE REDUCTION OF F <= FACTR*EPSMCH,3,3,1,0.0,1.7447299139284367e-08,True
168,0.9745827073372421,-0.022246930778869106,0.5184652820906206,True,-67.09570604993009,12,0,CONVERGENCE: RELATIVE REDUCTION OF F <= FACTR*EPSMCH,3,3,1,0.0,1.670957060499301e-08,0.853993375179114,-0.03360949297209305,0.48128213534169306,True,148.36297004033133,9,0,CONVERGENCE: RELATIVE REDUCTION OF F <= FACTR*EPSMCH,3,3,0,0.0,2.4836297004033134e-08,True
169,1.0983085721013273,-0.006744802052816328,0.49530691637994123,True,-165.51277024365447,10,0,CONVERGENCE: RELATIVE REDUCTION OF F <= FACTR*EPSMCH,3,3,0,0.0,2.6551277024365448e-08,0.8741397184794539,-0.0021582083319824984,0.4406974377445106,True,57.984170134652025,8,0,CONVERGENCE: RELATIVE REDUCTION OF F <= FACTR*EPSMCH,3,3,0,0.0,1.5798417013465204e-08,True
170,1.3337883681668532,0.02729657591568793,0.5495217564940295,True,-88.90116727958241,12,0,CONVERGENCE: RELATIVE REDUCTION OF F <= FACTR*EPSMCH,3,3,1,0.0,1.8890116727958243e-08,1.0886264265452568,0.029446293611475802,0.5036889871812193,True,128.56546681565487,9,0,CONVERGENCE: RELATIVE REDUCTION OF F <= FACTR*EPSMCH,3,3,0,0.0,2.285654668156549e-08,True
171,0.9894310258808977,0.017834428439433576,0.497385305881047,True,-115.36862203121117,10,0,CONVERGENCE: RELATIVE REDUCTION OF F <= FACTR*EPSMCH,3,3,0,0.0,2.153686220312112e-08,0.8265630451608954,0.032683561196889525,0.4529417195863695,True,88.96725675325337,11,0,CONVERGENCE: RELATIVE REDUCTION OF F <= FACTR*EPSMCH,3,3,2,0.0,1.8896725675325335e-08,True
172,0.9107772570527936,-0.025953117276047374,0.5006397592728692,True,-123.42406679746423,12,0,CONVERGENCE: RELATIVE REDUCTION OF F <= FACTR*EPSMCH,3,3,1,0.0,2.2342406679746425e-08,0.7765343772868678,-0.022166310545424766,0.4525686949750376,True,86.75668084608733,11,0,CONVERGENCE: RELATIVE REDUCTION OF F <= FACTR*EPSMCH,3,3,2,0.0,1.8675668084608733e-08,True
173,0.9393772982514024,-0.019945882683989676,0.4897191818597799,True,-142.11585574284973,11,0,CONVERGENCE: RELATIVE REDUCTION OF F <= FACTR*EPSMCH,3,3,0,0.0,2.4211585574284972e-08,0.8458889964587051,-0.01222584645082441,0.45100404305448905,True,74.91169306296152,11,0,CONVERGENCE: RELATIVE REDUCTION OF F <= FACTR*EPSMCH,3,3,2,0.0,1.7491169306296152e-08,True
174,1.001325982717513,0.0010753390778677813,0.5191701253463271,True,-54.03710291408529,10,0,CONVERGENCE: RELATIVE REDUCTION OF F <= FACTR*EPSMCH,3,3,0,0.0,1.540371029140853e-08,0.8000464326540336,0.009086583808183259,0.46362527153864086,True,126.0264747664353,11,0,CONVERGENCE: RELATIVE REDUCTION OF F <= FACTR*EPSMCH,3,3,2,0.0,2.260264747664353e-08,True
175,1.0303915144502807,-0.027013186023908457,0.48883659874952673,True,-148.09585737696125,11,0,CONVERGENCE: RELATIVE REDUCTION OF F <= FACTR*EPSMCH,3,3,0,0.0,2.4809585737696126e-08,0.8386134884327018,-0.021617612189792846,0.4382500516816585,True,56.310564827064766,8,0,CONVERGENCE: RELATIVE REDUCTION OF F <= FACTR*EPSMCH,3,3,0,0.0,1.5631056482706475e-08,True
176,1.0362578771651063,0.0025880554913860687,0.5213343392301848,True,-101.30316020722337,10,0,CONVERGENCE: RELATIVE REDUCTION OF F <= FACTR*EPSMCH,3,3,0,0.0,2.0130316020722337e-08,0.8183770569399135,-0.0070848401327784855,0.47435563043129314,True,107.59843009299884,13,0,CONVERGENCE: RELATIVE REDUCTION OF F <= FACTR*EPSMCH,3,3,1,0.0,2.0759843009299884e-08,True
177,1.1750307863585092,0.005218758654933865,0.4982302298369297,True,-164.53536910960858,10,0,CONVERGENCE: RELATIVE REDUCTION OF F <= FACTR*EPSMCH,3,3,0,0.0,2.645353691096086e-08,0.93443257106591,0.006666652462855032,0.4444530207665045,True,41.35043826993316,13,0,CONVERGENCE: RELATIVE REDUCTION OF F <= FACTR*EPSMCH,3,3,2,0.0,1.4135043826993317e-08,True
178,1.2018030988382442,-0.009493730325529323,0.5227491347291476,True,-114.52046931250041,10,0,CONVERGENCE: RELATIVE REDUCTION OF F <= FACTR*EPSMCH,3,3,0,0.0,2.1452046931250042e-08,0.9054361670638905,-0.0037910651677467203,0.4534538443669123,True,67.61246979317623,13,0,CONVERGENCE: RELATIVE REDUCTION OF F <= FACTR*EPSMCH,3,3,2,0.0,1.6761246979317622e-08,True
179,1.2199394258576302,-0.02086947327139063,0.5244563881158334,True,-107.94237417073496,12,0,CONVERGENCE: RELATIVE REDUCTION OF F <= FACTR*EPSMCH,3,3,1,0.0,2.0794237417073498e-08,0.8851098859624357,-0.042659843775185995,0.454694710338649,True,76.94248202579332,12,0,CONVERGENCE: RELATIVE REDUCTION OF F <= FACTR*EPSMCH,3,3,2,0.0,1.7694248202579334e-08,True
180,0.8778879306172037,0.010520442953969157,0.5122553629115676,True,-64.76919052519915,10,0,CONVERGENCE: RELATIVE REDUCTION OF F <= FACTR*EPSMCH,3,3,0,0.0,1.6476919052519914e-08,0.7023680427880029,0.008457747772702827,0.4699981476601283,True,163.33924238786648,13,0,CONVERGENCE: RELATIVE REDUCTION OF F <= FACTR*EPSMCH,3,3,1,0.0,2.633392423878665e-08,True
181,1.190522859286509,0.021489977741700604,0.50852108583011,True,-131.76967416856107,11,0,CONVERGENCE: RELATIVE REDUCTION OF F <= FACTR*EPSMCH,3,3,0,0.0,2.3176967416856107e-08,0.7885843808140853,0.0231946297834011,0.4165586190816254,True,5.803096985891476,13,0,CONVERGENCE: RELATIVE REDUCTION OF F <= FACTR*EPSMCH,3,3,1,0.0,1.0580309698589148e-08,True
182,1.047527154582807,-0.01182520455161513,0.49597264460807244,True,-145.7978268579069,10,0,CONVERGENCE: RELATIVE REDUCTION OF F <= FACTR*EPSMCH,3,3,0,0.0,2.4579782685790692e-08,0.8017730850017258,-0.006127296073229802,0.4376776857492089,True,47.29801625237593,12,0,CONVERGENCE: RELATIVE REDUCTION OF F <= FACTR*EPSMCH,3,3,2,0.0,1.4729801625237595e-08,True
183,1.0464368247125007,-0.019519292971358525,0.5024918354123858,True,-139.75372531767107,10,0,CONVERGENCE: RELATIVE REDUCTION OF F <= FACTR*EPSMCH,3,3,0,0.0,2.3975372531767106e-08,0.8819549397403594,-0.014000993932019621,0.46425370861014226,True,95.04549375004915,11,0,CONVERGENCE: RELATIVE REDUCTION OF F <= FACTR*EPSMCH,3,3,2,0.0,1.9504549375004915e-08,True
184,0.9405233697509867,-0.0328807362960675,0.4943568432092428,True,-124.75526222646752,13,0,CONVERGENCE: RELATIVE REDUCTION OF F <= FACTR*EPSMCH,3,3,1,0.0,2.2475526222646753e-08,0.7919920844330837,-0.020747828338975125,0.44883188997246964,True,98.56292170924141,7,0,CONVERGENCE: RELATIVE REDUCTION OF F <= FACTR*EPSMCH,3,3,0,0.0,1.985629217092414e-08,True
185,0.9663681621414423,-0.010310526395857162,0.4833735898058613,True,-171.04322767830428,12,0,CONVERGENCE: RELATIVE REDUCTION OF F <= FACTR*EPSMCH,3,3,1,0.0,2.710432276783043e-08,0.8091552039954859,-0.010279090262754004,0.4358148241466015,True,52.98474937404126,14,0,CONVERGENCE: RELATIVE REDUCTION OF F <= FACTR*EPSMCH,3,3,1,0.0,1.5298474937404125e-08,True
186,0.9597054044299699,0.043443014545751855,0.49690251220271686,True,-116.70975904171537,13,0,CONVERGENCE: RELATIVE REDUCTION OF F <= FACTR*EPSMCH,3,3,1,0.0,2.1670975904171538e-08,0.8111310164634965,0.041110344960989365,0.4623338325134212,True,104.03928514112789,12,0,CONVERGENCE: RELATIVE REDUCTION OF F <= FACTR*EPSMCH,3,3,2,0.0,2.040392851411279e-08,True
187,1.0092330303812758,-0.0071264914064071835,0.5190715114171023,True,-96.55735058648415,12,0,CONVERGENCE: RELATIVE REDUCTION OF F <= FACTR*EPSMCH,3,3,1,0.0,1.9655735058648415e-08,0.8022634397553484,-0.007576834483513605,0.45691227256822126,True,93.35803312984962,14,0,CONVERGENCE: RELATIVE REDUCTION OF F <= FACTR*EPSMCH,3,3,1,0.0,1.9335803312984963e-08,True
188,1.0809513361912453,-0.018352522361889095,0.5115790913662598,True,-137.86146357132503,10,0,CONVERGENCE: RELATIVE REDUCTION OF F <= FACTR*EPSMCH,3,3,0,0.0,2.3786146357132502e-08,0.9568343888782694,-0.021318102362543473,0.48596339925603194,True,98.8057226828612,11,0,CONVERGENCE: RELATIVE REDUCTION OF F <= FACTR*EPSMCH,3,3,2,0.0,1.988057226828612e-08,True
189,1.0657116530317934,-0.058075881349019795,0.5153684453486486,True,-111.50208531894297,12,0,CONVERGENCE: RELATIVE REDUCTION OF F <= FACTR*EPSMCH,3,3,1,0.0,2.11502085318943e-08,0.8580797784313849,-0.04750770387414323,0.4566879487034311,True,89.68161030095706,13,0,CONVERGENCE: RELATIVE REDUCTION OF F <= FACTR*EPSMCH,3,3,2,0.0,1.8968161030095706e-08,True
190,0.9778708547854,-0.03258672425018217,0.5092488988799754,True,-84.91714014083246,10,0,CONVERGENCE: RELATIVE REDUCTION OF F <= FACTR*EPSMCH,3,3,0,0.0,1.8491714014083245e-08,0.7545571855514471,-0.03320981970457094,0.4496720886288541,True,91.95099936531489,11,0,CONVERGENCE: RELATIVE REDUCTION OF F <= FACTR*EPSMCH,3,3,2,0.0,1.919509993653149e-08,True
191,0.9013012178954198,-0.026460709211215835,0.49639954600448405,True,-112.98243329778603,10,0,CONVERGENCE: RELATIVE REDUCTION OF F <= FACTR*EPSMCH,3,3,0,0.0,2.1298243329778604e-08,0.7891872066586233,-0.03254635169463201,0.4665585920052494,True,134.94912210875214,9,0,CONVERGENCE: RELATIVE REDUCTION OF F <= FACTR*EPSMCH,3,3,0,0.0,2.3494912210875216e-08,True
192,0.9957767820638805,0.01974856949678205,0.5086398063210187,True,-100.38428433681545,13,0,CONVERGENCE: RELATIVE REDUCTION OF F <= FACTR*EPSMCH,3,3,1,0.0,2.0038428433681545e-08,0.8489615275052589,0.02788243907330227,0.4672219416976801,True,119.45226107249997,8,0,CONVERGENCE: RELATIVE REDUCTION OF F <= FACTR*EPSMCH,3,3,0,0.0,2.1945226107249996e-08,True
193,0.8320123491015499,0.007180574537256643,0.4961569431927906,True,-128.2990891580132,11,0,CONVERGENCE: RELATIVE REDUCTION OF F <= FACTR*EPSMCH,3,3,0,0.0,2.282990891580132e-08,0.7713926849436386,0.006114061859910977,0.4637312074255006,True,102.75574930868017,12,0,CONVERGENCE: RELATIVE REDUCTION OF F <= FACTR*EPSMCH,3,3,2,0.0,2.027557493086802e-08,True
194,1.0848249775440557,-0.054764116548879326,0.508484490109066,True,-124.6690261391577,12,0,CONVERGENCE: RELATIVE REDUCTION OF F <= FACTR*EPSMCH,3,3,1,0.0,2.246690261391577e-08,0.8952732527272865,-0.060154134231165265,0.46751803540322556,True,111.0314128828665,9,0,CONVERGENCE: RELATIVE REDUCTION OF F <= FACTR*EPSMCH,3,3,0,0.0,2.1103141288286653e-08,True
195,1.0782927947562928,-0.047778606687640064,0.5217936602487572,True,-92.80306657136526,11,0,CONVERGENCE: RELATIVE REDUCTION OF F <= FACTR*EPSMCH,3,3,0,0.0,1.9280306657136528e-08,0.8958856423692595,-0.06469091339145604,0.4661274750369995,True,95.7377770099969,14,0,CONVERGENCE: RELATIVE REDUCTION OF F <= FACTR*EPSMCH,3,3,1,0.0,1.957377770099969e-08,True
196,1.0512975057671317,-0.0016190453147318332,0.4892273619529653,True,-172.3074153137793,10,0,CONVERGENCE: RELATIVE REDUCTION OF F <= FACTR*EPSMCH,3,3,0,0.0,2.723074153137793e-08,0.9161678356118517,-0.016954448218744506,0.4565486778059495,True,74.21471627752418,6,0,CONVERGENCE: RELATIVE REDUCTION OF F <= FACTR*EPSMCH,3,3,0,0.0,1.7421471627752418e-08,True
197,0.9425479416379154,0.03849161295230926,0.5014632761289745,True,-109.47379031854919,10,0,CONVERGENCE: RELATIVE REDUCTION OF F <= FACTR*EPSMCH,3,3,2,0.0,2.0947379031854918e-08,0.8298440294259295,0.02199903903125745,0.46847117939051436,True,110.06810825992396,11,0,CONVERGENCE: RELATIVE REDUCTION OF F <= FACTR*EPSMCH,3,3,2,0.0,2.1006810825992397e-08,True
198,1.04027762865351,0.020906453422818327,0.49249041710368907,True,-119.80274747632751,10,0,CONVERGENCE: RELATIVE REDUCTION OF F <= FACTR*EPSMCH,3,3,0,0.0,2.198027474763275e-08,0.8870843657637573,0.02940075079044117,0.4442556027209164,True,60.85501231678082,13,0,CONVERGENCE: RELATIVE REDUCTION OF F <= FACTR*EPSMCH,3,3,1,0.0,1.6085501231678082e-08,True
199,1.1554293258559054,0.01154714544751116,0.5158404548770369,True,-95.77897250945782,12,0,CONVERGENCE: RELATIVE REDUCTION OF F <= FACTR*EPSMCH,3,3,1,0.0,1.957789725094578e-08,1.0067133193343851,0.013122804709632327,0.47799472220462785,True,102.50531683598008,13,0,CONVERGENCE: RELATIVE REDUCTION OF F <= FACTR*EPSMCH,3,3,1,0.0,2.025053168359801e-08,True
200,0.7617356078058016,0.017684592236559563,0.49458075076919317,True,-68.76495144089444,10,0,CONVERGENCE: RELATIVE REDUCTION OF F <= FACTR*EPSMCH,3,3,0,0.0,1.6876495144089444e-08,0.6525914639705457,0.007374194911687862,0.45948450940325,True,157.5177866818453,9,0,CONVERGENCE: RELATIVE REDUCTION OF F <= FACTR*EPSMCH,3,3,0,0.0,2.575177866818453e-08,True
201,1.037280045589492,-0.03179523366906789,0.48872687322146685,True,-178.78690225550858,11,0,CONVERGENCE: RELATIVE REDUCTION OF F <= FACTR*EPSMCH,3,3,0,0.0,2.787869022555086e-08,0.8677587220885327,-0.0263597566698232,0.4454754115863538,True,54.84069496071247,12,0,CONVERGENCE: RELATIVE REDUCTION OF F <= FACTR*EPSMCH,3,3,2,0.0,1.5484069496071248e-08,True
202,0.8705093898904017,-0.008634493491481496,0.4751055120304549,True,-153.35982579176004,11,0,CONVERGENCE: RELATIVE REDUCTION OF F <= FACTR*EPSMCH,3,3,0,0.0,2.5335982579176006e-08,0.7383355629791618,-0.0014918393737131063,0.4329531338544109,True,69.36355924579546,8,0,CONVERGENCE: RELATIVE REDUCTION OF F <= FACTR*EPSMCH,3,3,0,0.0,1.6936355924579546e-08,True
203,0.9017308959931483,0.0091028061694153,0.5025517271931832,True,-94.03512609653762,11,0,CONVERGENCE: RELATIVE REDUCTION OF F <= FACTR*EPSMCH,3,3,2,0.0,1.9403512609653763e-08,0.7290438038593431,0.01513802678363637,0.4515875103061696,True,106.31206177185231,11,0,CONVERGENCE: RELATIVE REDUCTION OF F <= FACTR*EPSMCH,3,3,2,0.0,2.063120617718523e-08,True
204,1.1552870257831682,0.02898784415744206,0.5203682452366579,True,-109.99841169075212,12,0,CONVERGENCE: RELATIVE REDUCTION OF F <= FACTR*EPSMCH,3,3,1,0.0,2.0999841169075213e-08,0.8722776241609096,0.026244288686310766,0.45906077774531195,True,80.46956994378372,12,0,CONVERGENCE: RELATIVE REDUCTION OF F <= FACTR*EPSMCH,3,3,2,0.0,1.8046956994378374e-08,True
205,1.1489192124819967,0.036853156418660896,0.5011615069135059,True,-152.22615208196356,13,0,CONVERGENCE: RELATIVE REDUCTION OF F <= FACTR*EPSMCH,3,3,1,0.0,2.5222615208196357e-08,0.9402227306915951,0.03535320367746916,0.45067330867860134,True,56.311396527198305,14,0,CONVERGENCE: RELATIVE REDUCTION OF F <= FACTR*EPSMCH,3,3,1,0.0,1.563113965271983e-08,True
206,0.950618865471658,0.03654462489318299,0.49210681449252625,True,-130.30757389258775,11,0,CONVERGENCE: NORM OF PROJECTED GRADIENT <= PGTOL,3,3,0,0.0,2.3030757389258777e-08,0.824885551779883,0.0292238004306864,0.4494466180126729,True,75.65268194831731,7,0,CONVERGENCE: RELATIVE REDUCTION OF F <= FACTR*EPSMCH,3,3,0,0.0,1.756526819483173e-08,True
207,0.9978591201968618,-0.007178904222463394,0.5125095044540653,True,-77.56939919120092,11,0,CONVERGENCE: RELATIVE REDUCTION OF F <= FACTR*EPSMCH,3,3,1,0.0,1.7756939919120092e-08,0.7568778257877922,-0.0027655076643960954,0.450417807516994,True,102.86979951738388,9,0,CONVERGENCE: RELATIVE REDUCTION OF F <= FACTR*EPSMCH,3,3,0,0.0,2.0286979951738387e-08,True
208,0.9857141956082736,-0.012696964795239903,0.5196103480601756,True,-94.99913754480296,10,0,CONVERGENCE: RELATIVE REDUCTION OF F <= FACTR*EPSMCH,3,3,0,0.0,1.9499913754480295e-08,0.806921935417709,-0.008436045904278048,0.46554607444652824,True,101.98024668325633,12,0,CONVERGENCE: RELATIVE REDUCTION OF F <= FACTR*EPSMCH,3,3,2,0.0,2.0198024668325633e-08,True
209,0.931196043488437,-0.01584504053692618,0.49009865755201637,True,-122.02653746270055,10,0,CONVERGENCE: RELATIVE REDUCTION OF F <= FACTR*EPSMCH,3,3,0,0.0,2.2202653746270056e-08,0.8037320796714448,-0.010709242769937313,0.4550590463506096,True,112.26874012175999,8,0,CONVERGENCE: RELATIVE REDUCTION OF F <= FACTR*EPSMCH,3,3,0,0.0,2.1226874012176e-08,True
210,0.8883051290532992,0.029735667245943034,0.4998785295687995,True,-111.56432268605926,13,0,CONVERGENCE: RELATIVE REDUCTION OF F <= FACTR*EPSMCH,3,3,1,0.0,2.1156432268605926e-08,0.6721468850108746,0.021843268400572654,0.4314848844241056,True,73.79565213258127,9,0,CONVERGENCE: RELATIVE REDUCTION OF F <= FACTR*EPSMCH,3,3,0,0.0,1.7379565213258128e-08,True
211,0.9116968875047476,-0.015911383477157832,0.50562767476749,True,-88.00232895741776,10,0,CONVERGENCE: RELATIVE REDUCTION OF F <= FACTR*EPSMCH,3,3,0,0.0,1.8800232895741776e-08,0.7226809254143831,-0.02250686538799005,0.4532890753618809,True,111.60636618734283,13,0,CONVERGENCE: RELATIVE REDUCTION OF F <= FACTR*EPSMCH,3,3,1,0.0,2.1160636618734284e-08,True
212,1.0268984252149753,-0.007631101853720277,0.5108421440708266,True,-120.62264203236832,11,0,CONVERGENCE: RELATIVE REDUCTION OF F <= FACTR*EPSMCH,3,3,0,0.0,2.2062264203236835e-08,0.8552938770203439,1.927756348919521e-08,0.4575193650559726,True,77.93975818047227,8,0,CONVERGENCE: RELATIVE REDUCTION OF F <= FACTR*EPSMCH,3,3,0,0.0,1.7793975818047227e-08,True
213,0.8566356177755957,-0.01616153302359746,0.4900802373840709,True,-110.31228246818097,14,0,CONVERGENCE: RELATIVE REDUCTION OF F <= FACTR*EPSMCH,3,3,1,0.0,2.1031228246818097e-08,0.7250951557132344,-0.0315387717120605,0.4515044165012767,True,99.8129069304263,12,0,CONVERGENCE: RELATIVE REDUCTION OF F <= FACTR*EPSMCH,3,3,2,0.0,1.998129069304263e-08,True
214,0.9042637000776514,-0.02627213570513402,0.5022960069880551,True,-100.43056148824579,10,0,CONVERGENCE: RELATIVE REDUCTION OF F <= FACTR*EPSMCH,3,3,0,0.0,2.004305614882458e-08,0.6974842627814177,-0.03271382373588914,0.4524625669218531,True,110.94869748057025,13,0,CONVERGENCE: RELATIVE REDUCTION OF F <= FACTR*EPSMCH,3,3,1,0.0,2.1094869748057027e-08,True
215,1.0636040205705226,0.0032690504557251077,0.49386667664752415,True,-154.68478877251079,12,0,CONVERGENCE: RELATIVE REDUCTION OF F <= FACTR*EPSMCH,3,3,1,0.0,2.546847887725108e-08,0.8692439889105377,0.0005578792154542422,0.4480281916316834,True,71.85971171015956,13,0,CONVERGENCE: RELATIVE REDUCTION OF F <= FACTR*EPSMCH,3,3,1,0.0,1.7185971171015955e-08,True
216,1.0158282909594503,0.03225135837796112,0.4984504511533552,True,-122.94798857501002,12,0,CONVERGENCE: RELATIVE REDUCTION OF F <= FACTR*EPSMCH,3,3,1,0.0,2.2294798857501e-08,0.8550024673157555,0.03381277431149221,0.46287908735046146,True,101.77305317024307,12,0,CONVERGENCE: RELATIVE REDUCTION OF F <= FACTR*EPSMCH,3,3,1,0.0,2.0177305317024306e-08,True
217,0.9969775950382583,-0.017375242911528328,0.4929402374536582,True,-122.49952190364125,12,0,CONVERGENCE: RELATIVE REDUCTION OF F <= FACTR*EPSMCH,3,3,1,0.0,2.2249952190364125e-08,0.7838785094108958,-0.01649944723555012,0.4422133671080721,True,82.2090572780163,11,0,CONVERGENCE: RELATIVE REDUCTION OF F <= FACTR*EPSMCH,3,3,2,0.0,1.8220905727801633e-08,True
218,1.050275772159996,-0.03250279221591623,0.48733165868137734,True,-153.20986689226396,10,0,CONVERGENCE: RELATIVE REDUCTION OF F <= FACTR*EPSMCH,3,3,0,0.0,2.5320986689226396e-08,0.806298383000681,-0.04905492797796639,0.43415560206036885,True,48.44081011715477,13,0,CONVERGENCE: RELATIVE REDUCTION OF F <= FACTR*EPSMCH,3,3,2,0.0,1.4844081011715478e-08,True
219,1.014876543172712,0.03918066507714948,0.5050766480011436,True,-115.90171329713344,9,0,CONVERGENCE: RELATIVE REDUCTION OF F <= FACTR*EPSMCH,3,3,0,0.0,2.1590171329713347e-08,0.8340107341407321,0.037197331481523856,0.4651139150607868,True,116.08245442902364,8,0,CONVERGENCE: RELATIVE REDUCTION OF F <= FACTR*EPSMCH,3,3,0,0.0,2.1608245442902364e-08,True
220,0.9877783173888821,-0.012291252298285604,0.4976114772954715,True,-117.79322168937578,13,0,CONVERGENCE: RELATIVE REDUCTION OF F <= FACTR*EPSMCH,3,3,1,0.0,2.177932216893758e-08,0.9257603623964448,-0.01972626445715776,0.4684303250820184,True,105.05491618359397,11,0,CONVERGENCE: RELATIVE REDUCTION OF F <= FACTR*EPSMCH,3,3,2,0.0,2.0505491618359398e-08,True
221,0.9232463371206016,0.0015381478530229601,0.48796382241604935,True,-155.5162262131631,12,0,CONVERGENCE: RELATIVE REDUCTION OF F <= FACTR*EPSMCH,3,3,1,0.0,2.555162262131631e-08,0.7337046129076218,0.00636954829307931,0.43440980481511093,True,47.78866277050897,6,0,CONVERGENCE: RELATIVE REDUCTION OF F <= FACTR*EPSMCH,3,3,0,0.0,1.4778866277050898e-08,True
222,0.9658719262829721,-0.006368105022127348,0.49780215523021787,True,-110.51244268952559,10,0,CONVERGENCE: RELATIVE REDUCTION OF F <= FACTR*EPSMCH,3,3,0,0.0,2.105124426895256e-08,0.7742622502117051,-0.009449439103354756,0.45044973770366464,True,97.34206258319443,12,0,CONVERGENCE: RELATIVE REDUCTION OF F <= FACTR*EPSMCH,3,3,2,0.0,1.9734206258319442e-08,True
223,1.01482987259621,0.015838968886950085,0.49656565932503033,True,-140.27687928038227,10,0,CONVERGENCE: RELATIVE REDUCTION OF F <= FACTR*EPSMCH,3,3,2,0.0,2.4027687928038226e-08,0.8767154029019163,0.019245965110563538,0.4606654199311078,True,88.60642627418659,8,0,CONVERGENCE: NORM OF PROJECTED GRADIENT <= PGTOL,3,3,0,0.0,1.886064262741866e-08,True
224,1.0178892668296253,-0.026333336926130234,0.5096209676800297,True,-104.96454900361277,10,0,CONVERGENCE: RELATIVE REDUCTION OF F <= FACTR*EPSMCH,3,3,0,0.0,2.0496454900361278e-08,0.9266527487665304,-0.016262171884598987,0.4641993132906537,True,96.23613721470585,8,0,CONVERGENCE: RELATIVE REDUCTION OF F <= FACTR*EPSMCH,3,3,0,0.0,1.9623613721470586e-08,True
225,1.0815051811836571,-0.008417940499162802,0.5112506731774342,True,-110.24080140882089,10,0,CONVERGENCE: RELATIVE REDUCTION OF F <= FACTR*EPSMCH,3,3,2,0.0,2.102408014088209e-08,0.8316186218916116,-0.01248202570673598,0.45019760393241437,True,95.74871560035554,7,0,CONVERGENCE: RELATIVE REDUCTION OF F <= FACTR*EPSMCH,3,3,0,0.0,1.9574871560035557e-08,True
226,1.0921506001325532,0.011121813098073943,0.5074695397573481,True,-128.73134636833305,11,0,CONVERGENCE: RELATIVE REDUCTION OF F <= FACTR*EPSMCH,3,3,0,0.0,2.2873134636833306e-08,0.8840311941495702,0.023014342669769823,0.45707488027111026,True,90.3535918274164,9,0,CONVERGENCE: RELATIVE REDUCTION OF F <= FACTR*EPSMCH,3,3,0,0.0,1.9035359182741638e-08,True
227,1.1035118459383897,-0.012646580786511805,0.5072223402502801,True,-130.98271112881733,10,0,CONVERGENCE: RELATIVE REDUCTION OF F <= FACTR*EPSMCH,3,3,2,0.0,2.3098271112881735e-08,0.8351290075411549,-0.015863891962778324,0.4430714140788951,True,52.64480956642788,10,0,CONVERGENCE: RELATIVE REDUCTION OF F <= FACTR*EPSMCH,3,3,0,0.0,1.5264480956642787e-08,True
228,0.9782688137657551,0.011988149199482882,0.49627697877748483,True,-117.90172861993491,10,0,CONVERGENCE: RELATIVE REDUCTION OF F <= FACTR*EPSMCH,3,3,0,0.0,2.1790172861993492e-08,0.8186042406151828,0.004018802812601938,0.4571106829598974,True,109.95399169125925,9,0,CONVERGENCE: RELATIVE REDUCTION OF F <= FACTR*EPSMCH,3,3,0,0.0,2.0995399169125926e-08,True
229,0.9642006256762738,-0.0012073885024460349,0.48225449017900146,True,-139.69075432152195,11,0,CONVERGENCE: RELATIVE REDUCTION OF F <= FACTR*EPSMCH,3,3,0,0.0,2.3969075432152195e-08,0.8532375062878599,-0.006891549861528529,0.44718963090445873,True,61.1416727990193,13,0,CONVERGENCE: RELATIVE REDUCTION OF F <= FACTR*EPSMCH,3,3,2,0.0,1.611416727990193e-08,True
230,0.9452303569821139,0.02748038394376426,0.49843468209352837,True,-129.22941063542586,11,0,CONVERGENCE: RELATIVE REDUCTION OF F <= FACTR*EPSMCH,3,3,2,0.0,2.292294106354259e-08,0.7999316278339754,0.02926828862512561,0.46601535354988943,True,118.09803957969805,13,0,CONVERGENCE: RELATIVE REDUCTION OF F <= FACTR*EPSMCH,3,3,1,0.0,2.1809803957969807e-08,True
231,1.0684192522393074,-0.03368551636714472,0.5176558362248075,True,-96.18534149283965,10,0,CONVERGENCE: RELATIVE REDUCTION OF F <= FACTR*EPSMCH,3,3,0,0.0,1.9618534149283967e-08,0.8054973371527978,-0.028130967971186138,0.4565577973799945,True,104.65385215376925,14,0,CONVERGENCE: RELATIVE REDUCTION OF F <= FACTR*EPSMCH,3,3,1,0.0,2.0465385215376926e-08,True
232,0.8843827141178617,-0.0034400360470183185,0.48470764803378596,True,-121.77478151136043,11,0,CONVERGENCE: RELATIVE REDUCTION OF F <= FACTR*EPSMCH,3,3,0,0.0,2.2177478151136043e-08,0.7926395664659368,0.007417010251485838,0.4440074365804637,True,76.46749164963863,13,0,CONVERGENCE: RELATIVE REDUCTION OF F <= FACTR*EPSMCH,3,3,1,0.0,1.7646749164963864e-08,True
233,1.030209348699746,-0.004617912244184228,0.5060866990924305,True,-89.22999501301535,12,0,CONVERGENCE: RELATIVE REDUCTION OF F <= FACTR*EPSMCH,3,3,1,0.0,1.8922999501301534e-08,0.7276850058992569,-0.000611015870888136,0.4338196335723766,True,78.45445468009211,11,0,CONVERGENCE: RELATIVE REDUCTION OF F <= FACTR*EPSMCH,3,3,2,0.0,1.7845445468009213e-08,True
234,1.170845820165833,-0.010302596466586832,0.5167276942921369,True,-137.96000566090134,10,0,CONVERGENCE: RELATIVE REDUCTION OF F <= FACTR*EPSMCH,3,3,0,0.0,2.3796000566090135e-08,0.9296974945872031,0.003032590373010175,0.45976724401203717,True,78.98609051098595,9,0,CONVERGENCE: RELATIVE REDUCTION OF F <= FACTR*EPSMCH,3,3,0,0.0,1.7898609051098597e-08,True
235,1.0420711628245078,-0.0005306474229054538,0.5071044752775868,True,-141.9838071478428,10,0,CONVERGENCE: RELATIVE REDUCTION OF F <= FACTR*EPSMCH,3,3,0,0.0,2.4198380714784282e-08,0.8401462130216085,-0.0019298756797969645,0.45831200648993453,True,88.75712004898881,13,0,CONVERGENCE: RELATIVE REDUCTION OF F <= FACTR*EPSMCH,3,3,2,0.0,1.8875712004898882e-08,True
236,1.0620051214265442,0.02699956720672159,0.5072986833513681,True,-91.04826981052929,10,0,CONVERGENCE: RELATIVE REDUCTION OF F <= FACTR*EPSMCH,3,3,0,0.0,1.910482698105293e-08,0.8504429042766563,0.030786130885359916,0.45423637587782967,True,86.59503228992834,11,0,CONVERGENCE: RELATIVE REDUCTION OF F <= FACTR*EPSMCH,3,3,2,0.0,1.8659503228992836e-08,True
237,1.0084684047274433,0.020480332115154366,0.4986427720190505,True,-115.9446277278559,10,0,CONVERGENCE: RELATIVE REDUCTION OF F <= FACTR*EPSMCH,3,3,2,0.0,2.159446277278559e-08,0.7547998745200856,0.033626079295052375,0.4363870002054792,True,69.06114871995054,12,0,CONVERGENCE: RELATIVE REDUCTION OF F <= FACTR*EPSMCH,3,3,2,0.0,1.6906114871995054e-08,True
238,0.9595256735616274,0.007743133645125551,0.4940903747027306,True,-133.37387019274797,10,0,CONVERGENCE: RELATIVE REDUCTION OF F <= FACTR*EPSMCH,3,3,0,0.0,2.3337387019274797e-08,0.7561797048356582,0.008548513137477834,0.44044891056201163,True,82.20550961062608,12,0,CONVERGENCE: RELATIVE REDUCTION OF F <= FACTR*EPSMCH,3,3,2,0.0,1.822055096106261e-08,True
239,1.0780508207106658,-0.012973631664694741,0.5186438047663172,True,-117.82985489154268,10,0,CONVERGENCE: RELATIVE REDUCTION OF F <= FACTR*EPSMCH,3,3,0,0.0,2.178298548915427e-08,0.8879756472898575,-0.015241609684086856,0.47695233336090004,True,100.53158935340113,12,0,CONVERGENCE: RELATIVE REDUCTION OF F <= FACTR*EPSMCH,3,3,1,0.0,2.0053158935340114e-08,True
240,0.8893606764800251,0.02439085590723445,0.49541718112560934,True,-137.37069350849444,10,0,CONVERGENCE: RELATIVE REDUCTION OF F <= FACTR*EPSMCH,3,3,0,0.0,2.3737069350849446e-08,0.6917978276840843,0.024027254519296513,0.43660497803167053,True,78.71056375208963,12,0,CONVERGENCE: RELATIVE REDUCTION OF F <= FACTR*EPSMCH,3,3,2,0.0,1.7871056375208963e-08,True
241,0.9888375471317024,0.05803530121824221,0.48557553362474304,True,-141.25777734417983,10,0,CONVERGENCE: RELATIVE REDUCTION OF F <= FACTR*EPSMCH,3,3,0,0.0,2.4125777734417983e-08,0.8228745329369741,0.05838215060803049,0.446209700588303,True,64.62029596965124,9,0,CONVERGENCE: RELATIVE REDUCTION OF F <= FACTR*EPSMCH,3,3,0,0.0,1.6462029596965122e-08,True
242,1.0023503685777708,-0.011787839855184027,0.5067798251933063,True,-127.73488499910549,10,0,CONVERGENCE: RELATIVE REDUCTION OF F <= FACTR*EPSMCH,3,3,0,0.0,2.2773488499910552e-08,0.8390452751380739,-0.010001815794851213,0.46043860290125943,True,90.2435733048636,14,0,CONVERGENCE: RELATIVE REDUCTION OF F <= FACTR*EPSMCH,3,3,1,0.0,1.902435733048636e-08,True
243,0.9833050361969744,-0.006753737962265714,0.4982137155253559,True,-109.50882393982266,12,0,CONVERGENCE: RELATIVE REDUCTION OF F <= FACTR*EPSMCH,3,3,1,0.0,2.0950882393982267e-08,0.8431640252444339,-0.007730800134804693,0.45423030156302957,True,84.55053847149902,13,0,CONVERGENCE: RELATIVE REDUCTION OF F <= FACTR*EPSMCH,3,3,2,0.0,1.8455053847149903e-08,True
244,0.9097064888027315,-0.0016270461248433855,0.4907013313630989,True,-86.43046563131226,13,0,CONVERGENCE: RELATIVE REDUCTION OF F <= FACTR*EPSMCH,3,3,1,0.0,1.8643046563131225e-08,0.7677549583667408,0.007487685504643086,0.4545208884920543,True,115.15241995796472,14,0,CONVERGENCE: RELATIVE REDUCTION OF F <= FACTR*EPSMCH,3,3,1,0.0,2.1515241995796475e-08,True
245,0.9595461999154922,0.005608081229532518,0.5076671213156033,True,-119.28146846447703,13,0,CONVERGENCE: RELATIVE REDUCTION OF F <= FACTR*EPSMCH,3,3,1,0.0,2.1928146846447704e-08,0.6897803700036594,-0.005221468096375547,0.43599617833604654,True,65.34882909192933,10,0,CONVERGENCE: RELATIVE REDUCTION OF F <= FACTR*EPSMCH,3,3,0,0.0,1.6534882909192934e-08,True
246,0.9125662273622122,-0.03198872070531253,0.5052102262059786,True,-98.29126785184793,11,0,CONVERGENCE: RELATIVE REDUCTION OF F <= FACTR*EPSMCH,3,3,0,0.0,1.9829126785184794e-08,0.8448312354595178,-0.021119707442104688,0.48216527866727005,True,139.8196576402716,12,0,CONVERGENCE: RELATIVE REDUCTION OF F <= FACTR*EPSMCH,3,3,2,0.0,2.398196576402716e-08,True
247,0.9368449149393158,0.019393183194772453,0.4894540008301214,True,-150.53651859893944,13,0,CONVERGENCE: RELATIVE REDUCTION OF F <= FACTR*EPSMCH,3,3,1,0.0,2.5053651859893943e-08,0.751349511289926,0.030443869002031852,0.4431897101898537,True,64.28428937224663,13,0,CONVERGENCE: RELATIVE REDUCTION OF F <= FACTR*EPSMCH,3,3,1,0.0,1.6428428937224662e-08,True
248,1.0140047050414627,0.004845553890403973,0.5163432309194993,True,-123.1986103284947,10,0,CONVERGENCE: RELATIVE REDUCTION OF F <= FACTR*EPSMCH,3,3,0,0.0,2.231986103284947e-08,0.8533742340934339,0.010528980646072257,0.47491011151542384,True,117.5141256084521,9,0,CONVERGENCE: RELATIVE REDUCTION OF F <= FACTR*EPSMCH,3,3,0,0.0,2.175141256084521e-08,True
249,1.029905995479867,0.040867806168157536,0.5248330246121414,True,-61.18561122182851,10,0,CONVERGENCE: RELATIVE REDUCTION OF F <= FACTR*EPSMCH,3,3,0,0.0,1.611856112218285e-08,0.873391430292605,0.052503071772152916,0.49219917925882345,True,164.7706986060553,12,0,CONVERGENCE: RELATIVE REDUCTION OF F <= FACTR*EPSMCH,3,3,1,0.0,2.647706986060553e-08,True
250,1.091000662672292,-0.0036792682909056033,0.485440373502951,True,-171.02946511286592,10,0,CONVERGENCE: RELATIVE REDUCTION OF F <= FACTR*EPSMCH,3,3,0,0.0,2.7102946511286594e-08,0.8416105287541762,-0.016031851010501006,0.4359179166619693,True,50.183970122795245,13,0,CONVERGENCE: RELATIVE REDUCTION OF F <= FACTR*EPSMCH,3,3,2,0.0,1.5018397012279526e-08,True
251,1.0239103789219164,0.007053343056185028,0.4877072926710466,True,-156.05273704691967,10,0,CONVERGENCE: RELATIVE REDUCTION OF F <= FACTR*EPSMCH,3,3,0,0.0,2.560527370469197e-08,0.7946132857469682,0.011192982228593832,0.4412198143385061,True,69.33572876477814,12,0,CONVERGENCE: RELATIVE REDUCTION OF F <= FACTR*EPSMCH,3,3,1,0.0,1.6933572876477815e-08,True
252,1.0031123924477057,-0.027689170198934562,0.49721934924871886,True,-124.3782376669392,9,0,CONVERGENCE: RELATIVE REDUCTION OF F <= FACTR*EPSMCH,3,3,2,0.0,2.2437823766693922e-08,0.7784713512784249,-0.01780327722093234,0.43585442543264663,True,63.143920355208216,14,0,CONVERGENCE: RELATIVE REDUCTION OF F <= FACTR*EPSMCH,3,3,1,0.0,1.6314392035520822e-08,True
253,0.9106059240732811,0.02043186966692251,0.5060776411990295,True,-122.12128051185246,11,0,CONVERGENCE: RELATIVE REDUCTION OF F <= FACTR*EPSMCH,3,3,0,0.0,2.2212128051185247e-08,0.7547326468513886,0.022426364565292987,0.4633317341056222,True,99.25223355566513,11,0,CONVERGENCE: RELATIVE REDUCTION OF F <= FACTR*EPSMCH,3,3,2,0.0,1.9925223355566514e-08,True
254,0.9699471509610983,-0.014217125109857894,0.4852826979380545,True,-145.9353134641504,10,0,CONVERGENCE: RELATIVE REDUCTION OF F <= FACTR*EPSMCH,3,3,0,0.0,2.4593531346415043e-08,0.7989399792416554,-0.024520634109545702,0.4404411027660519,True,58.219420005500524,14,0,CONVERGENCE: RELATIVE REDUCTION OF F <= FACTR*EPSMCH,3,3,1,0.0,1.582194200055005e-08,True
255,1.0063961175838885,0.0033023633730073056,0.4887057976866167,True,-132.60688553054172,12,0,CONVERGENCE: RELATIVE REDUCTION OF F <= FACTR*EPSMCH,3,3,1,0.0,2.3260688553054174e-08,0.8489467376718944,-0.007362255622447329,0.4585088183761249,True,103.03595081489216,13,0,CONVERGENCE: RELATIVE REDUCTION OF F <= FACTR*EPSMCH,3,3,1,0.0,2.0303595081489216e-08,True
256,1.2533864769994976,0.04190111546484608,0.5250693158955523,True,-118.5822693230307,13,0,CONVERGENCE: RELATIVE REDUCTION OF F <= FACTR*EPSMCH,3,3,1,0.0,2.185822693230307e-08,0.9355251318179812,0.03294656976579592,0.4563420181814971,True,69.17152695114461,13,0,CONVERGENCE: RELATIVE REDUCTION OF F <= FACTR*EPSMCH,3,3,1,0.0,1.6917152695114462e-08,True
257,0.9601406996712027,0.03293758891123732,0.5060551172466897,True,-104.28796021363996,12,0,CONVERGENCE: RELATIVE REDUCTION OF F <= FACTR*EPSMCH,3,3,1,0.0,2.0428796021363996e-08,0.841629907446007,0.013289333132186708,0.46509381074944617,True,113.3819908686054,13,0,CONVERGENCE: RELATIVE REDUCTION OF F <= FACTR*EPSMCH,3,3,1,0.0,2.1338199086860538e-08,True
258,0.7892320541093505,-0.013778356204559333,0.4952640190549572,True,-94.65608451265157,13,0,CONVERGENCE: RELATIVE REDUCTION OF F <= FACTR*EPSMCH,3,3,1,0.0,1.946560845126516e-08,0.7053083298114715,-0.002849590488208006,0.4545103771288087,True,114.12458535208339,13,0,CONVERGENCE: RELATIVE REDUCTION OF F <= FACTR*EPSMCH,3,3,1,0.0,2.141245853520834e-08,True
259,1.07527283276819,-0.004668907820780517,0.5020504178726535,True,-124.76819168621914,12,0,CONVERGENCE: RELATIVE REDUCTION OF F <= FACTR*EPSMCH,3,3,1,0.0,2.2476819168621915e-08,0.9558982346100044,-0.0019787058561982836,0.461308457274981,True,88.07276658810363,7,0,CONVERGENCE: RELATIVE REDUCTION OF F <= FACTR*EPSMCH,3,3,0,0.0,1.8807276658810364e-08,True
260,1.1142341759857308,-0.023925818908222245,0.49548334307151093,True,-169.08776465334978,10,0,CONVERGENCE: RELATIVE REDUCTION OF F <= FACTR*EPSMCH,3,3,0,0.0,2.6908776465334978e-08,0.9131239997998224,-0.013543056216459114,0.4496052935860884,True,54.92150980073629,13,0,CONVERGENCE: RELATIVE REDUCTION OF F <= FACTR*EPSMCH,3,3,2,0.0,1.549215098007363e-08,True
261,1.1219744247165464,0.056834347864070434,0.508211823901817,True,-125.88461370699156,10,0,CONVERGENCE: RELATIVE REDUCTION OF F <= FACTR*EPSMCH,3,3,0,0.0,2.2588461370699157e-08,0.9037478049893516,0.04453245050337531,0.4539916527942515,True,66.0094725836812,7,0,CONVERGENCE: RELATIVE REDUCTION OF F <= FACTR*EPSMCH,3,3,0,0.0,1.660094725836812e-08,True
262,1.2273820183697233,0.011169057828501945,0.5267700559455111,True,-86.19482868164808,11,0,CONVERGENCE: RELATIVE REDUCTION OF F <= FACTR*EPSMCH,3,3,2,0.0,1.861948286816481e-08,0.9158579464612252,0.020447638299341226,0.45625389520592,True,86.84934733315328,13,0,CONVERGENCE: RELATIVE REDUCTION OF F <= FACTR*EPSMCH,3,3,1,0.0,1.868493473331533e-08,True
263,0.9155390998260928,-0.03166519343331258,0.49696197595995895,True,-136.59396485467144,9,0,CONVERGENCE: RELATIVE REDUCTION OF F <= FACTR*EPSMCH,3,3,2,0.0,2.3659396485467144e-08,0.6833787822471536,-0.028980589786431227,0.4323050096974512,True,75.15581471590777,13,0,CONVERGENCE: RELATIVE REDUCTION OF F <= FACTR*EPSMCH,3,3,1,0.0,1.7515581471590776e-08,True
264,0.9345158890180707,-0.022482018500136074,0.5107913735560491,True,-89.69020258509532,10,0,CONVERGENCE: RELATIVE REDUCTION OF F <= FACTR*EPSMCH,3,3,0,0.0,1.8969020258509535e-08,0.7056573815708789,-0.02376297478965165,0.45565155121825196,True,119.40953265601476,12,0,CONVERGENCE: RELATIVE REDUCTION OF F <= FACTR*EPSMCH,3,3,2,0.0,2.1940953265601477e-08,True
265,1.1512541109667498,0.0446563291500442,0.5235190944030251,True,-85.44728796614069,10,0,CONVERGENCE: RELATIVE REDUCTION OF F <= FACTR*EPSMCH,3,3,0,0.0,1.854472879661407e-08,0.8792810621019238,0.046947128416325666,0.46263120936589514,True,105.6735121499751,10,0,CONVERGENCE: RELATIVE REDUCTION OF F <= FACTR*EPSMCH,3,3,2,0.0,2.056735121499751e-08,True
266,1.0220966368230284,0.020922025132486793,0.4949577950008206,True,-134.60087451171535,11,0,CONVERGENCE: RELATIVE REDUCTION OF F <= FACTR*EPSMCH,3,3,2,0.0,2.3460087451171534e-08,0.8361491899044616,0.016769648621726176,0.45195082906644524,True,81.89839492934856,12,0,CONVERGENCE: RELATIVE REDUCTION OF F <= FACTR*EPSMCH,3,3,2,0.0,1.8189839492934858e-08,True
267,0.960895726072363,0.002933425088600409,0.5151981280438522,True,-82.98731625587772,10,0,CONVERGENCE: RELATIVE REDUCTION OF F <= FACTR*EPSMCH,3,3,0,0.0,1.829873162558777e-08,0.7982856754884918,-0.01485793789817353,0.46879314196685784,True,134.9484422415105,8,0,CONVERGENCE: RELATIVE REDUCTION OF F <= FACTR*EPSMCH,3,3,0,0.0,2.349484422415105e-08,True
268,1.0152124650823537,0.07760649464524122,0.5104315799037883,True,-111.37955111324851,10,0,CONVERGENCE: RELATIVE REDUCTION OF F <= FACTR*EPSMCH,3,3,0,0.0,2.113795511132485e-08,0.7765010650387546,0.07262613171323948,0.45274231262275944,True,96.23922950794103,11,0,CONVERGENCE: RELATIVE REDUCTION OF F <= FACTR*EPSMCH,3,3,2,0.0,1.9623922950794105e-08,True
269,1.083495295173786,-0.0402040119689867,0.5151286318166483,True,-121.41214879666275,11,0,CONVERGENCE: RELATIVE REDUCTION OF F <= FACTR*EPSMCH,3,3,0,0.0,2.2141214879666276e-08,0.7960425900010125,-0.054430427572505276,0.4370265541271454,True,62.27951820514717,12,0,CONVERGENCE: RELATIVE REDUCTION OF F <= FACTR*EPSMCH,3,3,2,0.0,1.6227951820514717e-08,True
270,0.9158227372250851,0.006907360982941965,0.49285190289802927,True,-126.06215125436574,13,0,CONVERGENCE: RELATIVE REDUCTION OF F <= FACTR*EPSMCH,3,3,1,0.0,2.2606215125436576e-08,0.7101984940292165,-0.00913939440444095,0.45183947109420214,True,94.69481361038687,11,0,CONVERGENCE: RELATIVE REDUCTION OF F <= FACTR*EPSMCH,3,3,2,0.0,1.9469481361038686e-08,True
271,1.0791060529408507,-0.030415325722261733,0.49408907854436207,True,-137.3524230551705,12,0,CONVERGENCE: RELATIVE REDUCTION OF F <= FACTR*EPSMCH,3,3,1,0.0,2.3735242305517053e-08,0.874389122300168,-0.021539452206156946,0.4477789389756626,True,71.46171925609875,13,0,CONVERGENCE: RELATIVE REDUCTION OF F <= FACTR*EPSMCH,3,3,1,0.0,1.7146171925609876e-08,True
272,0.9539357871459866,-0.053240761145887716,0.5030146723199825,True,-89.5320348071392,11,0,CONVERGENCE: RELATIVE REDUCTION OF F <= FACTR*EPSMCH,3,3,0,0.0,1.895320348071392e-08,0.694802430206115,-0.06012322217197914,0.43587094632250784,True,82.18266288441593,11,0,CONVERGENCE: RELATIVE REDUCTION OF F <= FACTR*EPSMCH,3,3,2,0.0,1.8218266288441595e-08,True
273,0.8730855894710587,-0.015906999181080052,0.484687464350184,True,-151.21386875981943,10,0,CONVERGENCE: RELATIVE REDUCTION OF F <= FACTR*EPSMCH,3,3,2,0.0,2.5121386875981944e-08,0.6900034770798142,-0.024260452503829435,0.4254190214293052,True,45.22719412724211,12,0,CONVERGENCE: NORM OF PROJECTED GRADIENT <= PGTOL,3,3,2,0.0,1.4522719412724212e-08,True
274,1.0682134583231562,-0.040231287012432296,0.4939865884533248,True,-144.0572615634058,10,0,CONVERGENCE: RELATIVE REDUCTION OF F <= FACTR*EPSMCH,3,3,2,0.0,2.4405726156340582e-08,0.8279740050186216,-0.04162483029471536,0.43594010506585557,True,52.11437150519267,13,0,CONVERGENCE: RELATIVE REDUCTION OF F <= FACTR*EPSMCH,3,3,2,0.0,1.5211437150519267e-08,True
275,1.0149927873648157,0.008458148826755142,0.5033225972806239,True,-156.9317909256147,10,0,CONVERGENCE: RELATIVE REDUCTION OF F <= FACTR*EPSMCH,3,3,0,0.0,2.5693179092561472e-08,0.8654522640297581,-0.0029895738527828263,0.46800306622223753,True,102.94374871657857,10,0,CONVERGENCE: RELATIVE REDUCTION OF F <= FACTR*EPSMCH,3,3,2,0.0,2.029437487165786e-08,True
276,0.9652970676357248,0.028972018998184284,0.47187857960430785,True,-203.67310694108,10,0,CONVERGENCE: RELATIVE REDUCTION OF F <= FACTR*EPSMCH,3,3,0,0.0,3.0367310694108e-08,0.7566673274658358,0.025409831936810484,0.41576622195060603,True,4.248294560237582,14,0,CONVERGENCE: RELATIVE REDUCTION OF F <= FACTR*EPSMCH,3,3,1,0.0,1.042482945602376e-08,True
277,1.0385269782504762,-0.00737824016453767,0.5036979362276042,True,-134.57961015377103,11,0,CONVERGENCE: RELATIVE REDUCTION OF F <= FACTR*EPSMCH,3,3,0,0.0,2.3457961015377104e-08,0.7698185649155108,-0.016883301500570047,0.43116706234211455,True,41.18546372143962,13,0,CONVERGENCE: NORM OF PROJECTED GRADIENT <= PGTOL,3,3,1,0.0,1.4118546372143962e-08,True
278,0.9559465756195982,0.03577359476639467,0.4822642472290821,True,-134.60823338835417,11,0,CONVERGENCE: RELATIVE REDUCTION OF F <= FACTR*EPSMCH,3,3,0,0.0,2.3460823338835417e-08,0.6336364971259343,0.03937623649541665,0.39924401062439413,True,9.886294734087096,12,0,CONVERGENCE: RELATIVE REDUCTION OF F <= FACTR*EPSMCH,3,3,2,0.0,1.098862947340871e-08,True
279,1.0303309824955504,0.022378403946661945,0.503822669909209,True,-114.71385815865276,10,0,CONVERGENCE: RELATIVE REDUCTION OF F <= FACTR*EPSMCH,3,3,0,0.0,2.1471385815865276e-08,0.8162545113699325,0.023152109646582774,0.44656170784725363,True,88.10739768404989,13,0,CONVERGENCE: RELATIVE REDUCTION OF F <= FACTR*EPSMCH,3,3,1,0.0,1.881073976840499e-08,True
280,1.0525355158279575,0.03433093213627716,0.4945496218075033,True,-153.01704345395154,10,0,CONVERGENCE: NORM OF PROJECTED GRADIENT <= PGTOL,3,3,2,0.0,2.5301704345395156e-08,0.9247924249557391,0.038375584606665306,0.4627565945163789,True,90.03568808270705,11,0,CONVERGENCE: RELATIVE REDUCTION OF F <= FACTR*EPSMCH,3,3,2,0.0,1.9003568808270705e-08,True
281,1.040595608254847,-0.005023150334047003,0.5047564635987946,True,-122.49312227925097,11,0,CONVERGENCE: RELATIVE REDUCTION OF F <= FACTR*EPSMCH,3,3,0,0.0,2.2249312227925098e-08,0.8962479102603652,0.006506824077030667,0.46277312850324226,True,75.49010401963513,13,0,CONVERGENCE: RELATIVE REDUCTION OF F <= FACTR*EPSMCH,3,3,1,0.0,1.7549010401963512e-08,True
282,1.0853361295141821,-0.03330264177135142,0.5239450587223932,True,-97.29935904222515,11,0,CONVERGENCE: RELATIVE REDUCTION OF F <= FACTR*EPSMCH,3,3,0,0.0,1.9729935904222515e-08,0.9171939593843998,-0.023868426925821477,0.47427934032065366,True,106.36046013451954,13,0,CONVERGENCE: RELATIVE REDUCTION OF F <= FACTR*EPSMCH,3,3,1,0.0,2.0636046013451957e-08,True
283,1.0888644186452778,0.04735668598976985,0.4936130535654379,True,-141.33656717862442,12,0,CONVERGENCE: RELATIVE REDUCTION OF F <= FACTR*EPSMCH,3,3,1,0.0,2.4133656717862444e-08,0.9125915011260909,0.05916668907382019,0.4479529638114697,True,71.05355150218557,13,0,CONVERGENCE: RELATIVE REDUCTION OF F <= FACTR*EPSMCH,3,3,2,0.0,1.7105355150218558e-08,True
284,0.8441588154196638,0.02717509902794612,0.49298971038799566,True,-101.43803275385353,11,0,CONVERGENCE: RELATIVE REDUCTION OF F <= FACTR*EPSMCH,3,3,2,0.0,2.0143803275385352e-08,0.6683558866549829,0.014856538088784838,0.4423306819456518,True,119.66514171581952,11,0,CONVERGENCE: RELATIVE REDUCTION OF F <= FACTR*EPSMCH,3,3,2,0.0,2.1966514171581953e-08,True
285,1.070308434078858,0.007988489059716157,0.5104463074319222,True,-120.06793302939992,10,0,CONVERGENCE: RELATIVE REDUCTION OF F <= FACTR*EPSMCH,3,3,2,0.0,2.2006793302939994e-08,0.8705553642174791,-0.0007536888582069144,0.4499511308493124,True,69.76477442938476,11,0,CONVERGENCE: RELATIVE REDUCTION OF F <= FACTR*EPSMCH,3,3,2,0.0,1.6976477442938478e-08,True
286,0.9134592168459972,-0.01009965392964124,0.49805543980534756,True,-147.73543993837185,10,0,CONVERGENCE: RELATIVE REDUCTION OF F <= FACTR*EPSMCH,3,3,0,0.0,2.4773543993837188e-08,0.8158906174085818,-0.022406068853883434,0.46877812020992826,True,102.33962183285671,12,0,CONVERGENCE: RELATIVE REDUCTION OF F <= FACTR*EPSMCH,3,3,2,0.0,2.023396218328567e-08,True
287,0.8818782244904396,-0.008838322973128422,0.4610265749892959,True,-175.75869659048482,10,0,CONVERGENCE: RELATIVE REDUCTION OF F <= FACTR*EPSMCH,3,3,0,0.0,2.7575869659048483e-08,0.7219748074743827,0.0006770129940268172,0.4173287512256895,True,25.32307325781451,12,0,CONVERGENCE: RELATIVE REDUCTION OF F <= FACTR*EPSMCH,3,3,2,0.0,1.2532307325781451e-08,True
288,0.844053371141523,-0.007829561407246494,0.48325190023665904,True,-116.78015902976378,11,0,CONVERGENCE: RELATIVE REDUCTION OF F <= FACTR*EPSMCH,3,3,0,0.0,2.167801590297638e-08,0.6316655984071359,-0.010218058965422612,0.4218799472669736,True,70.60995240625198,11,0,CONVERGENCE: RELATIVE REDUCTION OF F <= FACTR*EPSMCH,3,3,2,0.0,1.7060995240625197e-08,True
289,1.1121489421875665,-0.00877400804765098,0.515881911360017,True,-102.80758855150407,10,0,CONVERGENCE: RELATIVE REDUCTION OF F <= FACTR*EPSMCH,3,3,0,0.0,2.0280758855150405e-08,0.9190307614850084,-0.0007226966460222636,0.46211955144525585,True,96.09258957547115,9,0,CONVERGENCE: RELATIVE REDUCTION OF F <= FACTR*EPSMCH,3,3,0,0.0,1.9609258957547116e-08,True
290,0.9878695537256386,-6.107116387034696e-05,0.5022656118428506,True,-132.79214178642582,11,0,CONVERGENCE: RELATIVE REDUCTION OF F <= FACTR*EPSMCH,3,3,0,0.0,2.3279214178642582e-08,0.7516072902768058,0.012310984231375352,0.4396047198036962,True,63.981924343096146,12,0,CONVERGENCE: RELATIVE REDUCTION OF F <= FACTR*EPSMCH,3,3,2,0.0,1.6398192434309616e-08,True
291,1.2102362779690392,0.008143907310426487,0.5250651921856708,True,-97.07245299931758,13,0,CONVERGENCE: RELATIVE REDUCTION OF F <= FACTR*EPSMCH,3,3,1,0.0,1.970724529993176e-08,0.9269731922877285,0.01940715619780431,0.4694271285320249,True,99.98117519985279,8,0,CONVERGENCE: RELATIVE REDUCTION OF F <= FACTR*EPSMCH,3,3,0,0.0,1.999811751998528e-08,True
292,0.9222679117468319,-0.02940665475468232,0.49190556743637864,True,-129.43123795600644,11,0,CONVERGENCE: RELATIVE REDUCTION OF F <= FACTR*EPSMCH,3,3,0,0.0,2.2943123795600645e-08,0.8113832019391255,-0.015963757960401923,0.45827876791299615,True,107.02416606055397,12,0,CONVERGENCE: RELATIVE REDUCTION OF F <= FACTR*EPSMCH,3,3,2,0.0,2.0702416606055398e-08,True
293,0.9248098571577537,-0.027726481098644628,0.48233895321118714,True,-146.3490665335988,10,0,CONVERGENCE: RELATIVE REDUCTION OF F <= FACTR*EPSMCH,3,3,0,0.0,2.463490665335988e-08,0.7392313198361927,-0.03308074429172899,0.42278010944373573,True,22.3360174607174,7,0,CONVERGENCE: RELATIVE REDUCTION OF F <= FACTR*EPSMCH,3,3,0,0.0,1.223360174607174e-08,True
294,0.9451518313000133,-0.045880223686979665,0.5003994964663391,True,-105.73339782804022,10,0,CONVERGENCE: RELATIVE REDUCTION OF F <= FACTR*EPSMCH,3,3,0,0.0,2.057333978280402e-08,0.7510582529225179,-0.052048777305501254,0.4520273520380686,True,108.77916910790924,12,0,CONVERGENCE: RELATIVE REDUCTION OF F <= FACTR*EPSMCH,3,3,1,0.0,2.0877916910790927e-08,True
295,0.9138285072064021,0.024669876885277033,0.4936861912703776,True,-99.88322797138349,10,0,CONVERGENCE: RELATIVE REDUCTION OF F <= FACTR*EPSMCH,3,3,0,0.0,1.998832279713835e-08,0.6926826261195145,0.022983661551193354,0.44210946474604,True,92.62747192169627,11,0,CONVERGENCE: RELATIVE REDUCTION OF F <= FACTR*EPSMCH,3,3,2,0.0,1.9262747192169628e-08,True
296,1.045539991293613,-0.040287194384585674,0.5112270493491514,True,-115.98475643348942,10,0,CONVERGENCE: RELATIVE REDUCTION OF F <= FACTR*EPSMCH,3,3,0,0.0,2.159847564334894e-08,0.9018720797638057,-0.03799922381564831,0.4759560073749707,True,112.19093330616941,14,0,CONVERGENCE: RELATIVE REDUCTION OF F <= FACTR*EPSMCH,3,3,1,0.0,2.1219093330616943e-08,True
297,1.2722093860488313,-0.03264898740687815,0.5295520146462673,True,-115.12810470723414,11,0,CONVERGENCE: RELATIVE REDUCTION OF F <= FACTR*EPSMCH,3,3,2,0.0,2.1512810470723414e-08,0.9939170979434961,-0.04134790121500143,0.47697679590287845,True,91.73517483886852,10,0,CONVERGENCE: RELATIVE REDUCTION OF F <= FACTR*EPSMCH,3,3,0,0.0,1.9173517483886853e-08,True
298,0.9363783089049114,0.019159900342825577,0.4930760720282569,True,-140.17570818160567,10,0,CONVERGENCE: RELATIVE REDUCTION OF F <= FACTR*EPSMCH,3,3,0,0.0,2.4017570818160568e-08,0.7591928810195337,0.01390105037372355,0.441456750385707,True,60.14596975465321,12,0,CONVERGENCE: RELATIVE REDUCTION OF F <= FACTR*EPSMCH,3,3,2,0.0,1.6014596975465322e-08,True
299,1.1424185017493027,-0.019479989794441696,0.5021702325168174,True,-131.65190335322222,11,0,CONVERGENCE: RELATIVE REDUCTION OF F <= FACTR*EPSMCH,3,3,2,0.0,2.3165190335322222e-08,0.9854934926012922,-0.01401035765353207,0.4675620739566585,True,91.10360139438441,13,0,CONVERGENCE: RELATIVE REDUCTION OF F <= FACTR*EPSMCH,3,3,2,0.0,1.9110360139438444e-08,True
300,1.1215013243018388,0.015407730320467761,0.5129252778715749,True,-96.90387006649303,10,0,CONVERGENCE: RELATIVE REDUCTION OF F <= FACTR*EPSMCH,3,3,0,0.0,1.9690387006649302e-08,0.9240396169253137,0.021367339353653557,0.4588274744665513,True,92.89448586103694,6,0,CONVERGENCE: RELATIVE REDUCTION OF F <= FACTR*EPSMCH,3,3,0,0.0,1.9289448586103692e-08,True
301,1.049184590248303,0.006836174564914549,0.5149835060203075,True,-87.7193153183386,10,0,CONVERGENCE: RELATIVE REDUCTION OF F <= FACTR*EPSMCH,3,3,0,0.0,1.877193153183386e-08,0.8348849607828586,0.017922447341365944,0.4593105361859979,True,90.76981535219721,14,0,CONVERGENCE: NORM OF PROJECTED GRADIENT <= PGTOL,3,3,1,0.0,1.907698153521972e-08,True
302,1.0097508453751518,-0.003492150642733829,0.5068305955878574,True,-102.57936285326991,11,0,CONVERGENCE: RELATIVE REDUCTION OF F <= FACTR*EPSMCH,3,3,0,0.0,2.0257936285326994e-08,0.762013063136284,-0.027148835783597666,0.4443604632892422,True,79.09532279780845,12,0,CONVERGENCE: RELATIVE REDUCTION OF F <= FACTR*EPSMCH,3,3,2,0.0,1.7909532279780845e-08,True
303,1.0847334083163063,0.035640745258265424,0.5012518799397485,True,-173.11809152522264,10,0,CONVERGENCE: RELATIVE REDUCTION OF F <= FACTR*EPSMCH,3,3,0,0.0,2.7311809152522263e-08,0.9217330486931963,0.032303485904511986,0.46227805370161534,True,72.36035563511882,13,0,CONVERGENCE: RELATIVE REDUCTION OF F <= FACTR*EPSMCH,3,3,2,0.0,1.7236035563511883e-08,True
304,0.9638045932745811,0.0033380706468176804,0.5121782794118823,True,-89.55509889145455,11,0,CONVERGENCE: RELATIVE REDUCTION OF F <= FACTR*EPSMCH,3,3,0,0.0,1.8955509889145454e-08,0.8256862071189063,-0.0026437913871492466,0.47031447638660473,True,135.25745699720065,13,0,CONVERGENCE: RELATIVE REDUCTION OF F <= FACTR*EPSMCH,3,3,1,0.0,2.3525745699720064e-08,True
305,1.0065713555117919,0.011705210327716625,0.4844618951727756,True,-154.13367980758457,10,0,CONVERGENCE: RELATIVE REDUCTION OF F <= FACTR*EPSMCH,3,3,0,0.0,2.5413367980758458e-08,0.8250503757881451,0.008750795466682214,0.42903923859290616,True,31.697657577682484,13,0,CONVERGENCE: RELATIVE REDUCTION OF F <= FACTR*EPSMCH,3,3,2,0.0,1.3169765757768249e-08,True
306,0.9076301994118453,0.022843558363659904,0.4966349774044761,True,-85.3800515195659,10,0,CONVERGENCE: RELATIVE REDUCTION OF F <= FACTR*EPSMCH,3,3,0,0.0,1.8538005151956588e-08,0.6978060955804859,0.02173369216731805,0.4478035131842339,True,120.34519148746827,13,0,CONVERGENCE: RELATIVE REDUCTION OF F <= FACTR*EPSMCH,3,3,1,0.0,2.2034519148746828e-08,True
307,1.2788404969419225,0.013760884470152704,0.5207820201998327,True,-104.07109207140039,10,0,CONVERGENCE: RELATIVE REDUCTION OF F <= FACTR*EPSMCH,3,3,0,0.0,2.0407109207140038e-08,0.9654583998126798,0.014498541848933387,0.4495161735655665,True,66.93988430222221,7,0,CONVERGENCE: RELATIVE REDUCTION OF F <= FACTR*EPSMCH,3,3,0,0.0,1.6693988430222222e-08,True
308,1.0815916419356084,0.033811309034394346,0.5163737654501853,True,-107.26874156944125,11,0,CONVERGENCE: RELATIVE REDUCTION OF F <= FACTR*EPSMCH,3,3,2,0.0,2.0726874156944125e-08,0.8633904159491332,0.04264167354051871,0.455770940370708,True,92.04471220708893,7,0,CONVERGENCE: RELATIVE REDUCTION OF F <= FACTR*EPSMCH,3,3,0,0.0,1.9204471220708893e-08,True
309,0.9112675623584089,0.010551740010122213,0.49307763434808627,True,-105.9941495985648,12,0,CONVERGENCE: RELATIVE REDUCTION OF F <= FACTR*EPSMCH,3,3,1,0.0,2.0599414959856483e-08,0.6813750774318389,0.013577760389085846,0.4384749588616889,True,95.26609336552302,9,0,CONVERGENCE: RELATIVE REDUCTION OF F <= FACTR*EPSMCH,3,3,0,0.0,1.95266093365523e-08,True
310,0.939442667719624,-0.02912617566112861,0.5033111078741643,True,-128.62185466929964,11,0,CONVERGENCE: RELATIVE REDUCTION OF F <= FACTR*EPSMCH,3,3,0,0.0,2.2862185466929962e-08,0.7116572164511126,-0.05508900540774429,0.4472680038163577,True,93.8810304671548,9,0,CONVERGENCE: RELATIVE REDUCTION OF F <= FACTR*EPSMCH,3,3,0,0.0,1.938810304671548e-08,True
311,0.9076780310372086,-0.027623354210799506,0.49121763376237804,True,-112.1665656589498,9,0,CONVERGENCE: RELATIVE REDUCTION OF F <= FACTR*EPSMCH,3,3,2,0.0,2.1216656565894983e-08,0.762071977892845,-0.04365255416693584,0.4450697697808546,True,78.97139487452304,8,0,CONVERGENCE: RELATIVE REDUCTION OF F <= FACTR*EPSMCH,3,3,0,0.0,1.7897139487452307e-08,True
312,0.9020652848266688,0.005641856853628024,0.4795865697605885,True,-115.07815988112785,13,0,CONVERGENCE: RELATIVE REDUCTION OF F <= FACTR*EPSMCH,3,3,1,0.0,2.1507815988112783e-08,0.7366453353961828,0.0010400904400645187,0.4411543831450942,True,104.57803485688677,13,0,CONVERGENCE: RELATIVE REDUCTION OF F <= FACTR*EPSMCH,3,3,1,0.0,2.0457803485688676e-08,True
313,1.1093801618015786,-0.026017153748350615,0.48738811813227945,True,-149.11442416193694,10,0,CONVERGENCE: RELATIVE REDUCTION OF F <= FACTR*EPSMCH,3,3,2,0.0,2.4911442416193694e-08,0.7976070785535692,-0.029986388595009402,0.42091330727118315,True,33.73519029724401,13,0,CONVERGENCE: RELATIVE REDUCTION OF F <= FACTR*EPSMCH,3,3,1,0.0,1.3373519029724401e-08,True
314,0.9643818900129218,0.039825809024861374,0.5113993025511636,True,-86.71215716705109,12,0,CONVERGENCE: RELATIVE REDUCTION OF F <= FACTR*EPSMCH,3,3,1,0.0,1.867121571670511e-08,0.7658081240403569,0.050883693211249865,0.45643602807480693,True,102.0918948459548,12,0,CONVERGENCE: RELATIVE REDUCTION OF F <= FACTR*EPSMCH,3,3,1,0.0,2.020918948459548e-08,True
315,0.9448881331250008,0.0013610239224213082,0.49569625250727967,True,-136.04536430821074,10,0,CONVERGENCE: RELATIVE REDUCTION OF F <= FACTR*EPSMCH,3,3,2,0.0,2.3604536430821074e-08,0.7294981431199409,0.0003022155077175436,0.4355733102774845,True,50.88987637686903,11,0,CONVERGENCE: RELATIVE REDUCTION OF F <= FACTR*EPSMCH,3,3,2,0.0,1.5088987637686904e-08,True
316,1.1083145109756858,-0.008506168244769071,0.4972325088158779,True,-158.92860448363166,10,0,CONVERGENCE: RELATIVE REDUCTION OF F <= FACTR*EPSMCH,3,3,0,0.0,2.5892860448363167e-08,0.9215573327966132,-0.009527242904636852,0.44463747479801324,True,54.960951891602186,8,0,CONVERGENCE: RELATIVE REDUCTION OF F <= FACTR*EPSMCH,3,3,0,0.0,1.549609518916022e-08,True
317,0.9702840556811957,-0.005985615880717089,0.49725069229430924,True,-125.56742722010615,10,0,CONVERGENCE: RELATIVE REDUCTION OF F <= FACTR*EPSMCH,3,3,0,0.0,2.2556742722010618e-08,0.7601041006881292,-0.010891077818319462,0.44754624260370035,True,90.29351777665943,13,0,CONVERGENCE: RELATIVE REDUCTION OF F <= FACTR*EPSMCH,3,3,1,0.0,1.9029351777665946e-08,True
318,1.1297145521078857,-0.04159798466962164,0.5087142087906387,True,-140.01570077585768,10,0,CONVERGENCE: RELATIVE REDUCTION OF F <= FACTR*EPSMCH,3,3,0,0.0,2.400157007758577e-08,0.9581257252986785,-0.02770376025360669,0.4688201203732536,True,92.58362072244296,13,0,CONVERGENCE: RELATIVE REDUCTION OF F <= FACTR*EPSMCH,3,3,2,0.0,1.9258362072244296e-08,True
319,0.9402572009569033,-0.0542721153964376,0.4928090512763765,True,-127.46231246652283,13,0,CONVERGENCE: RELATIVE REDUCTION OF F <= FACTR*EPSMCH,3,3,1,0.0,2.2746231246652283e-08,0.7253784540145463,-0.05717819879910987,0.4304789465236432,True,62.244594515280035,13,0,CONVERGENCE: RELATIVE REDUCTION OF F <= FACTR*EPSMCH,3,3,1,0.0,1.6224459451528003e-08,True
320,0.8919224806944005,-0.01348985374175861,0.5040965398496172,True,-86.35101724247622,10,0,CONVERGENCE: RELATIVE REDUCTION OF F <= FACTR*EPSMCH,3,3,2,0.0,1.8635101724247624e-08,0.7231538928218505,-0.012415728207411264,0.44402730867262824,True,86.9363866338164,13,0,CONVERGENCE: RELATIVE REDUCTION OF F <= FACTR*EPSMCH,3,3,1,0.0,1.8693638663381638e-08,True
321,1.0357364597938181,-0.00026061806102995047,0.4892080302948916,True,-126.61266216052326,10,0,CONVERGENCE: RELATIVE REDUCTION OF F <= FACTR*EPSMCH,3,3,0,0.0,2.2661266216052326e-08,0.79400259858931,-0.007880830857058816,0.4329038417557021,True,56.06574253141454,14,0,CONVERGENCE: RELATIVE REDUCTION OF F <= FACTR*EPSMCH,3,3,1,0.0,1.5606574253141453e-08,True
322,1.0478457179158231,-0.01163205505359322,0.498943234760661,True,-114.03230368185272,11,0,CONVERGENCE: RELATIVE REDUCTION OF F <= FACTR*EPSMCH,3,3,2,0.0,2.1403230368185274e-08,0.8655423300330293,-0.02156274790561633,0.4491304575033932,True,82.94991495434033,13,0,CONVERGENCE: RELATIVE REDUCTION OF F <= FACTR*EPSMCH,3,3,2,0.0,1.8294991495434034e-08,True
323,1.034148944432963,0.042659215273426004,0.5052790488791172,True,-74.50499426887787,10,0,CONVERGENCE: RELATIVE REDUCTION OF F <= FACTR*EPSMCH,3,3,0,0.0,1.7450499426887788e-08,0.8986383004770536,0.047347501268762394,0.47647031122866246,True,145.15587645839014,7,0,CONVERGENCE: RELATIVE REDUCTION OF F <= FACTR*EPSMCH,3,3,0,0.0,2.4515587645839015e-08,True
324,0.9550670460481654,0.021318992989698412,0.5110888014112337,True,-99.44985519817772,10,0,CONVERGENCE: RELATIVE REDUCTION OF F <= FACTR*EPSMCH,3,3,0,0.0,1.994498551981777e-08,0.7728245771330762,0.008715949707145865,0.45409041722710736,True,107.16081991573759,11,0,CONVERGENCE: RELATIVE REDUCTION OF F <= FACTR*EPSMCH,3,3,2,0.0,2.071608199157376e-08,True
325,0.9964944757005585,0.020404730229478595,0.5159467065751209,True,-94.77693352972102,10,0,CONVERGENCE: RELATIVE REDUCTION OF F <= FACTR*EPSMCH,3,3,0,0.0,1.9477693352972104e-08,0.767306820050965,0.021946814884305152,0.4636268199490133,True,126.69626482315205,13,0,CONVERGENCE: RELATIVE REDUCTION OF F <= FACTR*EPSMCH,3,3,1,0.0,2.2669626482315205e-08,True
326,0.9282018976847841,0.02703012708272287,0.47901338791527165,True,-132.24369140671143,12,0,CONVERGENCE: RELATIVE REDUCTION OF F <= FACTR*EPSMCH,3,3,1,0.0,2.3224369140671144e-08,0.7391574777497216,0.02338209870397971,0.4288262409561476,True,67.30149935743212,11,0,CONVERGENCE: RELATIVE REDUCTION OF F <= FACTR*EPSMCH,3,3,2,0.0,1.6730149935743213e-08,True
327,0.9652649253183996,-0.033256294886949166,0.48593043573910116,True,-156.47896732693533,12,0,CONVERGENCE: RELATIVE REDUCTION OF F <= FACTR*EPSMCH,3,3,1,0.0,2.5647896732693534e-08,0.762941964660557,-0.03774838267843165,0.43859563590515976,True,59.45203524547587,8,0,CONVERGENCE: RELATIVE REDUCTION OF F <= FACTR*EPSMCH,3,3,0,0.0,1.594520352454759e-08,True
328,0.913730717409518,0.0029942712662618756,0.48708429213369453,True,-143.27876262046402,10,0,CONVERGENCE: RELATIVE REDUCTION OF F <= FACTR*EPSMCH,3,3,0,0.0,2.4327876262046402e-08,0.7762512856599214,0.0014545395978819305,0.44774341739041906,True,74.42851241004833,13,0,CONVERGENCE: RELATIVE REDUCTION OF F <= FACTR*EPSMCH,3,3,1,0.0,1.7442851241004834e-08,True
329,0.884643411980698,0.01786107954421141,0.5076921979104388,True,-76.08984389663505,13,0,CONVERGENCE: RELATIVE REDUCTION OF F <= FACTR*EPSMCH,3,3,1,0.0,1.7608984389663505e-08,0.7185904378099973,0.024845911679853686,0.45358747548671713,True,104.4696096163849,13,0,CONVERGENCE: RELATIVE REDUCTION OF F <= FACTR*EPSMCH,3,3,1,0.0,2.044696096163849e-08,True
330,1.0741779831117524,-0.0001770680079586275,0.4922538440073365,True,-147.36845267957355,12,0,CONVERGENCE: RELATIVE REDUCTION OF F <= FACTR*EPSMCH,3,3,1,0.0,2.4736845267957356e-08,0.901829973932812,0.0159917239558405,0.44647206226697056,True,61.12456672388635,7,0,CONVERGENCE: RELATIVE REDUCTION OF F <= FACTR*EPSMCH,3,3,0,0.0,1.6112456672388636e-08,True
331,0.9686715152796253,0.0033538808869462014,0.4777896967601433,True,-174.65563743321903,10,0,CONVERGENCE: RELATIVE REDUCTION OF F <= FACTR*EPSMCH,3,3,0,0.0,2.7465563743321905e-08,0.8304490443776809,0.00436081657550101,0.43191801089493187,True,33.20923441481128,13,0,CONVERGENCE: RELATIVE REDUCTION OF F <= FACTR*EPSMCH,3,3,1,0.0,1.3320923441481128e-08,True
332,1.0511062462624177,0.007214842217519051,0.4986784233446749,True,-118.12653125494288,11,0,CONVERGENCE: NORM OF PROJECTED GRADIENT <= PGTOL,3,3,0,0.0,2.1812653125494287e-08,0.9370841122834385,-0.005859934994057928,0.4559370546271228,True,65.85722603074586,12,0,CONVERGENCE: RELATIVE REDUCTION OF F <= FACTR*EPSMCH,3,3,2,0.0,1.6585722603074585e-08,True
333,1.0037958005136391,-0.016205821950581286,0.4826746181813009,True,-122.59727560900811,10,0,CONVERGENCE: RELATIVE REDUCTION OF F <= FACTR*EPSMCH,3,3,0,0.0,2.225972756090081e-08,0.7328053883063748,-0.011628196405239074,0.4137910167965982,True,47.000672142565904,13,0,CONVERGENCE: RELATIVE REDUCTION OF F <= FACTR*EPSMCH,3,3,2,0.0,1.4700067214256591e-08,True
334,1.043573957344993,-0.013101944960486445,0.48458181356529906,True,-159.037017240049,10,0,CONVERGENCE: RELATIVE REDUCTION OF F <= FACTR*EPSMCH,3,3,2,0.0,2.59037017240049e-08,0.7769149510460944,-0.010854086093418723,0.42695850383184525,True,40.98722104239213,11,0,CONVERGENCE: RELATIVE REDUCTION OF F <= FACTR*EPSMCH,3,3,2,0.0,1.4098722104239213e-08,True
335,0.9910404667827573,-0.011548863945783458,0.4892897175339999,True,-128.78999524034083,11,0,CONVERGENCE: RELATIVE REDUCTION OF F <= FACTR*EPSMCH,3,3,0,0.0,2.2878999524034084e-08,0.8553985984164532,0.0006733481696127085,0.46037929401689165,True,104.07281845856065,13,0,CONVERGENCE: RELATIVE REDUCTION OF F <= FACTR*EPSMCH,3,3,2,0.0,2.0407281845856067e-08,True
336,1.023304578460772,-0.027444567048812415,0.5160394314220837,True,-113.89543684670903,10,0,CONVERGENCE: RELATIVE REDUCTION OF F <= FACTR*EPSMCH,3,3,0,0.0,2.1389543684670904e-08,0.7711140874744193,-0.02777588791226501,0.4508791433973059,True,94.58453140137117,12,0,CONVERGENCE: RELATIVE REDUCTION OF F <= FACTR*EPSMCH,3,3,1,0.0,1.9458453140137118e-08,True
337,1.011039060369867,0.014767028794181914,0.4911652578486731,True,-149.93323787835968,11,0,CONVERGENCE: RELATIVE REDUCTION OF F <= FACTR*EPSMCH,3,3,2,0.0,2.499332378783597e-08,0.8756899453827097,0.01640156203217998,0.46167337864745184,True,83.01757180526583,11,0,CONVERGENCE: RELATIVE REDUCTION OF F <= FACTR*EPSMCH,3,3,2,0.0,1.8301757180526583e-08,True
338,1.1185071460610896,-0.06052071639353109,0.5048288866597848,True,-123.24153581422539,10,0,CONVERGENCE: RELATIVE REDUCTION OF F <= FACTR*EPSMCH,3,3,0,0.0,2.232415358142254e-08,0.9119814192323649,-0.05859048911317029,0.45836595697940513,True,77.93924275205408,9,0,CONVERGENCE: RELATIVE REDUCTION OF F <= FACTR*EPSMCH,3,3,0,0.0,1.7793924275205408e-08,True
339,0.909012535433251,-0.025318586676351517,0.5060658534887076,True,-90.3989988630877,13,0,CONVERGENCE: RELATIVE REDUCTION OF F <= FACTR*EPSMCH,3,3,1,0.0,1.903989988630877e-08,0.8059726798321297,-0.02490352091369646,0.47181154023835037,True,137.86492074763848,13,0,CONVERGENCE: RELATIVE REDUCTION OF F <= FACTR*EPSMCH,3,3,1,0.0,2.378649207476385e-08,True
340,1.0112528030003163,0.03215426998516485,0.4987140920155321,True,-122.82881063735468,13,0,CONVERGENCE: RELATIVE REDUCTION OF F <= FACTR*EPSMCH,3,3,1,0.0,2.228288106373547e-08,0.7563714591387612,0.04765289234188874,0.438440617269448,True,63.9732128495284,9,0,CONVERGENCE: RELATIVE REDUCTION OF F <= FACTR*EPSMCH,3,3,0,0.0,1.639732128495284e-08,True
341,0.9059054823311293,0.004202500791917738,0.4873557783956574,True,-156.04610037754065,12,0,CONVERGENCE: NORM OF PROJECTED GRADIENT <= PGTOL,3,3,1,0.0,2.5604610037754066e-08,0.6949151817109591,0.004131770047327375,0.4282473445912307,True,46.537358981024866,12,0,CONVERGENCE: RELATIVE REDUCTION OF F <= FACTR*EPSMCH,3,3,2,0.0,1.4653735898102488e-08,True
342,1.0332541104048023,-0.019742614738793456,0.5019881946035104,True,-130.41060158994753,12,0,CONVERGENCE: RELATIVE REDUCTION OF F <= FACTR*EPSMCH,3,3,1,0.0,2.3041060158994755e-08,0.8351948596271902,-0.030703666203681597,0.4636975685212662,True,98.55627032060937,11,0,CONVERGENCE: RELATIVE REDUCTION OF F <= FACTR*EPSMCH,3,3,2,0.0,1.9855627032060938e-08,True
343,0.8962839129780126,0.014865667246954224,0.4929358993410925,True,-113.57281840621778,11,0,CONVERGENCE: RELATIVE REDUCTION OF F <= FACTR*EPSMCH,3,3,0,0.0,2.135728184062178e-08,0.8561951704678509,0.009943738435750728,0.47016424244461746,True,105.70894557189658,8,0,CONVERGENCE: RELATIVE REDUCTION OF F <= FACTR*EPSMCH,3,3,0,0.0,2.057089455718966e-08,True
344,0.9801713523836583,0.04601825081194048,0.5013545573708746,True,-131.69995782982267,10,0,CONVERGENCE: RELATIVE REDUCTION OF F <= FACTR*EPSMCH,3,3,0,0.0,2.3169995782982268e-08,0.8222065575114762,0.03574154749227528,0.4581041032052078,True,90.33657656699626,13,0,CONVERGENCE: RELATIVE REDUCTION OF F <= FACTR*EPSMCH,3,3,1,0.0,1.9033657656699625e-08,True
345,0.9451522410637296,-0.016391655917661205,0.49398152639541515,True,-129.26602866723567,10,0,CONVERGENCE: RELATIVE REDUCTION OF F <= FACTR*EPSMCH,3,3,0,0.0,2.2926602866723568e-08,0.8337184103615197,-0.020973974990613643,0.464156499759094,True,111.43330970196072,7,0,CONVERGENCE: RELATIVE REDUCTION OF F <= FACTR*EPSMCH,3,2,0,1.2931877790833823e-12,2.1143330970195944e-08,True
346,1.0812623614691712,0.02894291892624941,0.5169124899231552,True,-103.69814938670362,11,0,CONVERGENCE: RELATIVE REDUCTION OF F <= FACTR*EPSMCH,3,3,2,0.0,2.036981493867036e-08,0.8722082498173469,0.02502136167735128,0.46793232622984265,True,111.846848460081,13,0,CONVERGENCE: RELATIVE REDUCTION OF F <= FACTR*EPSMCH,3,3,1,0.0,2.1184684846008103e-08,True
347,1.0393918692969228,-0.03178438611472827,0.5144287107881546,True,-89.9453282594481,10,0,CONVERGENCE: RELATIVE REDUCTION OF F <= FACTR*EPSMCH,3,3,2,0.0,1.8994532825944813e-08,0.8642518921047768,-0.04998036688423103,0.4665703847911949,True,112.06095358428135,8,0,CONVERGENCE: RELATIVE REDUCTION OF F <= FACTR*EPSMCH,3,3,0,0.0,2.1206095358428138e-08,True
348,1.0262880261241596,0.03548198598629344,0.49248291310432474,True,-132.4621609174966,10,0,CONVERGENCE: RELATIVE REDUCTION OF F <= FACTR*EPSMCH,3,3,2,0.0,2.324621609174966e-08,0.8058887104038566,0.03393675966441007,0.441147437766988,True,67.69318640800277,14,0,CONVERGENCE: RELATIVE REDUCTION OF F <= FACTR*EPSMCH,3,3,1,0.0,1.676931864080028e-08,True
349,0.9767950648503051,-0.017782208586855405,0.5104231420762197,True,-133.16091490691062,12,0,CONVERGENCE: RELATIVE REDUCTION OF F <= FACTR*EPSMCH,3,3,1,0.0,2.3316091490691064e-08,0.7902834263484986,-0.022615190306653554,0.4680002413021009,True,113.10742073390156,12,0,CONVERGENCE: RELATIVE REDUCTION OF F <= FACTR*EPSMCH,3,3,1,0.0,2.131074207339016e-08,True
350,1.0291027797939662,-0.007033807323335823,0.5027364689481693,True,-126.43820553788088,10,0,CONVERGENCE: RELATIVE REDUCTION OF F <= FACTR*EPSMCH,3,3,0,0.0,2.2643820553788086e-08,0.8535071864109768,-0.012121944927919574,0.45635122372356757,True,83.32811322131195,14,0,CONVERGENCE: RELATIVE REDUCTION OF F <= FACTR*EPSMCH,3,3,1,0.0,1.8332811322131195e-08,True
351,0.983628917688567,0.03422684246822465,0.5047609303518471,True,-93.39491219556385,11,0,CONVERGENCE: RELATIVE REDUCTION OF F <= FACTR*EPSMCH,3,3,0,0.0,1.9339491219556386e-08,0.7421628851201898,0.035767862261093145,0.4338537188412233,True,75.74901550817356,8,0,CONVERGENCE: RELATIVE REDUCTION OF F <= FACTR*EPSMCH,3,3,0,0.0,1.7574901550817355e-08,True
352,1.0344342646369682,0.021503366060625705,0.5001462900747589,True,-146.75309548590866,11,0,CONVERGENCE: RELATIVE REDUCTION OF F <= FACTR*EPSMCH,3,3,0,0.0,2.4675309548590864e-08,0.9620622399668449,0.03899368918354933,0.46638838767899704,True,86.92747121943012,8,0,CONVERGENCE: RELATIVE REDUCTION OF F <= FACTR*EPSMCH,3,3,0,0.0,1.8692747121943012e-08,True
353,0.9189571612665486,0.0002975877621529133,0.4877896451016292,True,-105.90507826248388,10,0,CONVERGENCE: RELATIVE REDUCTION OF F <= FACTR*EPSMCH,3,3,0,0.0,2.0590507826248387e-08,0.7815932275638439,-0.0018715907609915712,0.4490429203449072,True,105.47964925213509,10,0,CONVERGENCE: RELATIVE REDUCTION OF F <= FACTR*EPSMCH,3,3,2,0.0,2.0547964925213507e-08,True
354,0.9720029325164632,-0.023052521225162242,0.48937049608853256,True,-157.12104912049068,13,0,CONVERGENCE: RELATIVE REDUCTION OF F <= FACTR*EPSMCH,3,3,1,0.0,2.5712104912049068e-08,0.7714811814120535,-0.037321094912656325,0.4400457071716122,True,61.49191562789517,13,0,CONVERGENCE: RELATIVE REDUCTION OF F <= FACTR*EPSMCH,3,3,1,0.0,1.6149191562789518e-08,True
355,0.8822707671115533,-0.024813829804316588,0.5032716794527394,True,-82.99979762666864,12,0,CONVERGENCE: RELATIVE REDUCTION OF F <= FACTR*EPSMCH,3,3,2,0.0,1.8299979762666866e-08,0.8232633767905173,-0.022681431312160105,0.4765886924367982,True,138.04447707418166,13,0,CONVERGENCE: RELATIVE REDUCTION OF F <= FACTR*EPSMCH,3,3,1,0.0,2.3804447707418167e-08,True
356,1.0649510922436993,-0.007020650090469216,0.4872282098332521,True,-156.61096909905632,13,0,CONVERGENCE: RELATIVE REDUCTION OF F <= FACTR*EPSMCH,3,3,1,0.0,2.5661096909905633e-08,0.8297700372689757,0.00822738107627085,0.43048548712788687,True,37.514028326749596,13,0,CONVERGENCE: RELATIVE REDUCTION OF F <= FACTR*EPSMCH,3,3,1,0.0,1.3751402832674959e-08,True
357,0.9713033925997344,-0.003979818464435337,0.4949192146650794,True,-151.67127292037418,10,0,CONVERGENCE: RELATIVE REDUCTION OF F <= FACTR*EPSMCH,3,3,2,0.0,2.516712729203742e-08,0.8314605508669985,-0.009667741433296434,0.46257033499253153,True,92.61577694289484,12,0,CONVERGENCE: RELATIVE REDUCTION OF F <= FACTR*EPSMCH,3,3,2,0.0,1.9261577694289486e-08,True
358,1.1297410304951288,-0.013871543937874346,0.5021731286813365,True,-139.23423702644322,10,0,CONVERGENCE: RELATIVE REDUCTION OF F <= FACTR*EPSMCH,3,3,0,0.0,2.3923423702644324e-08,0.8680555725426126,-0.025398409610984562,0.44631778791796656,True,64.8293785669891,8,0,CONVERGENCE: RELATIVE REDUCTION OF F <= FACTR*EPSMCH,3,3,0,0.0,1.648293785669891e-08,True
359,0.9559148407682352,-0.012138262364316385,0.49838442521068443,True,-92.3209634572139,10,0,CONVERGENCE: RELATIVE REDUCTION OF F <= FACTR*EPSMCH,3,3,0,0.0,1.923209634572139e-08,0.7274494177864947,-0.018749834242185393,0.43988067709411105,True,94.2973380075591,9,0,CONVERGENCE: RELATIVE REDUCTION OF F <= FACTR*EPSMCH,3,3,0,0.0,1.942973380075591e-08,True
360,0.9804684536142935,-0.001958981231796015,0.5044182795131601,True,-95.97590620593127,10,0,CONVERGENCE: RELATIVE REDUCTION OF F <= FACTR*EPSMCH,3,3,0,0.0,1.9597590620593128e-08,0.817697436840918,0.010999491160204294,0.4623288533979938,True,122.45723724971408,11,0,CONVERGENCE: RELATIVE REDUCTION OF F <= FACTR*EPSMCH,3,3,2,0.0,2.224572372497141e-08,True
361,1.1135344137476793,-0.0032561406895535204,0.49835886326954076,True,-148.99928070468732,12,0,CONVERGENCE: RELATIVE REDUCTION OF F <= FACTR*EPSMCH,3,3,1,0.0,2.4899928070468732e-08,0.8802335662309457,0.021739709127540946,0.45157596462995514,True,78.77810156143309,12,0,CONVERGENCE: RELATIVE REDUCTION OF F <= FACTR*EPSMCH,3,3,2,0.0,1.787781015614331e-08,True
362,1.0481025142464964,0.052216211630386755,0.537164024808916,True,-43.3194681877277,10,0,CONVERGENCE: RELATIVE REDUCTION OF F <= FACTR*EPSMCH,3,3,2,0.0,1.433194681877277e-08,0.8993915392834665,0.06498717645886105,0.4832583313978976,True,154.39798386085647,8,0,CONVERGENCE: RELATIVE REDUCTION OF F <= FACTR*EPSMCH,3,3,0,0.0,2.5439798386085648e-08,True
363,0.9643513566970808,0.0007579525452646502,0.5003770384073738,True,-134.2796294072666,10,0,CONVERGENCE: RELATIVE REDUCTION OF F <= FACTR*EPSMCH,3,3,0,0.0,2.342796294072666e-08,0.8551424118464424,-0.0020755828792341485,0.4558475373004818,True,79.70602710043002,10,0,CONVERGENCE: RELATIVE REDUCTION OF F <= FACTR*EPSMCH,3,3,2,0.0,1.7970602710043005e-08,True
364,1.0341784058812769,0.010805336906737973,0.517894899469155,True,-77.20677391529941,12,0,CONVERGENCE: RELATIVE REDUCTION OF F <= FACTR*EPSMCH,3,3,1,0.0,1.7720677391529942e-08,0.8895335871961595,0.007915995037002197,0.4773927765807876,True,132.01679930099223,13,0,CONVERGENCE: RELATIVE REDUCTION OF F <= FACTR*EPSMCH,3,3,2,0.0,2.3201679930099224e-08,True
365,1.0869064052035784,-0.0141996074633374,0.5244399532593258,True,-71.41430403309673,13,0,CONVERGENCE: RELATIVE REDUCTION OF F <= FACTR*EPSMCH,3,3,1,0.0,1.7141430403309675e-08,0.8190916048748033,-0.005019331579361117,0.4539562723546754,True,90.85615571861969,14,0,CONVERGENCE: RELATIVE REDUCTION OF F <= FACTR*EPSMCH,3,3,1,0.0,1.908561557186197e-08,True
366,1.067787003467327,-0.03599944215808698,0.5056523469097296,True,-109.5586797386838,10,0,CONVERGENCE: RELATIVE REDUCTION OF F <= FACTR*EPSMCH,3,3,0,0.0,2.0955867973868382e-08,0.8270906302109978,-0.02769853583527418,0.45108321880569313,True,81.25828462893773,8,0,CONVERGENCE: RELATIVE REDUCTION OF F <= FACTR*EPSMCH,3,3,0,0.0,1.8125828462893776e-08,True
367,1.1952767809749543,0.013699290256146088,0.526917431838371,True,-87.5082469713139,10,0,CONVERGENCE: RELATIVE REDUCTION OF F <= FACTR*EPSMCH,3,3,0,0.0,1.875082469713139e-08,0.9579117751213632,0.015605996939484994,0.4706849631506597,True,105.9818711701679,13,0,CONVERGENCE: RELATIVE REDUCTION OF F <= FACTR*EPSMCH,3,3,2,0.0,2.059818711701679e-08,True
368,1.1076629311212112,0.013479986538137735,0.48995487886467803,True,-159.60852554461928,13,0,CONVERGENCE: NORM OF PROJECTED GRADIENT <= PGTOL,3,3,1,0.0,2.596085255446193e-08,0.8153124332800389,0.020446129076841006,0.42198484784805435,True,7.635356504491416,12,0,CONVERGENCE: RELATIVE REDUCTION OF F <= FACTR*EPSMCH,3,3,2,0.0,1.0763535650449142e-08,True
369,0.8317927868997174,0.011070482101962272,0.47473217586160843,True,-144.66212028751366,11,0,CONVERGENCE: RELATIVE REDUCTION OF F <= FACTR*EPSMCH,3,3,0,0.0,2.4466212028751366e-08,0.6838088543777675,0.008138129139355665,0.42156175487795905,True,54.31999267628488,8,0,CONVERGENCE: RELATIVE REDUCTION OF F <= FACTR*EPSMCH,3,3,0,0.0,1.543199926762849e-08,True
370,1.1159985957839162,0.01182987761153314,0.5235823669793523,True,-103.321424254135,11,0,CONVERGENCE: RELATIVE REDUCTION OF F <= FACTR*EPSMCH,3,3,1,0.0,2.0332142425413502e-08,0.9010918394220899,-0.0020837428612313852,0.45958314562362773,True,83.55742593245277,9,0,CONVERGENCE: RELATIVE REDUCTION OF F <= FACTR*EPSMCH,3,3,0,0.0,1.835574259324528e-08,True
371,1.0928626392424046,-0.023786844638164665,0.5175707796239347,True,-95.99065729454398,13,0,CONVERGENCE: RELATIVE REDUCTION OF F <= FACTR*EPSMCH,3,3,1,0.0,1.9599065729454398e-08,1.022811013508248,-0.008816483619685787,0.49627595227858057,True,129.5713709942271,6,0,CONVERGENCE: RELATIVE REDUCTION OF F <= FACTR*EPSMCH,3,3,0,0.0,2.2957137099422708e-08,True
372,1.0377329540330198,0.03312641494518957,0.4986262028191316,True,-133.49991011147625,10,0,CONVERGENCE: RELATIVE REDUCTION OF F <= FACTR*EPSMCH,3,3,0,0.0,2.3349991011147626e-08,0.8130651981913575,0.027047722381651946,0.44818733452715964,True,77.49941385573274,9,0,CONVERGENCE: RELATIVE REDUCTION OF F <= FACTR*EPSMCH,3,3,0,0.0,1.7749941385573277e-08,True
373,0.9563970404981702,-0.0038005840432819974,0.5131380101627325,True,-98.05176184415437,10,0,CONVERGENCE: RELATIVE REDUCTION OF F <= FACTR*EPSMCH,3,3,0,0.0,1.980517618441544e-08,0.7972007144861674,-0.0017745340565639073,0.47204700233397134,True,121.70314166157914,11,0,CONVERGENCE: RELATIVE REDUCTION OF F <= FACTR*EPSMCH,3,3,2,0.0,2.2170314166157914e-08,True
374,1.065183736409861,0.005270566090155022,0.5077726055363018,True,-143.00604183446336,10,0,CONVERGENCE: RELATIVE REDUCTION OF F <= FACTR*EPSMCH,3,3,0,0.0,2.430060418344634e-08,0.8551040104450537,0.007615555671381937,0.45964661436792875,True,83.8790765923734,8,0,CONVERGENCE: RELATIVE REDUCTION OF F <= FACTR*EPSMCH,3,3,0,0.0,1.8387907659237338e-08,True
375,0.9601342292092176,0.01223405946533063,0.5089082864208623,True,-98.8601190765265,12,0,CONVERGENCE: RELATIVE REDUCTION OF F <= FACTR*EPSMCH,3,3,1,0.0,1.988601190765265e-08,0.7458973965793396,0.018567159577900772,0.4503298982328036,True,92.69567815518725,11,0,CONVERGENCE: RELATIVE REDUCTION OF F <= FACTR*EPSMCH,3,3,2,0.0,1.9269567815518727e-08,True
376,1.1702589280398275,-0.022643195255081384,0.5254082000503641,True,-101.15482672043053,10,0,CONVERGENCE: RELATIVE REDUCTION OF F <= FACTR*EPSMCH,3,3,0,0.0,2.0115482672043054e-08,0.8910700979124048,-0.007620534578657461,0.4617658777071863,True,93.42260229213188,11,0,CONVERGENCE: RELATIVE REDUCTION OF F <= FACTR*EPSMCH,3,3,2,0.0,1.934226022921319e-08,True
377,0.893972897808782,-0.004114814883534702,0.48056869991194556,True,-147.84743882131002,11,0,CONVERGENCE: RELATIVE REDUCTION OF F <= FACTR*EPSMCH,3,3,0,0.0,2.4784743882131002e-08,0.7632676486853764,0.005353451731129117,0.43824015163720237,True,72.10104363924948,8,0,CONVERGENCE: RELATIVE REDUCTION OF F <= FACTR*EPSMCH,3,3,0,0.0,1.721010436392495e-08,True
378,0.9438100277388433,-0.0027296608622950106,0.49562300754523075,True,-127.1906697560697,11,0,CONVERGENCE: RELATIVE REDUCTION OF F <= FACTR*EPSMCH,3,3,2,0.0,2.271906697560697e-08,0.7732161176985259,0.0027908787967245675,0.4441993115109186,True,85.93575728737297,13,0,CONVERGENCE: RELATIVE REDUCTION OF F <= FACTR*EPSMCH,3,3,1,0.0,1.8593575728737296e-08,True
379,0.8569333126713118,-0.012211979528643935,0.47619321494805966,True,-137.19077965384545,13,0,CONVERGENCE: RELATIVE REDUCTION OF F <= FACTR*EPSMCH,3,3,1,0.0,2.3719077965384547e-08,0.7058685233665609,-0.015949235379466277,0.4341781044620801,True,83.50425219287507,5,0,CONVERGENCE: RELATIVE REDUCTION OF F <= FACTR*EPSMCH,3,3,0,0.0,1.8350425219287508e-08,True
380,0.98315805763445,0.005591013593081875,0.4968770062453785,True,-135.4065124286121,10,0,CONVERGENCE: RELATIVE REDUCTION OF F <= FACTR*EPSMCH,3,3,0,0.0,2.354065124286121e-08,0.7922989680421122,-0.004962744882689184,0.4465937235754567,True,86.52513116464601,8,0,CONVERGENCE: RELATIVE REDUCTION OF F <= FACTR*EPSMCH,3,3,0,0.0,1.8652513116464604e-08,True
381,0.9924954221506973,0.00743049519912208,0.4929107899400462,True,-144.1737009288901,11,0,CONVERGENCE: RELATIVE REDUCTION OF F <= FACTR*EPSMCH,3,3,2,0.0,2.4417370092889013e-08,0.8416492376170117,0.0034399473495163634,0.45133221826352254,True,80.82640942440146,13,0,CONVERGENCE: RELATIVE REDUCTION OF F <= FACTR*EPSMCH,3,3,1,0.0,1.8082640942440146e-08,True
382,0.959020788204075,0.03047432942515289,0.48147904128925684,True,-156.7692711511997,10,0,CONVERGENCE: RELATIVE REDUCTION OF F <= FACTR*EPSMCH,3,3,0,0.0,2.567692711511997e-08,0.8540112843856213,0.026462207441433246,0.45634616802383776,True,65.52918652173598,14,0,CONVERGENCE: RELATIVE REDUCTION OF F <= FACTR*EPSMCH,3,3,1,0.0,1.6552918652173596e-08,True
383,1.212066530293549,-0.011201314254246449,0.5183655856783759,True,-126.41434728216281,11,0,CONVERGENCE: RELATIVE REDUCTION OF F <= FACTR*EPSMCH,3,3,2,0.0,2.264143472821628e-08,0.8559721460570575,-0.003340614255952436,0.43523946515568784,True,43.52325547591693,11,0,CONVERGENCE: RELATIVE REDUCTION OF F <= FACTR*EPSMCH,3,3,2,0.0,1.4352325547591694e-08,True
384,1.0658690677320686,-0.020226533542973848,0.5152020797549655,True,-93.80301864761321,13,0,CONVERGENCE: RELATIVE REDUCTION OF F <= FACTR*EPSMCH,3,3,1,0.0,1.9380301864761323e-08,0.7825726127162858,-0.028045417240029392,0.45194733802590525,True,81.81468339483666,12,0,CONVERGENCE: RELATIVE REDUCTION OF F <= FACTR*EPSMCH,3,3,2,0.0,1.8181468339483664e-08,True
385,1.1341703520163218,-0.0073449558700729375,0.5331590644249904,True,-75.89390414907106,10,0,CONVERGENCE: RELATIVE REDUCTION OF F <= FACTR*EPSMCH,3,3,0,0.0,1.7589390414907106e-08,0.8743852541477315,-0.014835384877379423,0.4723601513508295,True,118.40334191034597,8,0,CONVERGENCE: RELATIVE REDUCTION OF F <= FACTR*EPSMCH,3,3,0,0.0,2.18403341910346e-08,True
386,1.1460071276927166,-0.00837290789596153,0.5094086722503107,True,-126.73427110604432,10,0,CONVERGENCE: RELATIVE REDUCTION OF F <= FACTR*EPSMCH,3,3,2,0.0,2.2673427110604432e-08,0.8488341829096809,-0.012058412486382838,0.4523005461625469,True,85.86395936225843,8,0,CONVERGENCE: RELATIVE REDUCTION OF F <= FACTR*EPSMCH,3,3,0,0.0,1.8586395936225843e-08,True
387,0.9865320905520566,0.0014743463624447013,0.5196944415834659,True,-86.8552623059245,10,0,CONVERGENCE: RELATIVE REDUCTION OF F <= FACTR*EPSMCH,3,3,0,0.0,1.868552623059245e-08,0.916653490854222,0.006211390207687425,0.4946383227558135,True,157.2264675617877,13,0,CONVERGENCE: RELATIVE REDUCTION OF F <= FACTR*EPSMCH,3,3,1,0.0,2.5722646756178772e-08,True
388,0.8772331245094646,-0.010661238242608527,0.4838131156765687,True,-147.5366296913342,10,0,CONVERGENCE: RELATIVE REDUCTION OF F <= FACTR*EPSMCH,3,3,0,0.0,2.4753662969133424e-08,0.7618337810249327,-0.018906918410185315,0.4532306464052561,True,89.31807594138502,12,0,CONVERGENCE: RELATIVE REDUCTION OF F <= FACTR*EPSMCH,3,3,2,0.0,1.8931807594138504e-08,True
389,0.8225785164646975,-0.010654609943475071,0.4778114953427131,True,-96.46624110085466,11,0,CONVERGENCE: RELATIVE REDUCTION OF F <= FACTR*EPSMCH,3,3,0,0.0,1.9646624110085467e-08,0.6950423258257533,-0.012107975429223275,0.4383392833564269,True,91.64017033309312,13,0,CONVERGENCE: RELATIVE REDUCTION OF F <= FACTR*EPSMCH,3,3,1,0.0,1.9164017033309313e-08,True
390,0.9722218888531595,0.04470731237733174,0.48871133190990873,True,-138.4011967443035,10,0,CONVERGENCE: RELATIVE REDUCTION OF F <= FACTR*EPSMCH,3,3,0,0.0,2.3840119674430352e-08,0.7568445695079834,0.04476264361059269,0.43643109034638156,True,57.52963983667057,11,0,CONVERGENCE: RELATIVE REDUCTION OF F <= FACTR*EPSMCH,3,3,2,0.0,1.5752963983667058e-08,True
391,0.9164886945069088,-0.0218692774888168,0.48533346038881686,True,-162.64621355387857,11,0,CONVERGENCE: NORM OF PROJECTED GRADIENT <= PGTOL,3,3,0,0.0,2.626462135538786e-08,0.8385744619742608,-0.03453168271077496,0.4614970507048662,True,82.2322821335866,13,0,CONVERGENCE: RELATIVE REDUCTION OF F <= FACTR*EPSMCH,3,3,1,0.0,1.822322821335866e-08,True
392,0.9246809094492369,0.005662575344604477,0.500696691360098,True,-78.34417293047188,13,0,CONVERGENCE: RELATIVE REDUCTION OF F <= FACTR*EPSMCH,3,3,1,0.0,1.783441729304719e-08,0.7902056312279039,0.0039140480472493085,0.4617760113988331,True,133.9895758260417,9,0,CONVERGENCE: RELATIVE REDUCTION OF F <= FACTR*EPSMCH,3,3,0,0.0,2.339895758260417e-08,True
393,0.9148416442415366,0.027128785841801912,0.4874604736052074,True,-129.64090747817013,10,0,CONVERGENCE: RELATIVE REDUCTION OF F <= FACTR*EPSMCH,3,3,0,0.0,2.2964090747817015e-08,0.7020761779691592,0.014340144798943242,0.44066244760649703,True,91.20558030224987,11,0,CONVERGENCE: RELATIVE REDUCTION OF F <= FACTR*EPSMCH,3,3,2,0.0,1.912055803022499e-08,True
394,1.0218080248286043,-0.04572424138990759,0.5138156428803985,True,-75.66747142676824,10,0,CONVERGENCE: RELATIVE REDUCTION OF F <= FACTR*EPSMCH,3,3,0,0.0,1.7566747142676827e-08,0.7659151945424978,-0.04795894335099456,0.44784170067983786,True,87.869314249846,9,0,CONVERGENCE: RELATIVE REDUCTION OF F <= FACTR*EPSMCH,3,3,0,0.0,1.8786931424984603e-08,True
395,0.9147254181407993,-0.020181561373565884,0.47685546481337854,True,-137.71098179711578,13,0,CONVERGENCE: RELATIVE REDUCTION OF F <= FACTR*EPSMCH,3,3,1,0.0,2.377109817971158e-08,0.8335341921212258,-0.02393182615802542,0.4494978778425145,True,84.99885625882897,13,0,CONVERGENCE: RELATIVE REDUCTION OF F <= FACTR*EPSMCH,3,3,1,0.0,1.8499885625882895e-08,True
396,0.9547017237021082,-0.006025125528718686,0.48893589956453515,True,-153.25080757993962,12,0,CONVERGENCE: RELATIVE REDUCTION OF F <= FACTR*EPSMCH,3,3,1,0.0,2.532508075799396e-08,0.7463605264455417,-0.004547042160502145,0.44246309686155105,True,74.05194565837269,13,0,CONVERGENCE: RELATIVE REDUCTION OF F <= FACTR*EPSMCH,3,3,1,0.0,1.740519456583727e-08,True
397,0.8567493076857707,-0.00709829067289576,0.48131753802113186,True,-129.55175529545002,12,0,CONVERGENCE: RELATIVE REDUCTION OF F <= FACTR*EPSMCH,3,3,1,0.0,2.2955175529545003e-08,0.7025950322574249,-0.0025501370995427157,0.4296187628182735,True,62.92544471994685,13,0,CONVERGENCE: RELATIVE REDUCTION OF F <= FACTR*EPSMCH,3,3,1,0.0,1.6292544471994686e-08,True
398,0.9237599766311326,-0.024023586292542747,0.4930973646582431,True,-132.65626881588162,11,0,CONVERGENCE: RELATIVE REDUCTION OF F <= FACTR*EPSMCH,3,3,0,0.0,2.3265626881588164e-08,0.7991835588320743,-0.02148570050345109,0.45159230976717707,True,87.86197722929172,13,0,CONVERGENCE: RELATIVE REDUCTION OF F <= FACTR*EPSMCH,3,3,1,0.0,1.8786197722929174e-08,True
399,1.0324878638501744,0.03239771539679533,0.5232933031143142,True,-87.22470246980832,10,0,CONVERGENCE: RELATIVE REDUCTION OF F <= FACTR*EPSMCH,3,3,0,0.0,1.8722470246980833e-08,0.8395726517488266,0.04144301497422474,0.47414876880234824,True,125.3923134748887,14,0,CONVERGENCE: RELATIVE REDUCTION OF F <= FACTR*EPSMCH,3,3,1,0.0,2.2539231347488873e-08,True
400,0.9258237341457258,0.031198682678667912,0.4975229676115103,True,-125.75571859264798,12,0,CONVERGENCE: RELATIVE REDUCTION OF F <= FACTR*EPSMCH,3,3,1,0.0,2.25755718592648e-08,0.7984778354705698,0.025882612349388177,0.4534374467097179,True,91.87672746388117,9,0,CONVERGENCE: RELATIVE REDUCTION OF F <= FACTR*EPSMCH,3,3,0,0.0,1.9187672746388116e-08,True
401,1.023687051242717,0.008656982923011118,0.5001604824048764,True,-108.66456712971933,12,0,CONVERGENCE: RELATIVE REDUCTION OF F <= FACTR*EPSMCH,3,3,1,0.0,2.0866456712971934e-08,0.9148044781498901,0.00602102631983256,0.47068220894162677,True,104.77656037036938,9,0,CONVERGENCE: RELATIVE REDUCTION OF F <= FACTR*EPSMCH,3,3,0,0.0,2.047765603703694e-08,True
402,0.9739688378542168,-0.05006854332819664,0.501899179055528,True,-119.54776930880391,10,0,CONVERGENCE: RELATIVE REDUCTION OF F <= FACTR*EPSMCH,3,3,0,0.0,2.195477693088039e-08,0.8501795478300472,-0.0524615689491671,0.4584943089089289,True,92.11393416992406,11,0,CONVERGENCE: RELATIVE REDUCTION OF F <= FACTR*EPSMCH,3,3,2,0.0,1.921139341699241e-08,True
403,0.9709488329216166,-0.0073259284042991755,0.5193711606752949,True,-87.51280384410627,10,0,CONVERGENCE: RELATIVE REDUCTION OF F <= FACTR*EPSMCH,3,3,0,0.0,1.8751280384410627e-08,0.8040267639539703,-0.008861303074350896,0.4718673817186327,True,127.860947133796,11,0,CONVERGENCE: RELATIVE REDUCTION OF F <= FACTR*EPSMCH,3,3,2,0.0,2.27860947133796e-08,True
404,0.9164295904375137,-0.020220518090914536,0.5000231845465251,True,-65.61727878685267,10,0,CONVERGENCE: RELATIVE REDUCTION OF F <= FACTR*EPSMCH,3,3,0,0.0,1.6561727878685267e-08,0.7744167225259654,-0.0180417789094496,0.4588553497017071,True,138.14212055756406,9,0,CONVERGENCE: RELATIVE REDUCTION OF F <= FACTR*EPSMCH,3,3,0,0.0,2.3814212055756406e-08,True
405,1.0448374676583039,0.0018040222551487309,0.506145070323993,True,-109.84282708062685,11,0,CONVERGENCE: RELATIVE REDUCTION OF F <= FACTR*EPSMCH,3,3,1,0.0,2.0984282708062685e-08,0.7747627451402628,0.007711580440062411,0.4356690215585998,True,70.54301511845017,8,0,CONVERGENCE: RELATIVE REDUCTION OF F <= FACTR*EPSMCH,3,3,0,0.0,1.7054301511845018e-08,True
406,1.0150163291003573,-0.03701391592291335,0.4889394893539186,True,-169.4341226290971,10,0,CONVERGENCE: RELATIVE REDUCTION OF F <= FACTR*EPSMCH,3,3,0,0.0,2.694341226290971e-08,0.8086077635374613,-0.03740822756644884,0.4352013476743307,True,46.34752407366865,8,0,CONVERGENCE: RELATIVE REDUCTION OF F <= FACTR*EPSMCH,3,3,0,0.0,1.4634752407366866e-08,True
407,1.0117299213220676,0.0019745615708654713,0.4843963718065096,True,-141.1032854987704,10,0,CONVERGENCE: RELATIVE REDUCTION OF F <= FACTR*EPSMCH,3,3,0,0.0,2.411032854987704e-08,0.7878825658121442,-0.00606580327386097,0.4360927799022386,True,59.43893858985977,12,0,CONVERGENCE: RELATIVE REDUCTION OF F <= FACTR*EPSMCH,3,3,2,0.0,1.5943893858985978e-08,True
408,1.0324227186579282,-0.009707827071405281,0.5070938137267041,True,-100.1296722243845,10,0,CONVERGENCE: RELATIVE REDUCTION OF F <= FACTR*EPSMCH,3,3,0,0.0,2.001296722243845e-08,0.7947634376257293,-0.01254026436322902,0.4501953399627047,True,98.56866838226202,11,0,CONVERGENCE: RELATIVE REDUCTION OF F <= FACTR*EPSMCH,3,3,2,0.0,1.98568668382262e-08,True
409,0.9799971039645536,0.007951057895205432,0.4963117960252117,True,-141.48993003908294,11,0,CONVERGENCE: RELATIVE REDUCTION OF F <= FACTR*EPSMCH,3,3,0,0.0,2.4148993003908294e-08,0.8722144883713566,0.02615981485225221,0.4487787198871841,True,55.821648170987274,8,0,CONVERGENCE: RELATIVE REDUCTION OF F <= FACTR*EPSMCH,3,3,0,0.0,1.558216481709873e-08,True
410,0.9840174006145257,-0.03408280123880031,0.4719801157896329,True,-199.3133565815018,12,0,CONVERGENCE: RELATIVE REDUCTION OF F <= FACTR*EPSMCH,3,3,1,0.0,2.993133565815018e-08,0.7515138727406175,-0.03834586240563845,0.4161302331465554,True,10.68143729035393,14,0,CONVERGENCE: RELATIVE REDUCTION OF F <= FACTR*EPSMCH,3,3,1,0.0,1.1068143729035394e-08,True
411,0.9780586834396772,-0.015763183831245756,0.5014751104493061,True,-123.07442937038448,10,0,CONVERGENCE: RELATIVE REDUCTION OF F <= FACTR*EPSMCH,3,3,0,0.0,2.2307442937038448e-08,0.8742958906151695,-0.0018089224768436088,0.4797669287149038,True,128.44825149717428,8,0,CONVERGENCE: RELATIVE REDUCTION OF F <= FACTR*EPSMCH,3,3,0,0.0,2.284482514971743e-08,True
412,0.9885042716683848,0.02528268318541976,0.4911558496851795,True,-168.6289317159036,10,0,CONVERGENCE: RELATIVE REDUCTION OF F <= FACTR*EPSMCH,3,3,0,0.0,2.6862893171590362e-08,0.788802009594376,0.03209620596095432,0.4433514828118612,True,65.42461179398278,12,0,CONVERGENCE: RELATIVE REDUCTION OF F <= FACTR*EPSMCH,3,3,2,0.0,1.6542461179398278e-08,True
413,1.141875674597055,0.0026190296570628977,0.500249203377528,True,-145.89890317422163,10,0,CONVERGENCE: RELATIVE REDUCTION OF F <= FACTR*EPSMCH,3,3,0,0.0,2.4589890317422164e-08,0.8727664515049559,-0.0005820918462516774,0.4392116826475688,True,41.779454094174596,9,0,CONVERGENCE: RELATIVE REDUCTION OF F <= FACTR*EPSMCH,3,3,0,0.0,1.417794540941746e-08,True
414,1.0792770329329868,0.0022650898812829065,0.5373746417991244,True,-46.35137323929422,10,0,CONVERGENCE: RELATIVE REDUCTION OF F <= FACTR*EPSMCH,3,3,0,0.0,1.4635137323929423e-08,0.8901568393663606,0.009342939528802916,0.4880833481057257,True,155.15312314339548,12,0,CONVERGENCE: RELATIVE REDUCTION OF F <= FACTR*EPSMCH,3,3,1,0.0,2.551531231433955e-08,True
415,0.945859504129368,-0.013237904627921952,0.49724049516877267,True,-86.86512070338958,10,0,CONVERGENCE: RELATIVE REDUCTION OF F <= FACTR*EPSMCH,3,3,0,0.0,1.8686512070338956e-08,0.7903830873778992,-0.009449833041855212,0.4520463198495941,True,109.70360605181816,13,0,CONVERGENCE: RELATIVE REDUCTION OF F <= FACTR*EPSMCH,3,3,1,0.0,2.0970360605181818e-08,True
416,0.8426486348817858,0.020143597238682455,0.4929357562566709,True,-103.069002935877,12,0,CONVERGENCE: RELATIVE REDUCTION OF F <= FACTR*EPSMCH,3,3,1,0.0,2.03069002935877e-08,0.7001005753701592,0.019136917555302096,0.4549238221851747,True,109.67216275572964,9,0,CONVERGENCE: RELATIVE REDUCTION OF F <= FACTR*EPSMCH,3,3,0,0.0,2.0967216275572966e-08,True
417,1.1633350045285251,0.0007426586414729924,0.5211892612732112,True,-131.89451591646696,10,0,CONVERGENCE: RELATIVE REDUCTION OF F <= FACTR*EPSMCH,3,3,2,0.0,2.3189451591646695e-08,1.0184624997874263,0.0021744999025290804,0.47556099273274643,True,84.94941398364797,7,0,CONVERGENCE: RELATIVE REDUCTION OF F <= FACTR*EPSMCH,3,3,0,0.0,1.8494941398364795e-08,True
418,0.9458986575782672,0.015475043506582815,0.49225781622208015,True,-102.30072714178304,10,0,CONVERGENCE: RELATIVE REDUCTION OF F <= FACTR*EPSMCH,3,3,0,0.0,2.0230072714178304e-08,0.7780905492749352,0.002911005336234175,0.45047853489262735,True,106.13766149748082,11,0,CONVERGENCE: RELATIVE REDUCTION OF F <= FACTR*EPSMCH,3,3,2,0.0,2.0613766149748083e-08,True
419,1.0413940884937045,0.012840219477042161,0.4923036211232195,True,-123.74723528275186,12,0,CONVERGENCE: RELATIVE REDUCTION OF F <= FACTR*EPSMCH,3,3,1,0.0,2.2374723528275187e-08,0.8488866070067055,0.016051087009776262,0.4449537188104906,True,72.2290702809441,12,0,CONVERGENCE: RELATIVE REDUCTION OF F <= FACTR*EPSMCH,3,3,2,0.0,1.722290702809441e-08,True
420,0.9163551266387592,0.008638554759440177,0.5038907249486199,True,-90.56343072495768,13,0,CONVERGENCE: RELATIVE REDUCTION OF F <= FACTR*EPSMCH,3,3,1,0.0,1.905634307249577e-08,0.7146609072971726,0.012412462493854621,0.4404581655056356,True,91.12623151201683,13,0,CONVERGENCE: RELATIVE REDUCTION OF F <= FACTR*EPSMCH,3,3,1,0.0,1.9112623151201684e-08,True
421,0.9656836685217841,0.014268190524259112,0.481188648506723,True,-157.84468992603024,11,0,CONVERGENCE: RELATIVE REDUCTION OF F <= FACTR*EPSMCH,3,3,0,0.0,2.5784468992603025e-08,0.7125729961065259,0.023307942743104552,0.40878904958591217,True,18.03005810820352,7,0,CONVERGENCE: RELATIVE REDUCTION OF F <= FACTR*EPSMCH,3,2,0,8.526512829121202e-14,1.1803005810820343e-08,True
422,0.9932416274087575,0.006507247567899365,0.4983843615112667,True,-95.73995587397411,11,0,CONVERGENCE: RELATIVE REDUCTION OF F <= FACTR*EPSMCH,3,3,0,0.0,1.9573995587397413e-08,0.9147899622267356,0.016399622471224076,0.4629507034805709,True,96.50245666840836,13,0,CONVERGENCE: RELATIVE REDUCTION OF F <= FACTR*EPSMCH,3,3,1,0.0,1.965024566684084e-08,True
423,0.9549838661530614,-0.009132388429652258,0.495039251464916,True,-94.76820481215069,10,0,CONVERGENCE: RELATIVE REDUCTION OF F <= FACTR*EPSMCH,3,3,0,0.0,1.947682048121507e-08,0.7663928146333369,-0.01827692427285612,0.43738863516053594,True,66.41634832305863,8,0,CONVERGENCE: RELATIVE REDUCTION OF F <= FACTR*EPSMCH,3,3,0,0.0,1.6641634832305864e-08,True
424,1.0757627788944724,0.05751550318347065,0.5220662686449572,True,-100.78549417336258,10,0,CONVERGENCE: RELATIVE REDUCTION OF F <= FACTR*EPSMCH,3,3,2,0.0,2.007854941733626e-08,0.7281157194970908,0.06562577508622403,0.43217721334168757,True,70.87996174640614,13,0,CONVERGENCE: RELATIVE REDUCTION OF F <= FACTR*EPSMCH,3,3,1,0.0,1.7087996174640614e-08,True
425,1.165937060789517,0.008288991467128304,0.5068297784493225,True,-142.0204493405812,10,0,CONVERGENCE: RELATIVE REDUCTION OF F <= FACTR*EPSMCH,3,3,0,0.0,2.420204493405812e-08,0.9046937082575432,0.01487336570837888,0.44850069912083346,True,75.33299302482921,9,0,CONVERGENCE: RELATIVE REDUCTION OF F <= FACTR*EPSMCH,3,3,0,0.0,1.753329930248292e-08,True
426,1.054090896608606,0.02276885829144571,0.5272499811175682,True,-55.93300197429531,12,0,CONVERGENCE: RELATIVE REDUCTION OF F <= FACTR*EPSMCH,3,3,1,0.0,1.5593300197429532e-08,0.914612793900774,0.02304257176761527,0.4902797528791874,True,159.7323742378354,13,0,CONVERGENCE: RELATIVE REDUCTION OF F <= FACTR*EPSMCH,3,3,1,0.0,2.597323742378354e-08,True
427,1.0511636157018662,0.028749253856649153,0.504108523130709,True,-138.11336039668203,10,0,CONVERGENCE: RELATIVE REDUCTION OF F <= FACTR*EPSMCH,3,3,0,0.0,2.3811336039668202e-08,0.7624521101603413,0.004546743896649958,0.4386916408687717,True,69.43638895760674,12,0,CONVERGENCE: RELATIVE REDUCTION OF F <= FACTR*EPSMCH,3,3,2,0.0,1.6943638895760675e-08,True
428,0.8385165796091136,-0.01460008046438452,0.4982348142750127,True,-98.67607803944108,12,0,CONVERGENCE: RELATIVE REDUCTION OF F <= FACTR*EPSMCH,3,3,1,0.0,1.986760780394411e-08,0.6731830799067994,-0.00206892502708232,0.4425137759774486,True,105.55006950884507,11,0,CONVERGENCE: RELATIVE REDUCTION OF F <= FACTR*EPSMCH,3,3,2,0.0,2.055500695088451e-08,True
429,1.0225647442650638,0.007531852768790379,0.5033179375098041,True,-111.25495217945846,10,0,CONVERGENCE: RELATIVE REDUCTION OF F <= FACTR*EPSMCH,3,3,2,0.0,2.1125495217945847e-08,0.8033862004794727,0.011708549864253832,0.43932668458463975,True,63.78112641311053,14,0,CONVERGENCE: RELATIVE REDUCTION OF F <= FACTR*EPSMCH,3,3,1,0.0,1.6378112641311053e-08,True
430,0.9427071522541485,-0.02588724508216536,0.498303541935116,True,-94.49806802437708,10,0,CONVERGENCE: RELATIVE REDUCTION OF F <= FACTR*EPSMCH,3,3,2,0.0,1.9449806802437708e-08,0.7753954413575481,-0.03116796908723614,0.43458096984682165,True,64.40581474826169,8,0,CONVERGENCE: RELATIVE REDUCTION OF F <= FACTR*EPSMCH,3,3,0,0.0,1.644058147482617e-08,True
431,0.9813694730705466,0.005074181983388284,0.49810087510995216,True,-108.50044746840061,10,0,CONVERGENCE: RELATIVE REDUCTION OF F <= FACTR*EPSMCH,3,3,0,0.0,2.085004474684006e-08,0.8338867178413704,-0.005054042680637414,0.4601971050119923,True,96.701784648088,13,0,CONVERGENCE: RELATIVE REDUCTION OF F <= FACTR*EPSMCH,3,3,1,0.0,1.96701784648088e-08,True
432,1.092284816732445,2.8359250568453712e-05,0.5127088303388814,True,-122.9650245840347,11,0,CONVERGENCE: RELATIVE REDUCTION OF F <= FACTR*EPSMCH,3,3,1,0.0,2.229650245840347e-08,0.9492704425113275,-0.01764650983248514,0.4737531937115031,True,97.49887960849048,6,0,CONVERGENCE: RELATIVE REDUCTION OF F <= FACTR*EPSMCH,3,3,0,0.0,1.974988796084905e-08,True
433,0.9932640813615823,0.01779080274124171,0.49322149003068555,True,-138.46564497999003,11,0,CONVERGENCE: RELATIVE REDUCTION OF F <= FACTR*EPSMCH,3,3,0,0.0,2.3846564497999004e-08,0.8700884811272094,0.0212510742107995,0.4563996936295267,True,72.69452660643294,12,0,CONVERGENCE: RELATIVE REDUCTION OF F <= FACTR*EPSMCH,3,3,2,0.0,1.7269452660643293e-08,True
434,0.8816441665961356,0.011810861890436827,0.4781632658018536,True,-160.82998328970535,11,0,CONVERGENCE: RELATIVE REDUCTION OF F <= FACTR*EPSMCH,3,3,2,0.0,2.6082998328970536e-08,0.7605736015435997,0.01103030610856099,0.436838729933182,True,63.868633409734485,13,0,CONVERGENCE: RELATIVE REDUCTION OF F <= FACTR*EPSMCH,3,3,1,0.0,1.638686334097345e-08,True
435,0.9407350230351361,0.0539135199213106,0.501993259181808,True,-72.17169205276373,10,0,CONVERGENCE: RELATIVE REDUCTION OF F <= FACTR*EPSMCH,3,3,0,0.0,1.7217169205276376e-08,0.7911380758802652,0.05201931966842993,0.46533970284387377,True,141.56963111165282,6,0,CONVERGENCE: RELATIVE REDUCTION OF F <= FACTR*EPSMCH,3,3,0,0.0,2.4156963111165283e-08,True
436,0.9648220377797051,-0.019980976700698795,0.5036818769482471,True,-85.42303476682164,10,0,CONVERGENCE: RELATIVE REDUCTION OF F <= FACTR*EPSMCH,3,3,2,0.0,1.8542303476682166e-08,0.8096473237045461,-0.01813494068418281,0.4605836693411331,True,121.00142602969888,11,0,CONVERGENCE: RELATIVE REDUCTION OF F <= FACTR*EPSMCH,3,3,2,0.0,2.2100142602969888e-08,True
437,1.0238825708271206,-0.05817693526914154,0.504475305215935,True,-134.78209631613925,10,0,CONVERGENCE: RELATIVE REDUCTION OF F <= FACTR*EPSMCH,3,3,0,0.0,2.3478209631613924e-08,0.8288015693717343,-0.0571506503947983,0.4578363284436045,True,86.04935471338209,12,0,CONVERGENCE: RELATIVE REDUCTION OF F <= FACTR*EPSMCH,3,3,2,0.0,1.860493547133821e-08,True
438,1.1242698184328161,0.0005925241041564794,0.5009162238230077,True,-124.29008872439303,12,0,CONVERGENCE: RELATIVE REDUCTION OF F <= FACTR*EPSMCH,3,3,1,0.0,2.24290088724393e-08,0.8442675702693058,0.0055601160983961215,0.4347894094412101,True,45.32570341697905,7,0,CONVERGENCE: RELATIVE REDUCTION OF F <= FACTR*EPSMCH,3,3,0,0.0,1.4532570341697906e-08,True
439,0.8902174183206563,0.0117094094619599,0.48397568370594757,True,-124.5867009170926,10,0,CONVERGENCE: RELATIVE REDUCTION OF F <= FACTR*EPSMCH,3,3,0,0.0,2.245867009170926e-08,0.7620507951763823,0.020445356430756366,0.4475374454619659,True,81.24514900525628,13,0,CONVERGENCE: RELATIVE REDUCTION OF F <= FACTR*EPSMCH,3,3,1,0.0,1.8124514900525628e-08,True
440,0.9290552256816277,0.007430223519664181,0.4983489282356194,True,-103.68879772526327,11,0,CONVERGENCE: RELATIVE REDUCTION OF F <= FACTR*EPSMCH,3,3,0,0.0,2.0368879772526328e-08,0.824207595294975,-0.007351958918115662,0.46576362557303025,True,111.77861920390555,10,0,CONVERGENCE: RELATIVE REDUCTION OF F <= FACTR*EPSMCH,3,3,2,0.0,2.1177861920390555e-08,True
441,0.9979128790176703,0.003122873031714246,0.5080007065997784,True,-112.60148829720065,9,0,CONVERGENCE: RELATIVE REDUCTION OF F <= FACTR*EPSMCH,3,3,0,0.0,2.1260148829720064e-08,0.7582036439489397,0.0030438967604177317,0.453571363359523,True,111.34098987572372,14,0,CONVERGENCE: RELATIVE REDUCTION OF F <= FACTR*EPSMCH,3,3,1,0.0,2.1134098987572373e-08,True
442,1.1024192300381046,-0.013793194687691003,0.5202906282349621,True,-112.702727141569,10,0,CONVERGENCE: RELATIVE REDUCTION OF F <= FACTR*EPSMCH,3,3,2,0.0,2.1270272714156902e-08,0.8350512699327417,-0.005765949583871163,0.4556786419519468,True,103.67538733754124,12,0,CONVERGENCE: RELATIVE REDUCTION OF F <= FACTR*EPSMCH,3,3,2,0.0,2.0367538733754125e-08,True
443,1.1890768657419248,0.041488332258854996,0.5140710251615478,True,-124.44595595239467,11,0,CONVERGENCE: RELATIVE REDUCTION OF F <= FACTR*EPSMCH,3,3,1,0.0,2.2444595595239467e-08,0.847989937157563,0.04030394102787673,0.4404589006797079,True,48.48320409551516,8,0,CONVERGENCE: RELATIVE REDUCTION OF F <= FACTR*EPSMCH,3,3,0,0.0,1.4848320409551517e-08,True
444,0.8732155924835108,0.023946671392910214,0.48044067812903946,True,-141.72757132971682,12,0,CONVERGENCE: RELATIVE REDUCTION OF F <= FACTR*EPSMCH,3,3,1,0.0,2.4172757132971685e-08,0.7304955858775349,0.013870654506213609,0.43710688107860685,True,49.72627059325478,12,0,CONVERGENCE: RELATIVE REDUCTION OF F <= FACTR*EPSMCH,3,3,2,0.0,1.4972627059325478e-08,True
445,0.8648876535602976,0.05296411977462479,0.4816130688015817,True,-158.0499850218857,10,0,CONVERGENCE: RELATIVE REDUCTION OF F <= FACTR*EPSMCH,3,3,0,0.0,2.580499850218857e-08,0.7242078905331517,0.07551861133878777,0.4402713260966463,True,74.15125860854468,6,0,CONVERGENCE: RELATIVE REDUCTION OF F <= FACTR*EPSMCH,3,3,0,0.0,1.7415125860854468e-08,True
446,1.1715205296562101,0.025524383406498548,0.5389981793866913,True,-102.43380353945274,10,0,CONVERGENCE: RELATIVE REDUCTION OF F <= FACTR*EPSMCH,3,3,0,0.0,2.0243380353945277e-08,0.857897887883544,0.023218813552459066,0.4694560614455148,True,102.94622120645752,14,0,CONVERGENCE: RELATIVE REDUCTION OF F <= FACTR*EPSMCH,3,3,1,0.0,2.029462212064575e-08,True
447,0.997118855933533,-0.001428461619940865,0.4964784803048984,True,-138.45968125155326,11,0,CONVERGENCE: RELATIVE REDUCTION OF F <= FACTR*EPSMCH,3,3,2,0.0,2.384596812515533e-08,0.7213453548755386,-0.01595302012694304,0.43012278914065066,True,69.30765075142,13,0,CONVERGENCE: RELATIVE REDUCTION OF F <= FACTR*EPSMCH,3,3,1,0.0,1.6930765075142e-08,True
448,1.0900965186349232,0.018922721460574398,0.5175869715656913,True,-79.93669299302577,10,0,CONVERGENCE: RELATIVE REDUCTION OF F <= FACTR*EPSMCH,3,3,0,0.0,1.799366929930258e-08,0.8181704856593771,-0.0009185369256106653,0.44910900572296114,True,97.66894553726578,7,0,CONVERGENCE: RELATIVE REDUCTION OF F <= FACTR*EPSMCH,3,3,0,0.0,1.976689455372658e-08,True
449,0.9969852749175757,-0.04049317958992031,0.4768604036469605,True,-158.23859791722126,12,0,CONVERGENCE: RELATIVE REDUCTION OF F <= FACTR*EPSMCH,3,3,1,0.0,2.5823859791722127e-08,0.7387422318581105,-0.050625301817323845,0.414394356755056,True,14.571761558826978,14,0,CONVERGENCE: RELATIVE REDUCTION OF F <= FACTR*EPSMCH,3,3,1,0.0,1.1457176155882699e-08,True
450,0.970317092148633,-0.01918432943292864,0.4873376022268285,True,-140.3395363763625,13,0,CONVERGENCE: RELATIVE REDUCTION OF F <= FACTR*EPSMCH,3,3,1,0.0,2.4033953637636252e-08,0.7596716787705704,-0.007476711197064127,0.4276518249942314,True,61.333978714153034,14,0,CONVERGENCE: RELATIVE REDUCTION OF F <= FACTR*EPSMCH,3,3,1,0.0,1.6133397871415304e-08,True
451,0.9642062524357201,-0.008305128868839115,0.4842850309953497,True,-139.0977167451362,10,0,CONVERGENCE: RELATIVE REDUCTION OF F <= FACTR*EPSMCH,3,3,0,0.0,2.390977167451362e-08,0.8160783582809431,-0.011394324067119306,0.43931929242957474,True,65.78182817542469,12,0,CONVERGENCE: RELATIVE REDUCTION OF F <= FACTR*EPSMCH,3,3,2,0.0,1.657818281754247e-08,True
452,1.1171881869304854,0.0003163843157277979,0.5132403126618699,True,-121.59704241218125,13,0,CONVERGENCE: RELATIVE REDUCTION OF F <= FACTR*EPSMCH,3,3,1,0.0,2.2159704241218128e-08,0.8820621393268971,0.009397957406118238,0.45718508111101425,True,95.0090290930614,8,0,CONVERGENCE: RELATIVE REDUCTION OF F <= FACTR*EPSMCH,3,3,0,0.0,1.950090290930614e-08,True
453,0.9746197025370282,0.003229983351661357,0.4882895163596997,True,-115.2481670537207,11,0,CONVERGENCE: RELATIVE REDUCTION OF F <= FACTR*EPSMCH,3,3,0,0.0,2.152481670537207e-08,0.7177981517698538,-0.005982795420579452,0.42212220023558183,True,53.462890876969766,13,0,CONVERGENCE: RELATIVE REDUCTION OF F <= FACTR*EPSMCH,3,3,1,0.0,1.5346289087696977e-08,True
454,1.0437512189864986,-0.01624726756553111,0.5034714436866398,True,-137.17926263995145,10,0,CONVERGENCE: RELATIVE REDUCTION OF F <= FACTR*EPSMCH,3,3,0,0.0,2.3717926263995146e-08,0.8173014155444099,-0.03444160108614165,0.44679658903683034,True,76.62265700742256,12,0,CONVERGENCE: RELATIVE REDUCTION OF F <= FACTR*EPSMCH,3,3,2,0.0,1.7662265700742256e-08,True
455,1.1052350105723245,0.004055154677661219,0.5183466351845198,True,-102.74618957505837,10,0,CONVERGENCE: RELATIVE REDUCTION OF F <= FACTR*EPSMCH,3,3,0,0.0,2.0274618957505835e-08,0.9005020213475609,-0.006797477308604753,0.46176885951062346,True,98.13501381724612,7,0,CONVERGENCE: RELATIVE REDUCTION OF F <= FACTR*EPSMCH,3,3,0,0.0,1.9813501381724613e-08,True
456,0.9954485487624929,-0.0008607511879190265,0.5097273822699252,True,-110.0476095867256,10,0,CONVERGENCE: RELATIVE REDUCTION OF F <= FACTR*EPSMCH,3,3,2,0.0,2.1004760958672563e-08,0.7464303653449882,0.0039755956128641155,0.4465179714812638,True,91.89073096004921,11,0,CONVERGENCE: RELATIVE REDUCTION OF F <= FACTR*EPSMCH,3,3,2,0.0,1.9189073096004922e-08,True
457,1.0710501921407916,0.042424846338457535,0.5170067739714025,True,-106.79599809839638,12,0,CONVERGENCE: RELATIVE REDUCTION OF F <= FACTR*EPSMCH,3,3,1,0.0,2.0679599809839636e-08,0.9012457515131608,0.038458499886212916,0.47400277713833877,True,113.99659921569395,8,0,CONVERGENCE: RELATIVE REDUCTION OF F <= FACTR*EPSMCH,3,3,0,0.0,2.1399659921569395e-08,True
458,0.7526170181073221,-0.011612559485369907,0.4573416233926003,True,-161.53616877804834,13,0,CONVERGENCE: RELATIVE REDUCTION OF F <= FACTR*EPSMCH,3,3,1,0.0,2.6153616877804834e-08,0.5957624219238972,0.01370670559290263,0.4233250422122194,True,70.14643606408833,8,0,CONVERGENCE: RELATIVE REDUCTION OF F <= FACTR*EPSMCH,3,3,0,0.0,1.7014643606408833e-08,True
459,1.0674874142618902,0.03159911617861792,0.5117408856443778,True,-125.82953319877484,10,0,CONVERGENCE: RELATIVE REDUCTION OF F <= FACTR*EPSMCH,3,3,0,0.0,2.2582953319877485e-08,0.8314145131421579,0.03669710271180034,0.45727929850988286,True,90.78151873643864,13,0,CONVERGENCE: RELATIVE REDUCTION OF F <= FACTR*EPSMCH,3,3,1,0.0,1.9078151873643863e-08,True
460,0.8703047670369407,-0.014459974995308286,0.5018320128614425,True,-105.27133152816378,12,0,CONVERGENCE: RELATIVE REDUCTION OF F <= FACTR*EPSMCH,3,3,1,0.0,2.052713315281638e-08,0.680113181946405,-0.015336919319921972,0.44629534948281857,True,104.3834788840361,10,0,CONVERGENCE: RELATIVE REDUCTION OF F <= FACTR*EPSMCH,3,3,2,0.0,2.043834788840361e-08,True
461,0.9188554288676999,0.01504880992062942,0.48115937010801046,True,-142.46580991792885,10,0,CONVERGENCE: RELATIVE REDUCTION OF F <= FACTR*EPSMCH,3,3,0,0.0,2.4246580991792887e-08,0.703746992725345,0.018935973009326323,0.42742469511621706,True,65.33750353664914,7,0,CONVERGENCE: RELATIVE REDUCTION OF F <= FACTR*EPSMCH,3,3,0,0.0,1.6533750353664913e-08,True
462,1.0577792638576162,0.024096757962886895,0.4851284198396265,True,-132.6346363134321,12,0,CONVERGENCE: RELATIVE REDUCTION OF F <= FACTR*EPSMCH,3,3,2,0.0,2.3263463631343214e-08,0.8199418732182482,0.040557399420538966,0.4296205867166599,True,58.998873257332335,14,0,CONVERGENCE: RELATIVE REDUCTION OF F <= FACTR*EPSMCH,3,3,1,0.0,1.5899887325733234e-08,True
463,0.9294741630803408,0.015093541484334706,0.4859322433784866,True,-108.49483431156175,10,0,CONVERGENCE: RELATIVE REDUCTION OF F <= FACTR*EPSMCH,3,3,0,0.0,2.0849483431156177e-08,0.8305019210947666,0.01776872320685693,0.4598737402093384,True,117.38525153310884,8,0,CONVERGENCE: RELATIVE REDUCTION OF F <= FACTR*EPSMCH,3,3,0,0.0,2.1738525153310883e-08,True
464,0.9684193063234684,-0.014072191240153388,0.5181427604764514,True,-86.34197587129191,13,0,CONVERGENCE: RELATIVE REDUCTION OF F <= FACTR*EPSMCH,3,3,1,0.0,1.8634197587129192e-08,0.6921214190296345,-0.0174635561688801,0.44024214921627447,True,91.58110607128668,12,0,CONVERGENCE: RELATIVE REDUCTION OF F <= FACTR*EPSMCH,3,3,2,0.0,1.9158110607128666e-08,True
465,1.114537014217146,0.05263896670505312,0.5005915594632951,True,-139.87103633657298,13,0,CONVERGENCE: RELATIVE REDUCTION OF F <= FACTR*EPSMCH,3,3,1,0.0,2.39871036336573e-08,0.8355281091772556,0.05518944072345415,0.4372632996757527,True,44.621602631341176,9,0,CONVERGENCE: RELATIVE REDUCTION OF F <= FACTR*EPSMCH,3,3,0,0.0,1.4462160263134119e-08,True
466,0.9056932537444529,0.03544476957871912,0.4909851921087413,True,-120.10788101124983,12,0,CONVERGENCE: RELATIVE REDUCTION OF F <= FACTR*EPSMCH,3,3,1,0.0,2.2010788101124983e-08,0.7180204546105908,0.05954601378944881,0.4384080205136075,True,85.08734220424896,13,0,CONVERGENCE: RELATIVE REDUCTION OF F <= FACTR*EPSMCH,3,3,1,0.0,1.8508734220424898e-08,True
467,1.0156312336258964,-0.027704333871740205,0.49504971452808577,True,-133.96330102379784,10,0,CONVERGENCE: RELATIVE REDUCTION OF F <= FACTR*EPSMCH,3,3,0,0.0,2.3396330102379786e-08,0.7841902794008114,-0.03112615819077996,0.44384659709139207,True,86.53935181479318,12,0,CONVERGENCE: RELATIVE REDUCTION OF F <= FACTR*EPSMCH,3,3,2,0.0,1.865393518147932e-08,True
468,0.9322286736350082,0.0037086896137165128,0.4989176790942908,True,-112.29089102970283,12,0,CONVERGENCE: RELATIVE REDUCTION OF F <= FACTR*EPSMCH,3,3,1,0.0,2.1229089102970284e-08,0.8027804450905123,-0.0006940671910738714,0.4565724909583714,True,119.18779331280456,13,0,CONVERGENCE: RELATIVE REDUCTION OF F <= FACTR*EPSMCH,3,3,1,0.0,2.1918779331280457e-08,True
469,1.2002322039148283,0.05069013512257523,0.5040444669185499,True,-157.1745956369088,11,0,CONVERGENCE: RELATIVE REDUCTION OF F <= FACTR*EPSMCH,3,3,1,0.0,2.5717459563690883e-08,0.8596471792062896,0.05409165741966515,0.43403618691513696,True,38.7773778210694,11,0,CONVERGENCE: RELATIVE REDUCTION OF F <= FACTR*EPSMCH,3,3,2,0.0,1.3877737782106941e-08,True
470,0.7878062671951784,-0.027170406894816552,0.4692500291510458,True,-127.10469749900507,13,0,CONVERGENCE: RELATIVE REDUCTION OF F <= FACTR*EPSMCH,3,3,1,0.0,2.2710469749900506e-08,0.6370031145282004,-0.014534858016111988,0.42792847584886146,True,78.16914939984758,11,0,CONVERGENCE: RELATIVE REDUCTION OF F <= FACTR*EPSMCH,3,3,2,0.0,1.781691493998476e-08,True
471,1.0352481524518566,0.011739115943293712,0.5035968505060314,True,-111.78994224301385,12,0,CONVERGENCE: RELATIVE REDUCTION OF F <= FACTR*EPSMCH,3,3,1,0.0,2.1178994224301384e-08,0.8021980583521753,0.016160247233828973,0.4473845763489905,True,91.90020942691119,11,0,CONVERGENCE: RELATIVE REDUCTION OF F <= FACTR*EPSMCH,3,3,2,0.0,1.919002094269112e-08,True
472,1.160049872237938,0.004251954067581652,0.5183767017104437,True,-111.76902395175324,10,0,CONVERGENCE: RELATIVE REDUCTION OF F <= FACTR*EPSMCH,3,3,0,0.0,2.1176902395175327e-08,0.9290072053634764,0.010135824345119645,0.4647750713144024,True,99.13080098208188,13,0,CONVERGENCE: RELATIVE REDUCTION OF F <= FACTR*EPSMCH,3,3,2,0.0,1.991308009820819e-08,True
473,0.8266272839854235,-0.008026682468230939,0.4825095799208476,True,-101.46750357372682,10,0,CONVERGENCE: RELATIVE REDUCTION OF F <= FACTR*EPSMCH,3,3,0,0.0,2.0146750357372685e-08,0.6539882695169613,-0.001453607744388934,0.4412224126048782,True,111.90180852105021,12,0,CONVERGENCE: RELATIVE REDUCTION OF F <= FACTR*EPSMCH,3,3,2,0.0,2.119018085210502e-08,True
474,0.9766480520452402,0.0025276505067068256,0.4974209492024281,True,-96.14936771372905,10,0,CONVERGENCE: RELATIVE REDUCTION OF F <= FACTR*EPSMCH,3,3,0,0.0,1.9614936771372907e-08,0.8266604683263961,0.0023558672867866294,0.4521276678415641,True,112.76671658051126,8,0,CONVERGENCE: RELATIVE REDUCTION OF F <= FACTR*EPSMCH,3,3,0,0.0,2.1276671658051126e-08,True
475,1.1011504894245578,0.003894629051329165,0.509789069617994,True,-123.57143553504633,11,0,CONVERGENCE: RELATIVE REDUCTION OF F <= FACTR*EPSMCH,3,3,1,0.0,2.2357143553504633e-08,0.8201556587068317,0.018783325083391183,0.43586008202727017,True,52.66542307008184,14,0,CONVERGENCE: RELATIVE REDUCTION OF F <= FACTR*EPSMCH,3,3,1,0.0,1.5266542307008184e-08,True
476,0.9425991966089751,0.0017683222165390635,0.5098939712416405,True,-97.81471213276743,10,0,CONVERGENCE: RELATIVE REDUCTION OF F <= FACTR*EPSMCH,3,3,0,0.0,1.9781471213276743e-08,0.7984089751990807,-0.009618945553586573,0.46803306519051735,True,113.12565807188061,9,0,CONVERGENCE: RELATIVE REDUCTION OF F <= FACTR*EPSMCH,3,3,0,0.0,2.131256580718806e-08,True
477,1.037773073912865,-0.03181578622773643,0.5030850203149837,True,-129.7443729516784,10,0,CONVERGENCE: RELATIVE REDUCTION OF F <= FACTR*EPSMCH,3,3,2,0.0,2.2974437295167842e-08,0.8084127145858956,-0.03783732733916914,0.44504449751566394,True,55.11561835361169,12,0,CONVERGENCE: RELATIVE REDUCTION OF F <= FACTR*EPSMCH,3,3,2,0.0,1.551156183536117e-08,True
478,1.1466634615962443,0.016904036694357093,0.5139354513191179,True,-110.58138643258096,12,0,CONVERGENCE: RELATIVE REDUCTION OF F <= FACTR*EPSMCH,3,3,1,0.0,2.1058138643258095e-08,0.9419149730822174,0.01090787775560832,0.4588023506728268,True,74.89299886463945,12,0,CONVERGENCE: RELATIVE REDUCTION OF F <= FACTR*EPSMCH,3,3,2,0.0,1.7489299886463944e-08,True
479,1.0934482097508225,0.0464134702765594,0.5184412766738145,True,-108.61109817555297,10,0,CONVERGENCE: RELATIVE REDUCTION OF F <= FACTR*EPSMCH,3,3,0,0.0,2.0861109817555296e-08,0.8205435229430303,0.04049481539691391,0.44798505958858964,True,80.19413346573714,6,0,CONVERGENCE: RELATIVE REDUCTION OF F <= FACTR*EPSMCH,3,3,0,0.0,1.8019413346573715e-08,True
480,0.954163607444739,0.0530954734671421,0.5007374069220689,True,-116.06738825786097,12,0,CONVERGENCE: RELATIVE REDUCTION OF F <= FACTR*EPSMCH,3,3,1,0.0,2.1606738825786097e-08,0.7638282830565453,0.0660064611037483,0.44571111475003655,True,67.92366118960487,8,0,CONVERGENCE: RELATIVE REDUCTION OF F <= FACTR*EPSMCH,3,3,0,0.0,1.6792366118960487e-08,True
481,0.9597486706836899,-0.016661993856457436,0.49032562649724876,True,-126.60314757081576,10,0,CONVERGENCE: RELATIVE REDUCTION OF F <= FACTR*EPSMCH,3,3,2,0.0,2.2660314757081575e-08,0.836833187122599,-0.02663602749812391,0.4539815223970309,True,97.10549922541475,13,0,CONVERGENCE: RELATIVE REDUCTION OF F <= FACTR*EPSMCH,3,3,2,0.0,1.9710549922541476e-08,True
482,0.9660938849558255,-0.036472616571625004,0.48593792553504345,True,-139.81687619423798,11,0,CONVERGENCE: RELATIVE REDUCTION OF F <= FACTR*EPSMCH,3,3,0,0.0,2.3981687619423798e-08,0.8019815419755065,-0.03461592930971239,0.4316257956137984,True,42.110696138318076,14,0,CONVERGENCE: RELATIVE REDUCTION OF F <= FACTR*EPSMCH,3,3,1,0.0,1.4211069613831808e-08,True
483,0.9867423658832605,-0.007430247797613543,0.5053731134697296,True,-89.49296718704878,12,0,CONVERGENCE: RELATIVE REDUCTION OF F <= FACTR*EPSMCH,3,3,1,0.0,1.8949296718704876e-08,0.6986594341585497,0.021410223359275962,0.43897240957165,True,103.86750101368442,13,0,CONVERGENCE: RELATIVE REDUCTION OF F <= FACTR*EPSMCH,3,3,1,0.0,2.0386750101368442e-08,True
484,0.8579825178587971,-0.020929030223080274,0.48527784035058025,True,-120.78977955260103,12,0,CONVERGENCE: RELATIVE REDUCTION OF F <= FACTR*EPSMCH,3,3,1,0.0,2.2078977955260105e-08,0.6839756483429088,-0.028738259952251093,0.4464461147476798,True,101.74713420507207,11,0,CONVERGENCE: RELATIVE REDUCTION OF F <= FACTR*EPSMCH,3,3,2,0.0,2.017471342050721e-08,True
485,0.9288198996324039,0.015521541204408252,0.5012617067437597,True,-91.81701002379947,9,0,CONVERGENCE: RELATIVE REDUCTION OF F <= FACTR*EPSMCH,3,3,0,0.0,1.9181701002379947e-08,0.7899569828127733,0.010709698505749694,0.47347173981310986,True,148.19326318716543,9,0,CONVERGENCE: RELATIVE REDUCTION OF F <= FACTR*EPSMCH,3,3,0,0.0,2.4819326318716545e-08,True
486,1.0287023879291104,-0.026901561395275483,0.5030329654453953,True,-118.93590506224858,10,0,CONVERGENCE: RELATIVE REDUCTION OF F <= FACTR*EPSMCH,3,3,0,0.0,2.189359050622486e-08,0.7723722833618293,-0.03567439900750141,0.44508685234439693,True,80.38970322401151,8,0,CONVERGENCE: RELATIVE REDUCTION OF F <= FACTR*EPSMCH,3,3,0,0.0,1.8038970322401152e-08,True
487,1.1612274230674189,-0.03552912266405941,0.5045781300993099,True,-139.25314737881828,13,0,CONVERGENCE: RELATIVE REDUCTION OF F <= FACTR*EPSMCH,3,3,1,0.0,2.3925314737881828e-08,0.9678891851629455,-0.03885816643268481,0.4735145006911853,True,98.847291273255,12,0,CONVERGENCE: RELATIVE REDUCTION OF F <= FACTR*EPSMCH,3,3,2,0.0,1.98847291273255e-08,True
488,1.1233783468123042,0.023373279889619146,0.5104149522808074,True,-137.73852660068405,10,0,CONVERGENCE: RELATIVE REDUCTION OF F <= FACTR*EPSMCH,3,3,0,0.0,2.3773852660068408e-08,0.7822394339095712,0.002085885108417404,0.4308958141294206,True,43.78211144351154,7,0,CONVERGENCE: RELATIVE REDUCTION OF F <= FACTR*EPSMCH,3,3,0,0.0,1.4378211144351154e-08,True
489,1.0072202503736134,0.01638274304093881,0.49325441729619784,True,-122.06908788015994,10,0,CONVERGENCE: RELATIVE REDUCTION OF F <= FACTR*EPSMCH,3,3,0,0.0,2.2206908788015995e-08,0.7888805317692494,0.006727734268598467,0.44850037146455124,True,91.203806884582,12,0,CONVERGENCE: RELATIVE REDUCTION OF F <= FACTR*EPSMCH,3,3,2,0.0,1.91203806884582e-08,True
490,1.1063677400558853,0.059894949199078076,0.505203431600864,True,-147.32357088477295,12,0,CONVERGENCE: RELATIVE REDUCTION OF F <= FACTR*EPSMCH,3,3,1,0.0,2.4732357088477294e-08,0.9223865045284084,0.0670346272774964,0.4534386210203754,True,57.816008375218196,13,0,CONVERGENCE: RELATIVE REDUCTION OF F <= FACTR*EPSMCH,3,3,1,0.0,1.578160083752182e-08,True
491,1.2131121618008514,0.0024067775639225156,0.5427369376535962,True,-82.28099360150819,9,0,CONVERGENCE: RELATIVE REDUCTION OF F <= FACTR*EPSMCH,3,3,0,0.0,1.8228099360150817e-08,1.010093537772474,0.010295665366599597,0.5014460793127452,True,152.16744519645357,11,0,CONVERGENCE: RELATIVE REDUCTION OF F <= FACTR*EPSMCH,3,3,2,0.0,2.5216744519645357e-08,True
492,1.0459152622912722,0.007693029380443128,0.5027371473834451,True,-138.37709845044105,11,0,CONVERGENCE: RELATIVE REDUCTION OF F <= FACTR*EPSMCH,3,3,2,0.0,2.3837709845044105e-08,0.7526201909024434,-0.019919100800831844,0.4310733519499366,True,46.48638452943849,7,0,CONVERGENCE: RELATIVE REDUCTION OF F <= FACTR*EPSMCH,3,3,0,0.0,1.4648638452943849e-08,True
493,1.1350464386296233,-0.0007325194325840808,0.5051796936254161,True,-120.95140014140566,12,0,CONVERGENCE: RELATIVE REDUCTION OF F <= FACTR*EPSMCH,3,3,1,0.0,2.2095140014140565e-08,0.9381578897013467,0.0008672778928525496,0.4575818188408223,True,92.6904112204106,11,0,CONVERGENCE: RELATIVE REDUCTION OF F <= FACTR*EPSMCH,3,3,2,0.0,1.9269041122041058e-08,True
494,1.067505350316042,0.003075167239111618,0.505994670488405,True,-127.49990751503555,10,0,CONVERGENCE: RELATIVE REDUCTION OF F <= FACTR*EPSMCH,3,3,0,0.0,2.2749990751503554e-08,0.8340931520237153,0.007124498026028476,0.4517113133868948,True,90.53368323523615,11,0,CONVERGENCE: RELATIVE REDUCTION OF F <= FACTR*EPSMCH,3,3,2,0.0,1.9053368323523616e-08,True
495,1.1130857946736459,0.010647529608815494,0.5088674935307662,True,-132.33284693729348,10,0,CONVERGENCE: RELATIVE REDUCTION OF F <= FACTR*EPSMCH,3,3,2,0.0,2.323328469372935e-08,0.8872049572633082,0.002599310327186281,0.4500971095650878,True,51.8818465013307,9,0,CONVERGENCE: RELATIVE REDUCTION OF F <= FACTR*EPSMCH,3,3,0,0.0,1.518818465013307e-08,True
496,1.024109244406274,0.050552358649347574,0.5023775788582495,True,-94.40018074784237,12,0,CONVERGENCE: RELATIVE REDUCTION OF F <= FACTR*EPSMCH,3,3,1,0.0,1.9440018074784238e-08,0.7793154601787861,0.05774292613764758,0.43881121898539294,True,78.42852883790059,8,0,CONVERGENCE: RELATIVE REDUCTION OF F <= FACTR*EPSMCH,3,3,0,0.0,1.7842852883790057e-08,True
497,1.0616688812300916,0.010872628809537438,0.5095798391230446,True,-140.1202419401846,10,0,CONVERGENCE: RELATIVE REDUCTION OF F <= FACTR*EPSMCH,3,3,0,0.0,2.401202419401846e-08,0.8992573140936434,0.01170213721948916,0.4604558427874941,True,79.66088472834686,6,0,CONVERGENCE: RELATIVE REDUCTION OF F <= FACTR*EPSMCH,3,3,0,0.0,1.7966088472834688e-08,True
498,0.9344187572356989,0.02303611177977671,0.5034565049892749,True,-75.44781700023043,10,0,CONVERGENCE: RELATIVE REDUCTION OF F <= FACTR*EPSMCH,3,3,0,0.0,1.7544781700023043e-08,0.7655447561051499,0.017369434169609083,0.45749659192942793,True,122.9577062902421,7,0,CONVERGENCE: RELATIVE REDUCTION OF F <= FACTR*EPSMCH,3,3,0,0.0,2.2295770629024212e-08,True
499,1.0100731963952148,-0.019258767621582955,0.4936754325610401,True,-108.634939653865,10,0,CONVERGENCE: RELATIVE REDUCTION OF F <= FACTR*EPSMCH,3,3,0,0.0,2.08634939653865e-08,0.9114081704840205,-0.02946820642315965,0.4653683348192768,True,112.5732888961482,13,0,CONVERGENCE: RELATIVE REDUCTION OF F <= FACTR*EPSMCH,3,3,2,0.0,2.125732888961482e-08,True
